label,message,label_num,clean_message
ham,This girl does not stay in bed. This girl doesn't need recovery time. Id rather pass out while having fun then be cooped up in bed,0,girl stay bed girl need recovery time id rather pass fun cooped bed
spam,"FREE MESSAGE Activate your 500 FREE Text Messages by replying to this message with the word FREE For terms & conditions, visit www.07781482378.com",1,free message activate free text messages replying message word free terms conditions visit www com
ham,"Helloooo... Wake up..! ""Sweet"" ""morning"" ""welcomes"" ""You"" ""Enjoy"" ""This Day"" ""with full of joy"".. ""GUD MRNG"".",0,helloooo wake sweet morning welcomes enjoy day full joy gud mrng
ham,Those cocksuckers. If it makes you feel better ipads are worthless garbage novelty items and you should feel bad for even wanting one,0,cocksuckers makes feel better ipads worthless garbage novelty items feel bad even wanting one
ham,Well if I'm that desperate I'll just call armand again,0,well desperate call armand
ham,"A famous quote : when you develop the ability to listen to 'anything' unconditionally without losing your temper or self confidence, it means you are ......... 'MARRIED'",0,famous quote develop ability listen anything unconditionally without losing temper self confidence means married
spam,"January Male Sale! Hot Gay chat now cheaper, call 08709222922. National rate from 1.5p/min cheap to 7.8p/min peak! To stop texts call 08712460324 (10p/min)",1,january male sale hot gay chat cheaper call national rate min cheap min peak stop texts call min
ham,I'm in a movie. Call me 4 wat?,0,movie call wat
ham,U come n search tat vid..not finishd..,0,come search tat vid finishd
spam,Ur cash-balance is currently 500 pounds - to maximize ur cash-in now send CASH to 86688 only 150p/msg. CC: 08718720201 PO BOX 114/14 TCR/W1,1,ur cash balance currently pounds maximize ur cash send cash msg cc po box tcr
ham,"Alright we'll bring it to you, see you in like  &lt;#&gt;  mins",0,alright bring see like lt gt mins
ham,"Forgot it takes me 3 years to shower, sorry. Where you at/your phone dead yet?",0,forgot takes years shower sorry phone dead yet
ham,Happy birthday to you....dear.with lots of love.rakhesh NRI,0,happy birthday dear lots love rakhesh nri
ham,Get down in gandhipuram and walk to cross cut road. Right side &lt;#&gt; street road and turn at first right.,0,get gandhipuram walk cross cut road right side lt gt street road turn first right
ham,Hi im having the most relaxing time ever! we have to get up at 7am every day! was the party good the other night? I get home tomorrow at 5ish.,0,hi im relaxing time ever get every day party good night get home tomorrow ish
spam,"YOUR CHANCE TO BE ON A REALITY FANTASY SHOW call now = 08707509020 Just 20p per min NTT Ltd, PO Box 1327 Croydon CR9 5WB 0870 is a national = rate call",1,chance reality fantasy show call per min ntt ltd po box croydon cr wb national rate call
ham,"Are you sure you don't mean ""get here, we made you hold all the weed""",0,sure mean get made hold weed
ham,"Haha awesome, I've been to 4u a couple times. Who all's coming?",0,haha awesome couple times coming
ham,Hi darlin did youPhone me? Im atHome if youwanna chat.,0,hi darlin youphone im athome youwanna chat
ham,Happy New year my dear brother. I really do miss you. Just got your number and decided to send you this text wishing you only happiness. Abiola,0,happy new year dear brother really miss got number decided send text wishing happiness abiola
ham,Hey i've booked the pilates and yoga lesson already... Haha,0,hey booked pilates yoga lesson already haha
ham,Thought we could go out for dinner. I'll treat you! Seem ok?,0,thought could go dinner treat seem ok
ham,So there's a ring that comes with the guys costumes. It's there so they can gift their future yowifes. Hint hint,0,ring comes guys costumes gift future yowifes hint hint
ham,"Sorry, I'll call later",0,sorry call later
ham,Thts wat Wright Brother did to fly..,0,thts wat wright brother fly
ham,"Spoke with uncle john today. He strongly feels that you need to sacrifice to keep me here. He's going to call you. When he does, i beg you to just listen. Dont make any promises or make it clear things are not easy. And i need you to please let us work things out. As long as i keep expecting help, my creativity will be stifled so pls just keep him happy, no promises on your part.",0,spoke uncle john today strongly feels need sacrifice keep going call beg listen dont make promises make clear things easy need please let us work things long keep expecting help creativity stifled pls keep happy promises part
ham,Not..tel software name..,0,tel software name
ham,Lol ok. I'll snatch her purse too.,0,lol ok snatch purse
ham,"'An Amazing Quote'' - ""Sometimes in life its difficult to decide whats wrong!! a lie that brings a smile or the truth that brings a tear....""",0,amazing quote sometimes life difficult decide whats wrong lie brings smile truth brings tear
ham,"Edison has rightly said, ""A fool can ask more questions than a wise man can answer"" Now you know why all of us are speechless during ViVa.. GM,GN,GE,GNT:-)",0,edison rightly said fool ask questions wise man answer know us speechless viva gm gn ge gnt
ham,"LOL .. *grins* .. I'm not babe, but thanks for thinking of me!",0,lol grins babe thanks thinking
ham,"Living is very simple.. Loving is also simple.. Laughing is too simple.. Winning is tooo simple.. But, Being 'SIMPLE' is very difficult...;-) :-)",0,living simple loving also simple laughing simple winning tooo simple simple difficult
spam,You have 1 new message. Please call 08712400200.,1,new message please call
ham,Oops my phone died and I didn't even know. Yeah I like it better.,0,oops phone died even know yeah like better
ham,Doc prescribed me morphine cause the other pain meds aren't enough. Waiting for my mom to bring it. That med should kick in fast so I'm gonna try to be on later,0,doc prescribed morphine cause pain meds enough waiting mom bring med kick fast gon na try later
ham,Okey dokey swashbuckling stuff what oh.,0,okey dokey swashbuckling stuff oh
ham,Pathaya enketa maraikara pa',0,pathaya enketa maraikara pa
ham,Oh ok i didnt know what you meant. Yep i am baby jontin,0,oh ok didnt know meant yep baby jontin
ham,Ugh I don't wanna get out of bed. It's so warm.,0,ugh wan na get bed warm
ham,"I can't, I don't have her number!",0,number
ham,I got a call from a landline number. . . I am asked to come to anna nagar . . . I will go in the afternoon,0,got call landline number asked come anna nagar go afternoon
ham,Feel like trying kadeem again? :V,0,feel like trying kadeem
ham,You have got tallent but you are wasting.,0,got tallent wasting
ham,Cps is causing the outages to conserve energy.,0,cps causing outages conserve energy
ham,All was well until slightly disastrous class this pm with my fav darlings! Hope day off ok. Coffee wld be good as can't stay late tomorrow. Same time + place as always?,0,well slightly disastrous class pm fav darlings hope day ok coffee wld good stay late tomorrow time place always
ham,Good Morning my Dear Shijutta........... Have a great &amp; successful day.,0,good morning dear shijutta great amp successful day
ham,"Sir, i am waiting for your call.",0,sir waiting call
ham,Oh ok no prob..,0,oh ok prob
ham,Its a big difference.  &lt;#&gt;  versus  &lt;#&gt;  every  &lt;#&gt; hrs,0,big difference lt gt versus lt gt every lt gt hrs
ham,Aww that's the first time u said u missed me without asking if I missed u first. You DO love me! :),0,aww first time said missed without asking missed first love
ham,Dear how you. Are you ok?,0,dear ok
ham,Sorry me going home first... Daddy come fetch ü later...,0,sorry going home first daddy come fetch later
ham,How long does it take to get it.,0,long take get
ham,Mm feeling sleepy. today itself i shall get that dear,0,mm feeling sleepy today shall get dear
ham,I cant pick the phone right now. Pls send a message,0,cant pick phone right pls send message
spam,Please call our customer service representative on 0800 169 6031 between 10am-9pm as you have WON a guaranteed £1000 cash or £5000 prize!,1,please call customer service representative pm guaranteed cash prize
ham,Ü bot notes oredi... Cos i juz rem i got...,0,bot notes oredi cos juz rem got
ham, &lt;#&gt;  in mca. But not conform.,0,lt gt mca conform
ham,Sometimes Heart Remembrs someone Very much... Forgets someone soon... Bcoz Heart will not like everyone. But liked ones will be Remembered Everytime... BSLVYL,0,sometimes heart remembrs someone much forgets someone soon bcoz heart like everyone liked ones remembered everytime bslvyl
ham,Can't take any major roles in community outreach. You rock mel,0,take major roles community outreach rock mel
ham,I dont understand your message.,0,dont understand message
ham,Ü collecting ur laptop then going to configure da settings izzit?,0,collecting ur laptop going configure da settings izzit
ham, &lt;DECIMAL&gt; m but its not a common car here so its better to buy from china or asia. Or if i find it less expensive. I.ll holla,0,lt decimal gt common car better buy china asia find less expensive holla
spam,"0A$NETWORKS allow companies to bill for SMS, so they are responsible for their ""suppliers"", just as a shop has to give a guarantee on what they sell. B. G.",1,networks allow companies bill sms responsible suppliers shop give guarantee sell
ham,My birthday is on feb  &lt;#&gt;  da. .,0,birthday feb lt gt da
ham,S s..first time..dhoni rocks...,0,first time dhoni rocks
ham,Id have to check but there's only like 1 bowls worth left,0,id check like bowls worth left
ham,"Daddy, shu shu is looking 4 u... U wan me 2 tell him u're not in singapore or wat?",0,daddy shu shu looking wan tell singapore wat
ham,Are you wet right now?,0,wet right
ham,Wish i were with you now!,0,wish
ham,Babe ! What are you doing ? Where are you ? Who are you talking to ? Do you think of me ? Are you being a good boy? Are you missing me? Do you love me ?,0,babe talking think good boy missing love
ham,Hey i will be late ah... Meet you at 945+,0,hey late ah meet
spam,PRIVATE! Your 2003 Account Statement for shows 800 un-redeemed S.I.M. points. Call 08715203685 Identifier Code:4xx26 Expires 13/10/04,1,private account statement shows un redeemed points call identifier code xx expires
spam,Natalja (25/F) is inviting you to be her friend. Reply YES-440 or NO-440 See her: www.SMS.ac/u/nat27081980 STOP? Send STOP FRND to 62468,1,natalja inviting friend reply yes see www sms ac nat stop send stop frnd
ham,"Sorry man, my stash ran dry last night and I can't pick up more until sunday",0,sorry man stash ran dry last night pick sunday
ham,I think that tantrum's finished so yeah I'll be by at some point,0,think tantrum finished yeah point
ham,Do u noe wat time e place dat sells 4d closes?,0,noe wat time place dat sells closes
ham,Good morning. At the repair shop--the ONLY reason i'm up at this hour.,0,good morning repair shop reason hour
ham,They don't put that stuff on the roads to keep it from getting slippery over there?,0,put stuff roads keep getting slippery
ham,"Hey babe, how's it going ? Did you ever figure out where your going for New Years ?",0,hey babe going ever figure going new years
spam,Camera - You are awarded a SiPix Digital Camera! call 09061221066 fromm landline. Delivery within 28 days.,1,camera awarded sipix digital camera call fromm landline delivery within days
spam,WIN a year supply of CDs 4 a store of ur choice worth £500 & enter our £100 Weekly draw txt MUSIC to 87066 Ts&Cs www.Ldew.com.subs16+1win150ppmx3,1,win year supply cds store ur choice worth enter weekly draw txt music ts cs www ldew com subs win ppmx
ham,Da my birthdate in certificate is in april but real date is today. But dont publish it. I shall give you a special treat if you keep the secret. Any way thanks for the wishes,0,da birthdate certificate april real date today dont publish shall give special treat keep secret way thanks wishes
spam,"HOT LIVE FANTASIES call now 08707509020 Just 20p per min NTT Ltd, PO Box 1327 Croydon CR9 5WB 0870..k",1,hot live fantasies call per min ntt ltd po box croydon cr wb
ham,When i have stuff to sell i.ll tell you,0,stuff sell tell
ham,So wat's da decision?,0,wat da decision
ham,HI DARLIN HOW WAS WORK DID U GET INTO TROUBLE? IJUST TALKED TO YOUR MUM ALL MORNING! I HAD A REALLY GOOD TIME LAST NIGHT IM GOIN OUT SOON BUT CALL ME IF U CAN,0,hi darlin work get trouble ijust talked mum morning really good time last night im goin soon call
ham,Go where n buy? Juz buy when we get there lar.,0,go buy juz buy get lar
ham,Cool. I am  &lt;#&gt;  inches long. hope you like them big!,0,cool lt gt inches long hope like big
ham,I'll talk to the others and probably just come early tomorrow then,0,talk others probably come early tomorrow
ham,I'm going for bath will msg you next  &lt;#&gt;  min..,0,going bath msg next lt gt min
ham,Ok ok take care. I can understand.,0,ok ok take care understand
spam,This is the 2nd time we have tried to contact u. U have won the £1450 prize to claim just call 09053750005 b4 310303. T&Cs/stop SMS 08718725756. 140ppm,1,nd time tried contact prize claim call cs stop sms ppm
spam,"500 New Mobiles from 2004, MUST GO! Txt: NOKIA to No: 89545 & collect yours today!From ONLY £1 www.4-tc.biz 2optout 087187262701.50gbp/mtmsg18 TXTAUCTION",1,new mobiles must go txt nokia collect today www tc biz optout gbp mtmsg txtauction
spam,Here is your discount code RP176781. To stop further messages reply stop. www.regalportfolio.co.uk. Customer Services 08717205546,1,discount code rp stop messages reply stop www regalportfolio co uk customer services
ham,Yeah jay's sort of a fucking retard,0,yeah jay sort fucking retard
ham,Just finished. Missing you plenty,0,finished missing plenty
ham,Dunno dat's wat he told me. Ok lor...,0,dunno dat wat told ok lor
ham,Customer place i will call you.,0,customer place call
ham,Where to get those?,0,get
ham,Was actually sleeping and still might when u call back. So a text is gr8. You rock sis. Will send u a text wen i wake.,0,actually sleeping still might call back text gr rock sis send text wen wake
spam,"For ur chance to win a £250 cash every wk TXT: ACTION to 80608. T's&C's www.movietrivia.tv custcare 08712405022, 1x150p/wk.",1,ur chance win cash every wk txt action www movietrivia tv custcare wk
ham,Okie...,0,okie
spam,we tried to contact you re your response to our offer of a new nokia fone and camcorder hit reply or call 08000930705 for delivery,1,tried contact response offer new nokia fone camcorder hit reply call delivery
ham,You stayin out of trouble stranger!!saw Dave the other day hes sorted now!still with me bloke when u gona get a girl MR!ur mum still Thinks we will get 2GETHA! ,0,stayin trouble stranger saw dave day sorted still bloke gona get girl mr ur mum still thinks get getha
ham,Ha... Both of us doing e same thing. But i got tv 2 watch. U can thk of where 2 go tonight or u already haf smth in mind...,0,ha us thing got tv watch thk go tonight already haf smth mind
ham,Raviyog Peripherals bhayandar east,0,raviyog peripherals bhayandar east
spam,Check Out Choose Your Babe Videos @ sms.shsex.netUN fgkslpoPW fgkslpo,1,check choose babe videos sms shsex netun fgkslpopw fgkslpo
ham,I finished my lunch already. U wake up already?,0,finished lunch already wake already
ham,But i dint slept in afternoon.,0,dint slept afternoon
ham,Ok no prob...,0,ok prob
ham,Yunny... I'm goin to be late,0,yunny goin late
spam,"Urgent! call 09061749602 from Landline. Your complimentary 4* Tenerife Holiday or £10,000 cash await collection SAE T&Cs BOX 528 HP20 1YF 150ppm 18+",1,urgent call landline complimentary tenerife holiday cash await collection sae cs box hp yf ppm
ham,"Nothing, smsing u n xy lor. Sorry lor da guys neva c u in person but they sort of know u lor. So u wan 2 meet them xy ask me 2 bring u along 4 our next meeting.",0,nothing smsing xy lor sorry lor da guys neva person sort know lor wan meet xy ask bring along next meeting
ham,"Hello, my boytoy! I made it home and my constant thought is of you, my love. I hope your having a nice visit but I can't wait till you come home to me ...*kiss*",0,hello boytoy made home constant thought love hope nice visit wait till come home kiss
ham,Yup it's at paragon... I havent decided whether 2 cut yet... Hee...,0,yup paragon havent decided whether cut yet hee
ham,"Hey there! Glad u r better now. I hear u treated urself to a digi cam, is it good? We r off at 9pm. Have a fab new year, c u in coupla wks!",0,hey glad better hear treated urself digi cam good pm fab new year coupla wks
ham,* Thought I didn't see you.,0,thought see
ham,"Today is ""song dedicated day.."" Which song will u dedicate for me? Send this to all ur valuable frnds but first rply me...",0,today song dedicated day song dedicate send ur valuable frnds first rply
spam,"Hi, the SEXYCHAT girls are waiting for you to text them. Text now for a great night chatting. send STOP to stop this service",1,hi sexychat girls waiting text text great night chatting send stop stop service
ham,S:)no competition for him.,0,competition
ham,Great. Have a safe trip. Dont panic surrender all.,0,great safe trip dont panic surrender
ham,Its a part of checking IQ,0,part checking iq
ham,K tell me anything about you.,0,tell anything
ham,"Babe! How goes that day ? What are you up to ? I miss you already, my Love ... * loving kiss* ... I hope everything goes well.",0,babe goes day miss already love loving kiss hope everything goes well
ham,My darling sister. How are you doing. When's school resuming. Is there a minimum wait period before you reapply? Do take care,0,darling sister school resuming minimum wait period reapply take care
ham,Sary just need Tim in the bollox &it hurt him a lot so he tol me!,0,sary need tim bollox hurt lot tol
ham,It vl bcum more difficult..,0,vl bcum difficult
ham,I just made some payments so dont have that much. Sorry. Would you want it fedex or the other way.,0,made payments dont much sorry would want fedex way
ham,Where did u go? My phone is gonna die you have to stay in here,0,go phone gon na die stay
ham,"Hello, As per request from  &lt;#&gt;  Rs.5 has been transfered to you",0,hello per request lt gt rs transfered
ham,I'm serious. You are in the money base,0,serious money base
ham,So can collect ur laptop?,0,collect ur laptop
spam,"Mila, age23, blonde, new in UK. I look sex with UK guys. if u like fun with me. Text MTALK to 69866.18 . 30pp/txt 1st 5free. £1.50 increments. Help08718728876",1,mila age blonde new uk look sex uk guys like fun text mtalk pp txt st free increments help
ham,No:-)i got rumour that you going to buy apartment in chennai:-),0,got rumour going buy apartment chennai
spam,Hard LIVE 121 chat just 60p/min. Choose your girl and connect LIVE. Call 09094646899 now! Cheap Chat UK's biggest live service. VU BCM1896WC1N3XX,1,hard live chat min choose girl connect live call cheap chat uk biggest live service vu bcm wc xx
ham,"Aight, I'm chillin in a friend's room so text me when you're on the way",0,aight chillin friend room text way
ham,Great! I shoot big loads so get ready!,0,great shoot big loads get ready
ham,Where's mummy's boy ? Is he being good or bad ? Is he being positive or negative ? Why is mummy being made to wait? Hmmmm?,0,mummy boy good bad positive negative mummy made wait hmmmm
ham,K. I will sent it again,0,sent
spam,"FreeMsg: Claim ur 250 SMS messages-Text OK to 84025 now!Use web2mobile 2 ur mates etc. Join Txt250.com for 1.50p/wk. T&C BOX139, LA32WU. 16 . Remove txtX or stop",1,freemsg claim ur sms messages text ok use web mobile ur mates etc join txt com wk box la wu remove txtx stop
ham,Anyway i'm going shopping on my own now. Cos my sis not done yet. Dun disturb u liao.,0,anyway going shopping cos sis done yet dun disturb liao
ham,Why do you ask princess?,0,ask princess
ham,K:)k:)what are detail you want to transfer?acc no enough?,0,detail want transfer acc enough
ham,"Alright, we're all set here, text the man",0,alright set text man
ham,Dunno y u ask me.,0,dunno ask
ham,Huh but i cant go 2 ur house empty handed right?,0,huh cant go ur house empty handed right
ham,Tell them u have a headache and just want to use 1 hour of sick time.,0,tell headache want use hour sick time
ham,What Today-sunday..sunday is holiday..so no work..,0,today sunday sunday holiday work
ham,Or ü go buy wif him then i meet ü later can?,0,go buy wif meet later
ham,Ok which your another number,0,ok another number
ham,Ü v ma fan...,0,fan
ham,I place all ur points on e cultures module already.,0,place ur points cultures module already
ham,How long does applebees fucking take,0,long applebees fucking take
ham,You tell what happen dont behave like this to me. Ok no need to say,0,tell happen dont behave like ok need say
ham,Congrats. That's great. I wanted to tell you not to tell me your score cos it might make me relax. But its motivating me so thanks for sharing,0,congrats great wanted tell tell score cos might make relax motivating thanks sharing
ham,I think the other two still need to get cash but we can def be ready by 9,0,think two still need get cash def ready
ham,Ok. How many should i buy.,0,ok many buy
ham,Hey check it da. I have listed da.,0,hey check da listed da
ham,But am going to college pa. What to do. are else ill come there it self. Pa.,0,going college pa else ill come self pa
ham,"Sorry, I can't text &amp; drive coherently, see you in twenty",0,sorry text amp drive coherently see twenty
ham,"Although i told u dat i'm into baig face watches now but i really like e watch u gave cos it's fr u. Thanx 4 everything dat u've done today, i'm touched...",0,although told dat baig face watches really like watch gave cos fr thanx everything dat done today touched
ham,But I'm on a diet. And I ate 1 too many slices of pizza yesterday. Ugh I'm ALWAYS on a diet.,0,diet ate many slices pizza yesterday ugh always diet
ham,tap & spile at seven. * Is that pub on gas st off broad st by canal. Ok?,0,tap spile seven pub gas st broad st canal ok
ham,God created gap btwn ur fingers so dat sum1 vry special will fill those gaps by holding ur hands.. Now plz dont ask y he created so much gap between legs !!!,0,god created gap btwn ur fingers dat sum vry special fill gaps holding ur hands plz dont ask created much gap legs
ham,Nope i'll come online now..,0,nope come online
ham,If u laugh really loud.. If u talk spontaneously.. If u dont care what others feel.. U are probably with your dear &amp; best friends.. GOODEVENING Dear..:),0,laugh really loud talk spontaneously dont care others feel probably dear amp best friends goodevening dear
ham,HI ITS JESS I DONT KNOW IF YOU ARE AT WORK BUT CALL ME WHEN U CAN IM AT HOME ALL EVE. XXX,0,hi jess dont know work call im home eve xxx
ham,Get ready to put on your excellent sub face :),0,get ready put excellent sub face
spam,"New Tones This week include: 1)McFly-All Ab.., 2) Sara Jorge-Shock.. 3) Will Smith-Switch.. To order follow instructions on next message",1,new tones week include mcfly ab sara jorge shock smith switch order follow instructions next message
ham,Sleeping nt feeling well,0,sleeping nt feeling well
ham,2marrow only. Wed at  &lt;#&gt;  to 2 aha.,0,marrow wed lt gt aha
ham,Nooooooo I'm gonna be bored to death all day. Cable and internet outage.,0,nooooooo gon na bored death day cable internet outage
spam,"Eerie Nokia tones 4u, rply TONE TITLE to 8007 eg TONE DRACULA to 8007 Titles: GHOST, ADDAMSFA, MUNSTERS, EXORCIST, TWILIGHT www.getzed.co.uk POBox36504W45WQ 150p",1,eerie nokia tones rply tone title eg tone dracula titles ghost addamsfa munsters exorcist twilight www getzed co uk pobox wq
ham,Yup having my lunch buffet now.. U eat already?,0,yup lunch buffet eat already
ham,What I'm saying is if you haven't explicitly told nora I know someone I'm probably just not gonna bother,0,saying explicitly told nora know someone probably gon na bother
ham,I hate when she does this. She turns what should be a fun shopping trip into an annoying day of how everything would look in her house.,0,hate turns fun shopping trip annoying day everything would look house
ham,Quite ok but a bit ex... U better go eat smth now else i'll feel guilty...,0,quite ok bit ex better go eat smth else feel guilty
ham,Hi ....My engagement has been fixd on  &lt;#&gt; th of next month. I know its really shocking bt....hmm njan vilikkam....t ws al of a sudn;-(.,0,hi engagement fixd lt gt th next month know really shocking bt hmm njan vilikkam ws al sudn
ham,ok....take care.umma to you too...,0,ok take care umma
ham,Watching telugu movie..wat abt u?,0,watching telugu movie wat abt
ham,Yup... I havent been there before... You want to go for the yoga? I can call up to book ,0,yup havent want go yoga call book
ham,No need to ke qi... Ü too bored izzit y suddenly thk of this...,0,need ke qi bored izzit suddenly thk
ham,Well there's not a lot of things happening in Lindsay on New years *sighs* Some bars in Ptbo and the blue heron has something going,0,well lot things happening lindsay new years sighs bars ptbo blue heron something going
ham,"Once a fishrman woke early in d mrng. It was very dark. He waited a while &amp; found a sack ful of stones. He strtd throwin thm in2 d sea 2 pass time. Atlast he had jus 1stone, sun rose up &amp; he found out tht those r nt stones, those were diamonds. Moral:""Dont wake up early in d mrng'' GOOD night",0,fishrman woke early mrng dark waited amp found sack ful stones strtd throwin thm sea pass time atlast jus stone sun rose amp found tht nt stones diamonds moral dont wake early mrng good night
ham,Mm i am on the way to railway,0,mm way railway
ham,"Sorry, I'll call later",0,sorry call later
ham,"Good afternoon, my love. How goes your day ? What are you up to ? I woke early and am online waiting for you ... Hmmm ... Italian boy is online I see . *grins*",0,good afternoon love goes day woke early online waiting hmmm italian boy online see grins
ham,Lol no. I just need to cash in my nitros. Hurry come on before I crash out!,0,lol need cash nitros hurry come crash
ham,Thanks for yesterday sir. You have been wonderful. Hope you enjoyed the burial. MojiBiola,0,thanks yesterday sir wonderful hope enjoyed burial mojibiola
ham,Great. Hope you are using your connections from mode men also cos you can never know why old friends can lead you to today,0,great hope using connections mode men also cos never know old friends lead today
spam,Someonone you know is trying to contact you via our dating service! To find out who it could be call from your mobile or landline 09064015307 BOX334SK38ch ,1,someonone know trying contact via dating service find could call mobile landline box sk ch
ham,No problem with the renewal. I.ll do it right away but i dont know his details.,0,problem renewal right away dont know details
spam,Camera - You are awarded a SiPix Digital Camera! call 09061221066 fromm landline. Delivery within 28 days.,1,camera awarded sipix digital camera call fromm landline delivery within days
ham,"Ya tel, wats ur problem..",0,ya tel wats ur problem
ham,… and don‘t worry we‘ll have finished by march … ish!,0,worry finished march ish
ham,Lol! Oops sorry! Have fun. ,0,lol oops sorry fun
ham,Feel Yourself That You Are Always Happy.. Slowly It Becomes Your Habit &amp; Finally It Becomes Part Of Your Life.. Follow It.. Happy Morning &amp; Have A Happy Day:),0,feel always happy slowly becomes habit amp finally becomes part life follow happy morning amp happy day
ham,I thk 530 lor. But dunno can get tickets a not. Wat u doing now?,0,thk lor dunno get tickets wat
ham,"I feel like a dick because I keep sleeping through your texts and facebook messages. Sup, you in town?",0,feel like dick keep sleeping texts facebook messages sup town
ham,You have to pls make a note of all she.s exposed to. Also find out from her school if anyone else was vomiting. Is there a dog or cat in the house? Let me know later.,0,pls make note exposed also find school anyone else vomiting dog cat house let know later
ham,"Hey babe, sorry i didn't get sooner. Gary can come and fix it cause he thinks he knows what it is but he doesn't go as far a Ptbo and he says it will cost  &lt;#&gt;  bucks. I don't know if it might be cheaper to find someone there ? We don't have any second hand machines at all right now, let me know what you want to do babe",0,hey babe sorry get sooner gary come fix cause thinks knows go far ptbo says cost lt gt bucks know might cheaper find someone second hand machines right let know want babe
ham,K.k.this month kotees birthday know?,0,month kotees birthday know
ham,"Sorry, I'll call later",0,sorry call later
ham,The Xmas story is peace.. The Xmas msg is love.. The Xmas miracle is jesus.. Hav a blessed month ahead &amp; wish U Merry Xmas...,0,xmas story peace xmas msg love xmas miracle jesus hav blessed month ahead amp wish merry xmas
ham,Oh sorry please its over,0,oh sorry please
ham,"Aldrine, rakhesh ex RTM here.pls call.urgent.",0,aldrine rakhesh ex rtm pls call urgent
ham,Havent planning to buy later. I check already lido only got 530 show in e afternoon. U finish work already?,0,havent planning buy later check already lido got show afternoon finish work already
spam,"URGENT. Important information for 02 user. Today is your lucky day! 2 find out why , log onto http://www.urawinner.com there is a fantastic surprise awaiting you !",1,urgent important information user today lucky day find log onto http www urawinner com fantastic surprise awaiting
ham,I notice you like looking in the shit mirror youre turning into a right freak,0,notice like looking shit mirror youre turning right freak
ham,"She said,'' do u mind if I go into the bedroom for a minute ? '' ''OK'', I sed in a sexy mood. She came out 5 minuts latr wid a cake...n My Wife,",0,said mind go bedroom minute ok sed sexy mood came minuts latr wid cake wife
ham,yes baby! I need to stretch open your pussy!,0,yes baby need stretch open pussy
ham,Convey my regards to him,0,convey regards
ham,I dont know ask to my brother. Nothing problem some thing that. Just i told .,0,dont know ask brother nothing problem thing told
ham,"Frnd s not juz a word.....not merely a relationship.....its a silent promise which says ... "" I will be with YOU "" Wherevr.. Whenevr.. Forevr... Gudnyt dear..",0,frnd juz word merely relationship silent promise says wherevr whenevr forevr gudnyt dear
ham,"Rose needs water, season needs change, poet needs imagination..My phone needs ur sms and i need ur lovely frndship forever....",0,rose needs water season needs change poet needs imagination phone needs ur sms need ur lovely frndship forever
ham,"Haven't seen my facebook, huh? Lol!",0,seen facebook huh lol
ham,"Sir, waiting for your letter.",0,sir waiting letter
ham,"Er yeah, i will b there at 15:26, sorry! Just tell me which pub/cafe to sit in and come wen u can",0,er yeah sorry tell pub cafe sit come wen
ham,I'll reach in ard 20 mins ok...,0,reach ard mins ok
ham,As in i want custom officer discount oh.,0,want custom officer discount oh
ham,Ok no prob... I'll come after lunch then...,0,ok prob come lunch
ham,Hi i won't b ard 4 christmas. But do enjoy n merry x'mas.,0,hi ard christmas enjoy merry mas
spam,Dear Subscriber ur draw 4 £100 gift voucher will b entered on receipt of a correct ans. When was Elvis Presleys Birthday? TXT answer to 80062,1,dear subscriber ur draw gift voucher entered receipt correct ans elvis presleys birthday txt answer
ham,Much better now thanks lol,0,much better thanks lol
ham,Can you please send me my aunty's number,0,please send aunty number
ham,I'm also came to room.,0,also came room
ham,How is it possible to teach you. And where.,0,possible teach
ham,Dhoni have luck to win some big title.so we will win:),0,dhoni luck win big title win
ham,Gibbs unsold.mike hussey,0,gibbs unsold mike hussey
ham,Ujhhhhhhh computer shipped out with address to sandiago and parantella lane. Wtf. Poop.,0,ujhhhhhhh computer shipped address sandiago parantella lane wtf poop
ham,See? I thought it all through,0,see thought
ham,dont make ne plans for nxt wknd coz she wants us to come down then ok,0,dont make ne plans nxt wknd coz wants us come ok
ham,I've told you everything will stop. Just dont let her get dehydrated.,0,told everything stop dont let get dehydrated
ham,The new deus ex game comin early next yr,0,new deus ex game comin early next yr
ham,Gud mrng dear hav a nice day,0,gud mrng dear hav nice day
ham,WOT U UP 2 J?,0,wot
ham,Jus came back fr lunch wif my sis only. U leh?,0,jus came back fr lunch wif sis leh
spam,You have won a Nokia 7250i. This is what you get when you win our FREE auction. To take part send Nokia to 86021 now. HG/Suite342/2Lands Row/W1JHL 16+ ,1,nokia get win free auction take part send nokia hg suite lands row jhl
ham,"Now u sound like manky scouse boy steve,like! I is travelling on da bus home.wot has u inmind 4 recreation dis eve?",0,sound like manky scouse boy steve like travelling da bus home wot inmind recreation dis eve
ham,"Well, i'm glad you didn't find it totally disagreeable ... Lol",0,well glad find totally disagreeable lol
ham,Yes I started to send requests to make it but pain came back so I'm back in bed. Double coins at the factory too. I gotta cash in all my nitros.,0,yes started send requests make pain came back back bed double coins factory got ta cash nitros
ham,"Happy or sad , one thing about past is- ""Its no more"" GOOD MORNING :-):-).",0,happy sad one thing past good morning
ham,"Well done, blimey, exercise, yeah, i kinda remember wot that is, hmm. ",0,well done blimey exercise yeah kinda remember wot hmm
ham,Why tired what special there you had,0,tired special
ham,Ok i juz receive..,0,ok juz receive
spam,Call FREEPHONE 0800 542 0578 now!,1,call freephone
ham,Thanx a lot...,0,thanx lot
ham,You said to me before i went back to bed that you can't sleep for anything.,0,said went back bed sleep anything
ham,"Haha yeah, 2 oz is kind of a shitload",0,haha yeah oz kind shitload
ham,Don no da:)whats you plan?,0,da whats plan
spam,"URGENT! Last weekend's draw shows that you have won £1000 cash or a Spanish holiday! CALL NOW 09050000332 to claim. T&C: RSTM, SW7 3SS. 150ppm",1,urgent last weekend draw shows cash spanish holiday call claim rstm sw ss ppm
ham,When u love someone Dont make them to love u as much as u do. But Love them so much that they dont want to be loved by anyone except you... Gud nit.,0,love someone dont make love much love much dont want loved anyone except gud nit
ham,Yes. I come to nyc for audiitions and am trying to relocate.,0,yes come nyc audiitions trying relocate
ham,"Ever green quote ever told by Jerry in cartoon ""A Person Who Irritates u Always Is the one Who Loves u Vry Much But Fails to Express It...!..!! :-) :-) gud nyt",0,ever green quote ever told jerry cartoon person irritates always one loves vry much fails express gud nyt
ham,And you! Will expect you whenever you text! Hope all goes well tomo ,0,expect whenever text hope goes well tomo
ham,How was txting and driving,0,txting driving
ham,I've sent ü my part..,0,sent part
ham,I cant pick the phone right now. Pls send a message,0,cant pick phone right pls send message
ham,Hey are you angry with me. Reply me dr.,0,hey angry reply dr
ham,Cos daddy arranging time c wat time fetch ü mah...,0,cos daddy arranging time wat time fetch mah
ham,Wanna do some art?! :D,0,wan na art
ham,Neshanth..tel me who r u?,0,neshanth tel
ham,"Dear relieved of westonzoyland, all going to plan this end too!",0,dear relieved westonzoyland going plan end
ham,Joy's father is John. Then John is the NAME of Joy's father. Mandan,0,joy father john john name joy father mandan
ham,I'm done oredi...,0,done oredi
spam,PRIVATE! Your 2003 Account Statement for 07808 XXXXXX shows 800 un-redeemed S. I. M. points. Call 08719899217 Identifier Code: 41685 Expires 07/11/04,1,private account statement xxxxxx shows un redeemed points call identifier code expires
ham,Just re read it and I have no shame but tell me how he takes it and if he runs I will blame u 4 ever!! Not really 4 ever just a long time ,0,read shame tell takes runs blame ever really ever long time
ham,Hurry home. Soup is DONE!,0,hurry home soup done
ham,"Babe ! How goes that day ? What are you doing ? Where are you ? I sip my cappuccino and think of you, my love ... I send a kiss to you from across the sea",0,babe goes day sip cappuccino think love send kiss across sea
ham,COME BACK TO TAMPA FFFFUUUUUUU,0,come back tampa ffffuuuuuuu
ham,"Aight I'll grab something to eat too, text me when you're back at mu",0,aight grab something eat text back mu
ham,Watching tv lor...,0,watching tv lor
ham,No need to buy lunch for me.. I eat maggi mee..,0,need buy lunch eat maggi mee
ham,"Fair enough, anything going on?",0,fair enough anything going
spam,"Fantasy Football is back on your TV. Go to Sky Gamestar on Sky Active and play £250k Dream Team. Scoring starts on Saturday, so register now!SKY OPT OUT to 88088",1,fantasy football back tv go sky gamestar sky active play dream team scoring starts saturday register sky opt
ham,Jus finished avatar nigro,0,jus finished avatar nigro
ham,"Uh, heads up we don't have THAT much left",0,uh heads much left
ham,Lol or I could just starve and lose a pound by the end of the day.,0,lol could starve lose pound end day
spam,2p per min to call Germany 08448350055 from your BT line. Just 2p per min. Check PlanetTalkInstant.com for info & T's & C's. Text stop to opt out,1,per min call germany bt line per min check planettalkinstant com info text stop opt
ham,Love you aathi..love u lot..,0,love aathi love lot
ham,Surly ill give it to you:-) while coming to review.,0,surly ill give coming review
ham,Sounds like something that someone testing me would sayy,0,sounds like something someone testing would sayy
spam,We tried to call you re your reply to our sms for a video mobile 750 mins UNLIMITED TEXT + free camcorder Reply of call 08000930705 Now,1,tried call reply sms video mobile mins unlimited text free camcorder reply call
ham,hi baby im sat on the bloody bus at the mo and i wont be home until about 7:30 wanna do somethin later? call me later ortxt back jess xx,0,hi baby im sat bloody bus mo wont home wan na somethin later call later ortxt back jess xx
ham,Gr8. So how do you handle the victoria island traffic. Plus when's the album due,0,gr handle victoria island traffic plus album due
ham,"House-Maid is the murderer, coz the man was murdered on  &lt;#&gt; th January.. As public holiday all govt.instituitions are closed,including post office..",0,house maid murderer coz man murdered lt gt th january public holiday govt instituitions closed including post office
ham,"U need my presnts always bcz U cant mis love. ""jeevithathile irulinae neekunna prakasamanu sneham"" prakasam ennal prabha 'That mns prabha is'LOVE' Got it. Dont mis me....",0,need presnts always bcz cant mis love jeevithathile irulinae neekunna prakasamanu sneham prakasam ennal prabha mns prabha love got dont mis
ham,S.s:)i thinl role is like sachin.just standing. Others have to hit.,0,thinl role like sachin standing others hit
ham,Kaiez... Enjoy ur tuition... Gee... Thk e second option sounds beta... I'll go yan jiu den msg u...,0,kaiez enjoy ur tuition gee thk second option sounds beta go yan jiu den msg
ham,Should I be stalking u?,0,stalking
ham,I thk 50 shd be ok he said plus minus 10.. Did ü leave a line in between paragraphs?,0,thk shd ok said plus minus leave line paragraphs
ham,Nope. I just forgot. Will show next week,0,nope forgot show next week
ham,"SHIT BABE.. THASA BIT MESSED UP.YEH, SHE SHUDVETOLD U. DID URGRAN KNOW?NEWAY, ILLSPEAK 2 U2MORO WEN IM NOT ASLEEP...",0,shit babe thasa bit messed yeh shudvetold urgran know neway illspeak moro wen im asleep
ham,1's finish meeting call me.,0,finish meeting call
ham,I sent them. Do you like?,0,sent like
ham,I think i am disturbing her da,0,think disturbing da
ham,"Hey chief, can you give me a bell when you get this. Need to talk to you about this royal visit on the 1st june. ",0,hey chief give bell get need talk royal visit st june
ham,That's y i said it's bad dat all e gals know u... Wat u doing now?,0,said bad dat gals know wat
ham,Ok i also wan 2 watch e 9 pm show...,0,ok also wan watch pm show
ham,We're done...,0,done
ham,I'm going out to buy mum's present ar.,0,going buy mum present ar
ham,Dai what this da.. Can i send my resume to this id.,0,dai da send resume id
spam,"u r subscribed 2 TEXTCOMP 250 wkly comp. 1st wk?s free question follows, subsequent wks charged@150p/msg.2 unsubscribe txt STOP 2 84128,custcare 08712405020",1,subscribed textcomp wkly comp st wk free question follows subsequent wks charged msg unsubscribe txt stop custcare
ham,;-) ok. I feel like john lennon.,0,ok feel like john lennon
ham,Your dad is back in ph?,0,dad back ph
ham,I love to wine and dine my lady!,0,love wine dine lady
ham,Well keep in mind I've only got enough gas for one more round trip barring a sudden influx of cash,0,well keep mind got enough gas one round trip barring sudden influx cash
ham,I cant pick the phone right now. Pls send a message,0,cant pick phone right pls send message
ham,i thought we were doing a king of the hill thing there.,0,thought king hill thing
ham,"Carlos is down but I have to pick it up from him, so I'll swing by usf in a little bit",0,carlos pick swing usf little bit
ham,Glad it went well :) come over at 11 then we'll have plenty of time before claire goes to work.,0,glad went well come plenty time claire goes work
ham,Thanx 4 sending me home...,0,thanx sending home
ham,He remains a bro amongst bros,0,remains bro amongst bros
ham,"yeah, that's what I was thinking",0,yeah thinking
ham,Thanks chikku..:-) gud nyt:-*,0,thanks chikku gud nyt
ham,"Watching cartoon, listening music &amp; at eve had to go temple &amp; church.. What about u?",0,watching cartoon listening music amp eve go temple amp church
ham,Sos! Any amount i can get pls.,0,sos amount get pls
ham,If I was I wasn't paying attention,0,paying attention
ham,And now electricity just went out fml.,0,electricity went fml
ham,I'm not coming home 4 dinner.,0,coming home dinner
ham,No..few hours before.went to hair cut .,0,hours went hair cut
ham,"Dad wanted to talk about the apartment so I got a late start, omw now",0,dad wanted talk apartment got late start omw
ham,What class of  &lt;#&gt;  reunion?,0,class lt gt reunion
ham,Thanks  and ! Or bomb and date as my phone wanted to say! ,0,thanks bomb date phone wanted say
ham,Still chance there. If you search hard you will get it..let have a try :),0,still chance search hard get let try
ham,Ard 4 lor...,0,ard lor
ham,Hello darlin ive finished college now so txt me when u finish if u can love Kate xxx,0,hello darlin ive finished college txt finish love kate xxx
ham,(You didn't hear it from me),0,hear
ham,Gud mrng dear hav a nice day,0,gud mrng dear hav nice day
ham,I don't want you to leave. But i'm barely doing what i can to stay sane. fighting with you constantly isn't helping.,0,want leave barely stay sane fighting constantly helping
ham,Dun need to use dial up juz open da browser n surf...,0,dun need use dial juz open da browser surf
ham,Carlos says we can pick up from him later so yeah we're set,0,carlos says pick later yeah set
spam,"Congrats! 2 mobile 3G Videophones R yours. call 09063458130 now! videochat wid your mates, play java games, Dload polyPH music, noline rentl.",1,congrats mobile videophones call videochat wid mates play java games dload polyph music noline rentl
ham,"Excellent, I'll see what riley's plans are",0,excellent see riley plans
ham,PISS IS TALKING IS SOMEONE THAT REALISE U THAT POINT THIS AT IS IT.(NOW READ IT BACKWARDS),0,piss talking someone realise point read backwards
ham,"Its so common hearin How r u? Wat r u doing? How was ur day? So let me ask u something different. Did u smile today? If not, do it now.... Gud evng.",0,common hearin wat ur day let ask something different smile today gud evng
ham,Dunno lei he neva say...,0,dunno lei neva say
spam,"Gr8 Poly tones 4 ALL mobs direct 2u rply with POLY TITLE to 8007 eg POLY BREATHE1 Titles: CRAZYIN, SLEEPINGWITH, FINEST, YMCA :getzed.co.uk POBox365O4W45WQ 300p",1,gr poly tones mobs direct rply poly title eg poly breathe titles crazyin sleepingwith finest ymca getzed co uk pobox wq
ham,"How long has it been since you screamed, princess?",0,long since screamed princess
ham,"Oh, i will get paid. The most outstanding one is for a commercial i did for Hasbro...in AUGUST! They made us jump through so many hoops to get paid. Still not.",0,oh get paid outstanding one commercial hasbro august made us jump many hoops get paid still
ham,Can't. I feel nauseous. I'm so pissed. I didn't eat any sweets all week cause today I was planning to pig out. I was dieting all week. And now I'm not hungry :/,0,feel nauseous pissed eat sweets week cause today planning pig dieting week hungry
ham,Yes i thought so. Thanks.,0,yes thought thanks
ham,No problem. Talk to you later,0,problem talk later
ham,Is there a reason we've not spoken this year? Anyways have a great week and all the best in your exam,0,reason spoken year anyways great week best exam
ham,And is there a way you can send shade's stuff to her. And she has been wonderful too.,0,way send shade stuff wonderful
ham,I just really need shit before tomorrow and I know you won't be awake before like 6,0,really need shit tomorrow know awake like
ham,"Aight, I'll text you when I'm back",0,aight text back
spam,Congratulations U can claim 2 VIP row A Tickets 2 C Blu in concert in November or Blu gift guaranteed Call 09061104276 to claim TS&Cs www.smsco.net cost£3.75max ,1,congratulations claim vip row tickets blu concert november blu gift guaranteed call claim ts cs www smsco net cost max
ham,"Hey sweet, I was wondering when you had a moment if you might come to me ? I want to send a file to someone but it won't go over yahoo for them because their connection sucks, remember when you set up that page for me to go to and download the format disc ? Could you tell me how to do that ? Or do you know some other way to download big files ? Because they can download stuff directly from the internet. Any help would be great, my prey ... *teasing kiss*",0,hey sweet wondering moment might come want send file someone go yahoo connection sucks remember set page go download format disc could tell know way download big files download stuff directly internet help would great prey teasing kiss
ham,Thank you. I like you as well...,0,thank like well
ham,I AM AT A PARTY WITH ALEX NICHOLS,0,party alex nichols
ham,Haven't eaten all day. I'm sitting here staring at this juicy pizza and I can't eat it. These meds are ruining my life.,0,eaten day sitting staring juicy pizza eat meds ruining life
ham,"Thanx. Yup we coming back on sun. Finish dinner going back 2 hotel now. Time flies, we're tog 4 exactly a mth today. Hope we'll haf many more mths to come...",0,thanx yup coming back sun finish dinner going back hotel time flies tog exactly mth today hope haf many mths come
spam,You have an important customer service announcement. Call FREEPHONE 0800 542 0825 now!,1,important customer service announcement call freephone
ham,"Me also da, i feel yesterday night  wait til 2day night dear.",0,also da feel yesterday night wait til day night dear
ham,Xy trying smth now. U eat already? We havent...,0,xy trying smth eat already havent
ham,"Sorry I missed you babe. I was up late and slept in. I hope you enjoy your driving lesson, boytoy. I miss you too ... *teasing kiss*",0,sorry missed babe late slept hope enjoy driving lesson boytoy miss teasing kiss
ham,"Do you know why god created gap between your fingers..? So that, One who is made for you comes &amp; fills those gaps by holding your hand with LOVE..!",0,know god created gap fingers one made comes amp fills gaps holding hand love
ham,"She said,'' do u mind if I go into the bedroom for a minute ? '' ''OK'', I sed in a sexy mood. She came out 5 minuts latr wid a cake...n My Wife,",0,said mind go bedroom minute ok sed sexy mood came minuts latr wid cake wife
ham,Then why you not responding,0,responding
ham,Hey gals.. Anyone of u going down to e driving centre tmr?,0,hey gals anyone going driving centre tmr
ham,I borrow ur bag ok.,0,borrow ur bag ok
spam,We tried to call you re your reply to our sms for a video mobile 750 mins UNLIMITED TEXT free camcorder Reply or call now 08000930705 Del Thurs,1,tried call reply sms video mobile mins unlimited text free camcorder reply call del thurs
ham,I cant pick the phone right now. Pls send a message,0,cant pick phone right pls send message
ham,"'Wnevr i wana fal in luv vth my books, My bed fals in luv vth me..!'' . Yen madodu, nav pretsorginta, nammanna pretsovru important alwa....!!:) Gud eveB-).",0,wnevr wana fal luv vth books bed fals luv vth yen madodu nav pretsorginta nammanna pretsovru important alwa gud eveb
ham,I don't think he has spatula hands!,0,think spatula hands
ham,Ok thanx...,0,ok thanx
ham,Ok i found dis pierre cardin one which looks normal costs 20 its on sale.,0,ok found dis pierre cardin one looks normal costs sale
ham,Hahaha..use your brain dear,0,hahaha use brain dear
ham,Love you aathi..love u lot..,0,love aathi love lot
ham,Sad story of a Man - Last week was my b'day. My Wife did'nt wish me. My Parents forgot n so did my Kids . I went to work. Even my Colleagues did not wish.,0,sad story man last week day wife nt wish parents forgot kids went work even colleagues wish
ham,If anyone calls for a treadmill say you'll buy it. Make sure its working. I found an ad on Craigslist selling for $ &lt;#&gt; .,0,anyone calls treadmill say buy make sure working found ad craigslist selling lt gt
ham,We still on for tonight?,0,still tonight
spam,URGENT! We are trying to contact U Todays draw shows that you have won a £800 prize GUARANTEED. Call 09050000460 from land line. Claim J89. po box245c2150pm,1,urgent trying contact todays draw shows prize guaranteed call land line claim po box pm
ham,Is it your yahoo boys that bring in the perf? Or legal.,0,yahoo boys bring perf legal
ham,This pay is  &lt;DECIMAL&gt;  lakhs:),0,pay lt decimal gt lakhs
ham,Honestly i've just made a lovely cup of tea and promptly dropped my keys in it and then burnt my fingers getting them out!,0,honestly made lovely cup tea promptly dropped keys burnt fingers getting
ham,Hey do you want anything to buy:),0,hey want anything buy
ham,Nt joking seriously i told,0,nt joking seriously told
ham,"Awesome, think we can get an 8th at usf some time tonight?",0,awesome think get th usf time tonight
ham,This pain couldn't have come at a worse time.,0,pain come worse time
ham,Sindu got job in birla soft ..,0,sindu got job birla soft
ham,"I can probably come by, everybody's done around  &lt;#&gt;  right?",0,probably come everybody done around lt gt right
spam,dating:i have had two of these. Only started after i sent a text to talk sport radio last week. Any connection do you think or coincidence?,1,dating two started sent text talk sport radio last week connection think coincidence
ham,Ok. I.ll do you right later.,0,ok right later
ham,I will reach ur home in  &lt;#&gt;  minutes,0,reach ur home lt gt minutes
ham,If you ask her or she say any please message.,0,ask say please message
ham,You do what all you like,0,like
ham,Ok i'm coming home now.,0,ok coming home
ham,Good Morning my Dear........... Have a great &amp; successful day.,0,good morning dear great amp successful day
ham,"Enjoy the showers of possessiveness poured on u by ur loved ones, bcoz in this world of lies, it is a golden gift to be loved truly..",0,enjoy showers possessiveness poured ur loved ones bcoz world lies golden gift loved truly
ham,"Im sorry bout last nite it wasnt ur fault it was me, spouse it was pmt or sumthin! U 4give me? I think u shldxxxx",0,im sorry bout last nite ur fault spouse pmt sumthin give think shldxxxx
spam,Had your mobile 10 mths? Update to latest Orange camera/video phones for FREE. Save £s with Free texts/weekend calls. Text YES for a callback orno to opt out,1,mobile mths update latest orange camera video phones free save free texts weekend calls text yes callback orno opt
ham,"Urgh, coach hot, smells of chip fat! Thanks again, especially for the duvet (not a predictive text word).",0,urgh coach hot smells chip fat thanks especially duvet predictive text word
ham,Do ü noe if ben is going?,0,noe ben going
ham,"Uncle G, just checking up on you. Do have a rewarding month",0,uncle checking rewarding month
ham,Boooo you always work. Just quit.,0,boooo always work quit
ham,"My friend just got here and says he's upping his order by a few grams (he's got $ &lt;#&gt; ), when can you get here?",0,friend got says upping order grams got lt gt get
ham,Do you know where my lab goggles went,0,know lab goggles went
ham,Wow didn't think it was that common. I take it all back ur not a freak! Unless u chop it off:-),0,wow think common take back ur freak unless chop
ham,"Response is one of d powerful weapon 2 occupy a place in others 'HEART'... So, always give response 2 who cares 4 U""... Gud night..swt dreams..take care",0,response one powerful weapon occupy place others heart always give response cares gud night swt dreams take care
ham,Then we wait 4 u lor... No need 2 feel bad lar...,0,wait lor need feel bad lar
ham,Can you call me plz. Your number shows out of coveragd area. I have urgnt call in vasai &amp; have to reach before 4'o clock so call me plz,0,call plz number shows coveragd area urgnt call vasai amp reach clock call plz
spam,<Forwarded from 448712404000>Please CALL 08712404000 immediately as there is an urgent message waiting for you.,1,forwarded please call immediately urgent message waiting
ham,Reckon need to be in town by eightish to walk from * carpark.,0,reckon need town eightish walk carpark
spam,Free Msg: Ringtone!From: http://tms. widelive.com/index. wml?id=1b6a5ecef91ff9*37819&first=true18:0430-JUL-05,1,free msg ringtone http tms widelive com index wml id ecef ff first true jul
ham,Jordan got voted out last nite!,0,jordan got voted last nite
ham,"We are at grandmas. Oh dear, u still ill? I felt Shit this morning but i think i am just hungover! Another night then. We leave on sat.",0,grandmas oh dear still ill felt shit morning think hungover another night leave sat
ham,Ü come lt 25 n pass to me lar,0,come lt pass lar
ham,26th OF JULY,0,th july
ham,"Remember all those whom i hurt during days of satanic imposter in me.need to pay a price,so be it.may destiny keep me going and as u said pray that i get the mind to get over the same.",0,remember hurt days satanic imposter need pay price may destiny keep going said pray get mind get
ham,Yup... Hey then one day on fri we can ask miwa and jiayin take leave go karaoke ,0,yup hey one day fri ask miwa jiayin take leave go karaoke
ham,Aiyar dun disturb u liao... Thk u have lots 2 do aft ur cupboard come...,0,aiyar dun disturb liao thk lots aft ur cupboard come
ham,Yeah confirmed for you staying at  that weekend,0,yeah confirmed staying weekend
ham,"Didn't try, g and I decided not to head out",0,try decided head
spam,SplashMobile: Choose from 1000s of gr8 tones each wk! This is a subscrition service with weekly tones costing 300p. U have one credit - kick back and ENJOY,1,splashmobile choose gr tones wk subscrition service weekly tones costing one credit kick back enjoy
ham,I told her I had a Dr appt next week. She thinks I'm gonna die. I told her its just a check. Nothing to be worried about. But she didn't listen.,0,told dr appt next week thinks gon na die told check nothing worried listen
ham,I absolutely LOVE South Park! I only recently started watching the office.,0,absolutely love south park recently started watching office
ham,No. I dont want to hear anything,0,dont want hear anything
ham,And how's your husband.,0,husband
ham,In work now. Going have in few min.,0,work going min
ham,Fwiw the reason I'm only around when it's time to smoke is that because of gas I can only afford to be around when someone tells me to be and that apparently only happens when somebody wants to light up,0,fwiw reason around time smoke gas afford around someone tells apparently happens somebody wants light
ham,Shall i come to get pickle,0,shall come get pickle
ham,"Oh, the grand is having a bit of a party but it doesn't mention any cover charge so it's probably first come first served",0,oh grand bit party mention cover charge probably first come first served
ham,"I'm back &amp; we're packing the car now, I'll let you know if there's room",0,back amp packing car let know room
spam,Do you want a new video handset? 750 anytime any network mins? Half Price Line Rental? Camcorder? Reply or call 08000930705 for delivery tomorrow,1,want new video handset anytime network mins half price line rental camcorder reply call delivery tomorrow
ham,Are you willing to go for apps class.,0,willing go apps class
ham,Is there any movie theatre i can go to and watch unlimited movies and just pay once?,0,movie theatre go watch unlimited movies pay
ham,Hi da:)how is the todays class?,0,hi da todays class
ham,You need to get up. Now.,0,need get
ham,Went to pay rent. So i had to go to the bank to authorise the payment.,0,went pay rent go bank authorise payment
ham,U studying in sch or going home? Anyway i'll b going 2 sch later.,0,studying sch going home anyway going sch later
ham,"Motivate Behind every darkness, there is a shining light waiting for you to find it... Behind every best friend, there is always trust and love... BSLVYL",0,motivate behind every darkness shining light waiting find behind every best friend always trust love bslvyl
ham,"Honeybee Said: *I'm d Sweetest in d World* God Laughed &amp; Said: *Wait,U Havnt Met d Person Reading This Msg* MORAL: Even GOD Can Crack Jokes! GM+GN+GE+GN:)",0,honeybee said sweetest world god laughed amp said wait havnt met person reading msg moral even god crack jokes gm gn ge gn
ham,Where in abj are you serving. Are you staying with dad or alone.,0,abj serving staying dad alone
spam,"As a valued customer, I am pleased to advise you that following recent review of your Mob No. you are awarded with a £1500 Bonus Prize, call 09066368470",1,valued customer pleased advise following recent review mob awarded bonus prize call
ham,If he started searching he will get job in few days.he have great potential and talent.,0,started searching get job days great potential talent
ham,Hi dear we saw dear. We both are happy. Where you my battery is low,0,hi dear saw dear happy battery low
ham,Wake me up at  &lt;#&gt;  am morning:),0,wake lt gt morning
ham,Re your call; You didn't see my facebook huh?,0,call see facebook huh
ham,Hello my little party animal! I just thought I'd buzz you as you were with your friends ...*grins*... Reminding you were loved and send a naughty adoring kiss,0,hello little party animal thought buzz friends grins reminding loved send naughty adoring kiss
ham,Ü only send me the contents page...,0,send contents page
ham,God bless.get good sleep my dear...i will pray!,0,god bless get good sleep dear pray
spam,YOU HAVE WON! As a valued Vodafone customer our computer has picked YOU to win a £150 prize. To collect is easy. Just call 09061743386 ,1,valued vodafone customer computer picked win prize collect easy call
ham,Well you told others you'd marry them...,0,well told others marry
ham,Come by our room at some point so we can iron out the plan for this weekend,0,come room point iron plan weekend
ham,Would really appreciate if you call me. Just need someone to talk to.,0,would really appreciate call need someone talk
spam,"URGENT! Your Mobile No. was awarded £2000 Bonus Caller Prize on 5/9/03 This is our final try to contact U! Call from Landline 09064019788 BOX42WR29C, 150PPM",1,urgent mobile awarded bonus caller prize final try contact call landline box wr ppm
ham,"Sorry, I'll call later",0,sorry call later
ham,I asked you to call him now ok,0,asked call ok
ham,"Japanese Proverb: If one Can do it, U too Can do it, If none Can do it,U must do it Indian version: If one Can do it, LET HIM DO it.. If none Can do it,LEAVE it!! And finally Kerala version: If one can do it, Stop him doing it.. If none can do it, Make a strike against it ...",0,japanese proverb one none must indian version one let none leave finally kerala version one stop none make strike
ham,I have a sore throat. It's scratches when I talk,0,sore throat scratches talk
ham,Yo come over carlos will be here soon,0,yo come carlos soon
ham,Ok lar... Joking wif u oni...,0,ok lar joking wif oni
ham,I'm e person who's doing e sms survey...,0,person sms survey
ham,Have you not finished work yet or something?,0,finished work yet something
ham,The guy did some bitching but I acted like i'd be interested in buying something else next week and he gave it to us for free,0,guy bitching acted like interested buying something else next week gave us free
ham,Lol enjoy role playing much?,0,lol enjoy role playing much
ham,Purity of friendship between two is not about smiling after reading the forwarded message..Its about smiling just by seeing the name. Gud evng musthu,0,purity friendship two smiling reading forwarded message smiling seeing name gud evng musthu
spam,"For ur chance to win a £250 wkly shopping spree TXT: SHOP to 80878. T's&C's www.txt-2-shop.com custcare 08715705022, 1x150p/wk",1,ur chance win wkly shopping spree txt shop www txt shop com custcare wk
ham,Yes:)here tv is always available in work place..,0,yes tv always available work place
ham,"Sorry da thangam, very very sorry i am held up with prasad.",0,sorry da thangam sorry held prasad
ham,Company is very good.environment is terrific and food is really nice:),0,company good environment terrific food really nice
ham,"Haha, that was the first person I was gonna ask",0,haha first person gon na ask
ham,Of cos can lar i'm not so ba dao ok... 1 pm lor... Y u never ask where we go ah... I said u would ask on fri but he said u will ask today...,0,cos lar ba dao ok pm lor never ask go ah said would ask fri said ask today
ham,Gettin rdy to ship comp,0,gettin rdy ship comp
ham,Okay but i thought you were the expert,0,okay thought expert
ham,Hi! You just spoke to MANEESHA V. We'd like to know if you were satisfied with the experience. Reply Toll Free with Yes or No.,0,hi spoke maneesha like know satisfied experience reply toll free yes
ham,U buy newspapers already?,0,buy newspapers already
ham,What you did in  leave.,0,leave
ham,"Hurry up, I've been weed-deficient for like three days",0,hurry weed deficient like three days
spam,2/2 146tf150p,1,tf
ham,No. Thank you. You've been wonderful,0,thank wonderful
ham,Wat happened to the cruise thing,0,wat happened cruise thing
ham,Your board is working fine. The issue of overheating is also reslove. But still software inst is pending. I will come around 8'o clock.,0,board working fine issue overheating also reslove still software inst pending come around clock
ham,Please reserve ticket on saturday eve from chennai to thirunelvali and again from tirunelvali to chennai on sunday eve...i already see in net..no ticket available..i want to book ticket through tackle ..,0,please reserve ticket saturday eve chennai thirunelvali tirunelvali chennai sunday eve already see net ticket available want book ticket tackle
ham,I'm so in love with you. I'm excited each day i spend with you. You make me so happy.,0,love excited day spend make happy
ham,Prabha..i'm soryda..realy..frm heart i'm sory,0,prabha soryda realy frm heart sory
ham,Yo theres no class tmrw right?,0,yo theres class tmrw right
ham,"Edison has rightly said, ""A fool can ask more questions than a wise man can answer"" Now you know why all of us are speechless during ViVa.. GM,GN,GE,GNT:-)",0,edison rightly said fool ask questions wise man answer know us speechless viva gm gn ge gnt
ham,Joy's father is John. Then John is the ____ of Joy's father. If u ans ths you hav  &lt;#&gt;  IQ. Tis s IAS question try to answer.,0,joy father john john joy father ans ths hav lt gt iq tis ias question try answer
ham,U wan 2 haf lunch i'm in da canteen now.,0,wan haf lunch da canteen
ham,Compliments to you. Was away from the system. How your side.,0,compliments away system side
ham,Ok i msg u b4 i leave my house.,0,ok msg leave house
ham,K sure am in my relatives home. Sms me de. Pls:-),0,sure relatives home sms de pls
ham,Hi..i got the money da:),0,hi got money da
ham,I'll text now! All creepy like so he won't think that we forgot,0,text creepy like think forgot
spam,Sorry! U can not unsubscribe yet. THE MOB offer package has a min term of 54 weeks> pls resubmit request after expiry. Reply THEMOB HELP 4 more info,1,sorry unsubscribe yet mob offer package min term weeks pls resubmit request expiry reply themob help info
spam,Married local women looking for discreet action now! 5 real matches instantly to your phone. Text MATCH to 69969 Msg cost 150p 2 stop txt stop BCMSFWC1N3XX,1,married local women looking discreet action real matches instantly phone text match msg cost stop txt stop bcmsfwc xx
ham,Ü wait 4 me in sch i finish ard 5..,0,wait sch finish ard
ham,We not leaving yet. Ok lor then we go elsewhere n eat. U thk...,0,leaving yet ok lor go elsewhere eat thk
ham,Havent still waitin as usual... Ü come back sch oredi?,0,havent still waitin usual come back sch oredi
ham,Finish liao... U?,0,finish liao
ham,Play w computer? Aiyah i tok 2 u lor?,0,play computer aiyah tok lor
spam,Do you want a new Video phone? 600 anytime any network mins 400 Inclusive Video calls AND downloads 5 per week Free delTOMORROW call 08002888812 or reply NOW,1,want new video phone anytime network mins inclusive video calls downloads per week free deltomorrow call reply
ham,Not yet. Just i'd like to keep in touch and it will be the easiest way to do that from barcelona. By the way how ru and how is the house?,0,yet like keep touch easiest way barcelona way ru house
ham,Dont put your phone on silent mode ok,0,dont put phone silent mode ok
spam,Filthy stories and GIRLS waiting for your,1,filthy stories girls waiting
ham,Don know. I did't msg him recently.,0,know msg recently
ham,I'm leaving my house now.,0,leaving house
ham,Ok lor... Or u wan me go look 4 u?,0,ok lor wan go look
ham,"Do whatever you want. You know what the rules are. We had a talk earlier this week about what had to start happening, you showing responsibility. Yet, every week it's can i bend the rule this way? What about that way? Do whatever. I'm tired of having thia same argument with you every week. And a  &lt;#&gt;  movie DOESNT inlude the previews. You're still getting in after 1.",0,whatever want know rules talk earlier week start happening showing responsibility yet every week bend rule way way whatever tired thia argument every week lt gt movie doesnt inlude previews still getting
ham,"Ahhhh...just woken up!had a bad dream about u tho,so i dont like u right now :) i didnt know anything about comedy night but i guess im up for it.",0,ahhhh woken bad dream tho dont like right didnt know anything comedy night guess im
spam,ASKED 3MOBILE IF 0870 CHATLINES INCLU IN FREE MINS. INDIA CUST SERVs SED YES. L8ER GOT MEGA BILL. 3 DONT GIV A SHIT. BAILIFF DUE IN DAYS. I O £250 3 WANT £800,1,asked mobile chatlines inclu free mins india cust servs sed yes er got mega bill dont giv shit bailiff due days want
ham,"Just arrived, see you in a couple days &lt;3",0,arrived see couple days lt
ham,"Under the sea, there lays a rock. In the rock, there is an envelope. In the envelope, there is a paper. On the paper, there are 3 words... '",0,sea lays rock rock envelope envelope paper paper words
ham,Smile in Pleasure Smile in Pain Smile when trouble pours like Rain Smile when sum1 Hurts U Smile becoz SOMEONE still Loves to see u Smiling!!,0,smile pleasure smile pain smile trouble pours like rain smile sum hurts smile becoz someone still loves see smiling
ham,"Ask g or iouri, I've told the story like ten times already",0,ask iouri told story like ten times already
ham,We're finally ready fyi,0,finally ready fyi
spam,Buy Space Invaders 4 a chance 2 win orig Arcade Game console. Press 0 for Games Arcade (std WAP charge) See o2.co.uk/games 4 Terms + settings. No purchase,1,buy space invaders chance win orig arcade game console press games arcade std wap charge see co uk games terms settings purchase
ham,Lol where do u come up with these ideas?,0,lol come ideas
ham,And also I've sorta blown him off a couple times recently so id rather not text him out of the blue looking for weed,0,also sorta blown couple times recently id rather text blue looking weed
ham,Ok then i'll let him noe later n ask him call u tmr...,0,ok let noe later ask call tmr
ham,"Dont search love, let love find U. Thats why its called falling in love, bcoz U dont force yourself, U just fall and U know there is smeone to hold U... BSLVYL",0,dont search love let love find thats called falling love bcoz dont force fall know smeone hold bslvyl
ham,"My planning usually stops at ""find hella weed, smoke hella weed""",0,planning usually stops find hella weed smoke hella weed
ham,Where are you lover ? I need you ...,0,lover need
ham,Did you see that film:),0,see film
ham,Mark works tomorrow. He gets out at 5. His work is by your house so he can meet u afterwards.,0,mark works tomorrow gets work house meet afterwards
ham,"When you get free, call me",0,get free call
ham,ARR birthday today:) i wish him to get more oscar.,0,arr birthday today wish get oscar
ham,Or just do that 6times,0,times
ham,Misplaced your number and was sending texts to your old number. Wondering why i've not heard from you this year. All the best in your mcat. Got this number from my atlanta friends,0,misplaced number sending texts old number wondering heard year best mcat got number atlanta friends
ham,Message from . I am at Truro Hospital on ext. You can phone me here. as I have a phone by my side,0,message truro hospital ext phone phone side
ham,"That's cool he'll be here all night, lemme know when you're around",0,cool night lem know around
ham,Good Morning plz call me sir,0,good morning plz call sir
ham,They finally came to fix the ceiling.,0,finally came fix ceiling
ham,"So you think i should actually talk to him? Not call his boss in the morning? I went to this place last year and he told me where i could go and get my car fixed cheaper. He kept telling me today how much he hoped i would come back in, how he always regretted not getting my number, etc.",0,think actually talk call boss morning went place last year told could go get car fixed cheaper kept telling today much hoped would come back always regretted getting number etc
ham,If i start sending blackberry torch to nigeria will you find buyer for me?like 4a month. And tell dad not to buy bb from anyone oh.,0,start sending blackberry torch nigeria find buyer like month tell dad buy bb anyone oh
ham,Oh yeah clearly it's my fault,0,oh yeah clearly fault
ham,"A gram usually runs like  &lt;#&gt; , a half eighth is smarter though and gets you almost a whole second gram for  &lt;#&gt;",0,gram usually runs like lt gt half eighth smarter though gets almost whole second gram lt gt
ham,"7 wonders in My WORLD 7th You 6th Ur style 5th Ur smile 4th Ur Personality 3rd Ur Nature 2nd Ur SMS and 1st ""Ur Lovely Friendship""... good morning dear",0,wonders world th th ur style th ur smile th ur personality rd ur nature nd ur sms st ur lovely friendship good morning dear
ham,No. I.ll meet you in the library,0,meet library
ham,"Yep, at derek's house now, see you Sunday &lt;3",0,yep derek house see sunday lt
ham,But i'm surprised she still can guess right lor...,0,surprised still guess right lor
ham,Oh gei. That happend to me in tron. Maybe ill dl it in 3d when its out,0,oh gei happend tron maybe ill dl
ham,S:-)kallis wont play in first two odi:-),0,kallis wont play first two odi
spam,Reply to win £100 weekly! Where will the 2006 FIFA World Cup be held? Send STOP to 87239 to end service,1,reply win weekly fifa world cup held send stop end service
ham,"Jay told me already, will do",0,jay told already
spam,"Urgent Urgent! We have 800 FREE flights to Europe to give away, call B4 10th Sept & take a friend 4 FREE. Call now to claim on 09050000555. BA128NNFWFLY150ppm",1,urgent urgent free flights europe give away call th sept take friend free call claim ba nnfwfly ppm
ham,I'll be late...,0,late
ham,"It,,s a taxt massage....tie-pos argh ok! Lool!",0,taxt massage tie pos argh ok lool
ham,HARD BUT TRUE: How much you show &amp;  express your love to someone....that much it will hurt when they leave you or you get seperated...!鈥┾??〨ud evening...,0,hard true much show amp express love someone much hurt leave get seperated ud evening
ham,Die... Now i have e toot fringe again...,0,die toot fringe
ham,Detroit. The home of snow. Enjoy it.,0,detroit home snow enjoy
ham,"Jolly good! By the way,  will give u tickets for sat eve 7.30. Speak before then x",0,jolly good way give tickets sat eve speak
ham,Goodnight da thangam I really miss u dear.,0,goodnight da thangam really miss dear
spam,UR awarded a City Break and could WIN a £200 Summer Shopping spree every WK. Txt STORE to 88039 . SkilGme. TsCs087147403231Winawk!Age16 £1.50perWKsub,1,ur awarded city break could win summer shopping spree every wk txt store skilgme tscs winawk age perwksub
ham,Yep get with the program. You're slacking.,0,yep get program slacking
ham,"Living is very simple.. Loving is also simple.. Laughing is too simple.. Winning is tooo simple.. But, being 'SIMPLE' is very difficult.. Gud nte.:-",0,living simple loving also simple laughing simple winning tooo simple simple difficult gud nte
ham,Gokila is talking with you aha:),0,gokila talking aha
ham,How i noe... She's in da car now... Later then c lar... I'm wearing shorts...,0,noe da car later lar wearing shorts
ham,I'm sorry. I've joined the league of people that dont keep in touch. You mean a great deal to me. You have been a friend at all times even at great personal cost. Do have a great week.|,0,sorry joined league people dont keep touch mean great deal friend times even great personal cost great week
ham,I don't run away frm u... I walk slowly &amp; it kills me that u don't care enough to stop me...,0,run away frm walk slowly amp kills care enough stop
ham,Got c... I lazy to type... I forgot ü in lect... I saw a pouch but like not v nice...,0,got lazy type forgot lect saw pouch like nice
ham,"Haha... Sounds crazy, dunno can tahan anot...",0,haha sounds crazy dunno tahan anot
spam,important information 4 orange user 0789xxxxxxx. today is your lucky day!2find out why log onto http://www.urawinner.com THERE'S A FANTASTIC SURPRISE AWAITING YOU!,1,important information orange user xxxxxxx today lucky day find log onto http www urawinner com fantastic surprise awaiting
ham,Men like shorter ladies. Gaze up into his eyes.,0,men like shorter ladies gaze eyes
ham,Nope i waiting in sch 4 daddy... ,0,nope waiting sch daddy
ham,Are you still getting the goods.,0,still getting goods
spam,FREE entry into our £250 weekly competition just text the word WIN to 80086 NOW. 18 T&C www.txttowin.co.uk,1,free entry weekly competition text word win www txttowin co uk
spam,How come it takes so little time for a child who is afraid of the dark to become a teenager who wants to stay out all night?,1,come takes little time child afraid dark become teenager wants stay night
ham,Tell your friends what you plan to do on Valentines day @ &lt;URL&gt;,0,tell friends plan valentines day lt url gt
ham,* Am on my way,0,way
ham,Ok,0,ok
ham,I'm very happy for you babe ! Woo hoo party on dude!,0,happy babe woo hoo party dude
ham,Mm i had my food da from out,0,mm food da
spam,IMPORTANT INFORMATION 4 ORANGE USER 0796XXXXXX. TODAY IS UR LUCKY DAY!2 FIND OUT WHY LOG ONTO http://www.urawinner.com THERE'S A FANTASTIC PRIZEAWAITING YOU!,1,important information orange user xxxxxx today ur lucky day find log onto http www urawinner com fantastic prizeawaiting
ham,"Send ur birthdate with month and year, I will tel u ur LIFE PARTNER'S name. and the method of calculation. Reply must.",0,send ur birthdate month year tel ur life partner name method calculation reply must
ham,Y de asking like this.,0,de asking like
spam,"WELL DONE! Your 4* Costa Del Sol Holiday or £5000 await collection. Call 09050090044 Now toClaim. SAE, TCs, POBox334, Stockport, SK38xh, Cost£1.50/pm, Max10mins",1,well done costa del sol holiday await collection call toclaim sae tcs pobox stockport sk xh cost pm max mins
spam,YOU ARE CHOSEN TO RECEIVE A £350 AWARD! Pls call claim number 09066364311 to collect your award which you are selected to receive as a valued mobile customer.,1,chosen receive award pls call claim number collect award selected receive valued mobile customer
ham,Hey darlin.. i can pick u up at college if u tell me wen & where 2 mt.. love Pete xx,0,hey darlin pick college tell wen mt love pete xx
ham,Dude ive been seeing a lotta corvettes lately,0,dude ive seeing lotta corvettes lately
ham,If you have belive me. Come to my home.,0,belive come home
ham,"I'm tired of arguing with you about this week after week. Do what you want and from now on, i'll do the same.",0,tired arguing week week want
ham,"Dear,Me at cherthala.in case u r coming cochin pls call bfore u start.i shall also reach accordingly.or tell me which day u r coming.tmorow i am engaged ans its holiday.",0,dear cherthala case coming cochin pls call bfore start shall also reach accordingly tell day coming tmorow engaged ans holiday
ham,Fuck cedar key and fuck her (come over anyway tho),0,fuck cedar key fuck come anyway tho
ham,Ew are you one of them?,0,ew one
ham,Please give it 2  or i will pick it up on Tuesday evening about 8 if that is ok.,0,please give pick tuesday evening ok
ham,Mm so you asked me not to call radio,0,mm asked call radio
ham,O. Well uv causes mutations. Sunscreen is like essential thesedays,0,well uv causes mutations sunscreen like essential thesedays
ham,Dear i am not denying your words please,0,dear denying words please
ham,You want to go? ,0,want go
ham,Tell them the drug dealer's getting impatient,0,tell drug dealer getting impatient
ham,Also track down any lighters you can find,0,also track lighters find
ham,How are you doing? Hope you've settled in for the new school year. Just wishin you a gr8 day,0,hope settled new school year wishin gr day
ham,"If you can make it any time tonight or whenever you can it's cool, just text me whenever you're around",0,make time tonight whenever cool text whenever around
ham,Guai... Ü shd haf seen him when he's naughty... Ü so free today? Can go jogging...,0,guai shd haf seen naughty free today go jogging
spam,Please call our customer service representative on FREEPHONE 0808 145 4742 between 9am-11pm as you have WON a guaranteed £1000 cash or £5000 prize!,1,please call customer service representative freephone pm guaranteed cash prize
ham,"Hello, my love. What are you doing? Did you get to that interview today? Are you you happy? Are you being a good boy? Do you think of me?Are you missing me ?",0,hello love get interview today happy good boy think missing
ham,Reason is if the team budget is available at last they buy the unsold players for at base rate..,0,reason team budget available last buy unsold players base rate
ham,K...k...when will you give treat?,0,give treat
ham,Not from this campus. Are you in the library?,0,campus library
ham,What pa tell me.. I went to bath:-),0,pa tell went bath
ham,Hi:)did you asked to waheeda fathima about leave?,0,hi asked waheeda fathima leave
ham,"Okies... I'll go yan jiu too... We can skip ard oso, go cine den go mrt one, blah blah blah... ",0,okies go yan jiu skip ard oso go cine den go mrt one blah blah blah
ham,"Hiya, probably coming home * weekend after next",0,hiya probably coming home weekend next
spam,You have won a Nokia 7250i. This is what you get when you win our FREE auction. To take part send Nokia to 86021 now. HG/Suite342/2Lands Row/W1JHL 16+,1,nokia get win free auction take part send nokia hg suite lands row jhl
ham,I AM AT THE GAS STATION. GO THERE.,0,gas station go
ham,I will be outside office take all from there,0,outside office take
ham,Good morning princess! Have a great day!,0,good morning princess great day
ham,Did you catch the bus ? Are you frying an egg ? Did you make a tea? Are you eating your mom's left over dinner ? Do you feel my Love ?,0,catch bus frying egg make tea eating mom left dinner feel love
ham,yeah sure thing mate haunt got all my stuff sorted but im going sound anyway promoting hex for .by the way who is this? dont know number. Joke,0,yeah sure thing mate haunt got stuff sorted im going sound anyway promoting hex way dont know number joke
ham,Ok i vl..do u know i got adsense approved..,0,ok vl know got adsense approved
ham,Guess he wants alone time. We could just show up and watch when they do..,0,guess wants alone time could show watch
ham,Ard 530 like dat lor. We juz meet in mrt station then ü dun haf to come out.,0,ard like dat lor juz meet mrt station dun haf come
ham,Okie,0,okie
ham,Din i tell u jus now 420,0,din tell jus
ham,I'm at home. Please call,0,home please call
ham,Most of the tiime when i don't let you hug me it's so i don't break into tears.,0,tiime let hug break tears
ham,Lol ok ill try to send. Be warned Sprint is dead slow. You'll prolly get it tomorrow,0,lol ok ill try send warned sprint dead slow prolly get tomorrow
ham,Ic. There are a lotta childporn cars then.,0,ic lotta childporn cars
ham,"I think I‘m waiting for the same bus! Inform me when you get there, if you ever get there.",0,think waiting bus inform get ever get
ham,"So anyways, you can just go to your gym or whatever, my love *smiles* I hope your ok and having a good day babe ... I miss you so much already",0,anyways go gym whatever love smiles hope ok good day babe miss much already
ham,I re-met alex nichols from middle school and it turns out he's dealing!,0,met alex nichols middle school turns dealing
ham,I was gonna ask you lol but i think its at 7,0,gon na ask lol think
ham,But that's on ebay it might be less elsewhere.,0,ebay might less elsewhere
ham,"Men always needs a beautiful, intelligent, caring, loving, adjustable, cooperative wife. But the law allows only one wife....",0,men always needs beautiful intelligent caring loving adjustable cooperative wife law allows one wife
ham,These won't do. Have to move on to morphine,0,move morphine
ham,By monday next week. Give me the full gist,0,monday next week give full gist
ham,"Good stuff, will do.",0,good stuff
ham,Do you mind if I ask what happened? You dont have to say if it is uncomfortable.,0,mind ask happened dont say uncomfortable
ham,Yup song bro. No creative. Neva test quality. He said check review online.,0,yup song bro creative neva test quality said check review online
ham,Ya it came a while ago,0,ya came ago
ham,"Why is that, princess? I bet the brothas are all chasing you!",0,princess bet brothas chasing
ham,Ugh its been a long day. I'm exhausted. Just want to cuddle up and take a nap,0,ugh long day exhausted want cuddle take nap
spam,Want explicit SEX in 30 secs? Ring 02073162414 now! Costs 20p/min,1,want explicit sex secs ring costs min
ham,Imagine Life WITHOUT ME... see.. How fast u are searching me?Don't worry.. l'm always there To disturb U.. Goodnoon..:),0,imagine life without see fast searching worry always disturb goodnoon
ham,Dunno cos i was v late n when i reach they inside already... But we ate spageddies lor... It's e gals who r laughing at me lor...,0,dunno cos late reach inside already ate spageddies lor gals laughing lor
ham,If you're not in my car in an hour and a half I'm going apeshit,0,car hour half going apeshit
ham,Some are lasting as much as 2 hours. You might get lucky.,0,lasting much hours might get lucky
ham,U sleeping now.. Or you going to take? Haha.. I got spys wat.. Me online checking n replying mails lor..,0,sleeping going take haha got spys wat online checking replying mails lor
ham,Did he just say somebody is named tampa,0,say somebody named tampa
ham,"I know you are thinkin malaria. But relax, children cant handle malaria. She would have been worse and its gastroenteritis. If she takes enough to replace her loss her temp will reduce. And if you give her malaria meds now she will just vomit. Its a self limiting illness she has which means in a few days it will completely stop",0,know thinkin malaria relax children cant handle malaria would worse gastroenteritis takes enough replace loss temp reduce give malaria meds vomit self limiting illness means days completely stop
ham,"For you information, IKEA is spelled with all caps. That is not yelling. when you thought i had left you, you were sitting on the bed among the mess when i came in. i said we were going after you got home from class. please don't try and bullshit me. It makes me want to listen to you less.",0,information ikea spelled caps yelling thought left sitting bed among mess came said going got home class please try bullshit makes want listen less
ham,What i mean is do they come chase you out when its over or is it stated you can watch as many movies as you want.,0,mean come chase stated watch many movies want
ham,Oic... I saw him too but i tot he din c me... I found a group liao...,0,oic saw tot din found group liao
ham,"Storming msg: Wen u lift d phne, u say ""HELLO"" Do u knw wt is d real meaning of HELLO?? . . . It's d name of a girl..! . . . Yes.. And u knw who is dat girl?? ""Margaret Hello"" She is d girlfrnd f Grahmbell who invnted telphone... . . . . Moral:One can 4get d name of a person, bt not his girlfrnd... G o o d n i g h t . . .@",0,storming msg wen lift phne say hello knw wt real meaning hello name girl yes knw dat girl margaret hello girlfrnd grahmbell invnted telphone moral one get name person bt girlfrnd
spam,Guess who am I?This is the first time I created a web page WWW.ASJESUS.COM read all I wrote. I'm waiting for your opinions. I want to be your friend 1/1,1,guess first time created web page www asjesus com read wrote waiting opinions want friend
ham,I am going to sao mu today. Will be done only at 12 ,0,going sao mu today done
ham,Nvm take ur time.,0,nvm take ur time
ham,Im done. Just studyn in library,0,im done studyn library
spam,"Welcome to Select, an O2 service with added benefits. You can now call our specially trained advisors FREE from your mobile by dialling 402.",1,welcome select service added benefits call specially trained advisors free mobile dialling
ham,"Nah man, my car is meant to be crammed full of people",0,nah man car meant crammed full people
ham,Uncle Abbey! Happy New Year. Abiola,0,uncle abbey happy new year abiola
spam,Sunshine Quiz Wkly Q! Win a top Sony DVD player if u know which country the Algarve is in? Txt ansr to 82277. £1.50 SP:Tyrone,1,sunshine quiz wkly win top sony dvd player know country algarve txt ansr sp tyrone
ham,Okie but i scared u say i fat... Then u dun wan me already...,0,okie scared say fat dun wan already
ham,"Please protect yourself from e-threats. SIB never asks for sensitive information like Passwords,ATM/SMS PIN thru email. Never share your password with anybody.",0,please protect threats sib never asks sensitive information like passwords atm sms pin thru email never share password anybody
ham,I'm done...,0,done
ham,My trip was ok but quite tiring lor. Uni starts today but it's ok 4 me cos i'm not taking any modules but jus concentrating on my final yr project.,0,trip ok quite tiring lor uni starts today ok cos taking modules jus concentrating final yr project
ham,No other Valentines huh? The proof is on your fb page. Ugh I'm so glad I really DIDN'T watch your rupaul show you TOOL!,0,valentines huh proof fb page ugh glad really watch rupaul show tool
ham,I'm done. C ü there.,0,done
ham,"Gud gud..k, chikku tke care.. sleep well gud nyt",0,gud gud chikku tke care sleep well gud nyt
ham,Still work going on:)it is very small house.,0,still work going small house
ham,"Miss ya, need ya, want ya, love ya.",0,miss ya need ya want ya love ya
ham,I jokin oni lar.. Ü busy then i wun disturb ü.,0,jokin oni lar busy wun disturb
ham,K k :-):-) then watch some films.,0,watch films
ham,Ultimately tor motive tui achieve korli.,0,ultimately tor motive tui achieve korli
ham,As usual u can call me ard 10 smth.,0,usual call ard smth
ham,Watching tv lor. Nice one then i like lor.,0,watching tv lor nice one like lor
ham,Sorry . I will be able to get to you. See you in the morning.,0,sorry able get see morning
ham,"Don't worry though, I understand how important it is that I be put in my place with a poorly thought out punishment in the face of the worst thing that has ever happened to me. Brb gonna go kill myself",0,worry though understand important put place poorly thought punishment face worst thing ever happened brb gon na go kill
ham,I love your ass! Do you enjoy doggy style? :),0,love ass enjoy doggy style
ham,Hi Princess! Thank you for the pics. You are very pretty. How are you?,0,hi princess thank pics pretty
ham,And whenever you and i see we can still hook up too.,0,whenever see still hook
ham,"Velly good, yes please!",0,velly good yes please
ham,"Sorry, I'll call later",0,sorry call later
spam,"Your free ringtone is waiting to be collected. Simply text the password ""MIX"" to 85069 to verify. Get Usher and Britney. FML, PO Box 5249, MK17 92H. 450Ppw 16",1,free ringtone waiting collected simply text password mix verify get usher britney fml po box mk ppw
ham,Joy's father is John. Then John is the ____ of Joy's father. If u ans ths you hav  &lt;#&gt;  IQ. Tis s IAS question try to answer.,0,joy father john john joy father ans ths hav lt gt iq tis ias question try answer
spam,Call Germany for only 1 pence per minute! Call from a fixed line via access number 0844 861 85 85. No prepayment. Direct access!,1,call germany pence per minute call fixed line via access number prepayment direct access
ham,"By march ending, i should be ready. But will call you for sure. The problem is that my capital never complete. How far with you. How's work and the ladies",0,march ending ready call sure problem capital never complete far work ladies
ham,Did u fix the teeth?if not do it asap.ok take care.,0,fix teeth asap ok take care
ham,"Cool, text me when you're ready",0,cool text ready
spam,8007 25p 4 Alfie Moon's Children in Need song on ur mob. Tell ur m8s. Txt TONE CHARITY to 8007 for nokias or POLY CHARITY for polys :zed 08701417012 profit 2 charity ,1,alfie moon children need song ur mob tell ur txt tone charity nokias poly charity polys zed profit charity
ham,"Babe! I fucking love you too !! You know? Fuck it was so good to hear your voice. I so need that. I crave it. I can't get enough. I adore you, Ahmad *kisses*",0,babe fucking love know fuck good hear voice need crave get enough adore ahmad kisses
ham,We left already we at orchard now.,0,left already orchard
ham,Today i'm not workin but not free oso... Gee... Thgt u workin at ur fren's shop ? ,0,today workin free oso gee thgt workin ur fren shop
ham,If i said anything wrong sorry de:-),0,said anything wrong sorry de
ham,Do you work all this week ?,0,work week
ham,You still coming tonight?,0,still coming tonight
ham,Tiwary to rcb.battle between bang and kochi.,0,tiwary rcb battle bang kochi
ham,what I meant to say is cant wait to see u again getting bored of this bridgwater banter,0,meant say cant wait see getting bored bridgwater banter
ham,Yeah I'll try to scrounge something up,0,yeah try scrounge something
ham,You dont know you jabo me abi.,0,dont know jabo abi
ham,Wat time ü wan today?,0,wat time wan today
ham,"Hello. Sort of out in town already. That . So dont rush home, I am eating nachos. Will let you know eta.",0,hello sort town already dont rush home eating nachos let know eta
ham,Depends on individual lor e hair dresser say pretty but my parents say look gong. U kaypoh.. I also dunno wat she collecting.,0,depends individual lor hair dresser say pretty parents say look gong kaypoh also dunno wat collecting
ham,"I do know what u mean,  is the king of not havin credit! I'm goin2bed now. Night night sweet! Only1more sleep! ",0,know mean king havin credit goin bed night night sweet sleep
spam,TheMob>Yo yo yo-Here comes a new selection of hot downloads for our members to get for FREE! Just click & open the next link sent to ur fone...,1,themob yo yo yo comes new selection hot downloads members get free click open next link sent ur fone
ham,Tension ah?what machi?any problem?,0,tension ah machi problem
ham,cud u tell ppl im gona b a bit l8 cos 2 buses hav gon past cos they were full & im still waitin 4 1. Pete x,0,cud tell ppl im gona bit cos buses hav gon past cos full im still waitin pete
ham,What happen dear. Why you silent. I am tensed,0,happen dear silent tensed
ham,Hey i will be late... i'm at amk. Need to drink tea or coffee,0,hey late amk need drink tea coffee
ham,Does uncle timi help in clearing cars,0,uncle timi help clearing cars
ham,"There're some people by mu, I'm at the table by lambda",0,people mu table lambda
ham,Pls call me da. What happen.,0,pls call da happen
ham,Hey!!! I almost forgot ... Happy B-day babe ! I love ya!!,0,hey almost forgot happy day babe love ya
ham,"Say this slowly.? GOD,I LOVE YOU &amp; I NEED YOU,CLEAN MY HEART WITH YOUR BLOOD.Send this to Ten special people &amp; u c miracle tomorrow, do it,pls,pls do it...",0,say slowly god love amp need clean heart blood send ten special people amp miracle tomorrow pls pls
ham,It shall be fine. I have avalarr now. Will hollalater,0,shall fine avalarr hollalater
ham,Not directly behind... Abt 4 rows behind ü...,0,directly behind abt rows behind
spam,Call 09095350301 and send our girls into erotic ecstacy. Just 60p/min. To stop texts call 08712460324 (nat rate),1,call send girls erotic ecstacy min stop texts call nat rate
ham,Ok.,0,ok
ham,Which is weird because I know I had it at one point,0,weird know one point
spam,YES! The only place in town to meet exciting adult singles is now in the UK. Txt CHAT to 86688 now! 150p/Msg.,1,yes place town meet exciting adult singles uk txt chat msg
ham,"Nothing, i got msg frm tht unknown no..",0,nothing got msg frm tht unknown
ham,"Thank you so much. When we skyped wit kz and sura, we didnt get the pleasure of your company. Hope you are good. We've given you ultimatum oh! We are countin down to aburo. Enjoy!",0,thank much skyped wit kz sura didnt get pleasure company hope good given ultimatum oh countin aburo enjoy
ham,Dun b sad.. It's over.. Dun thk abt it already. Concentrate on ur other papers k.,0,dun sad dun thk abt already concentrate ur papers
ham,"I‘ll leave around four, ok?",0,leave around four ok
ham,Becoz its  &lt;#&gt;  jan whn al the post ofice is in holiday so she cn go fr the post ofice...got it duffer,0,becoz lt gt jan whn al post ofice holiday cn go fr post ofice got duffer
ham,at bruce b downs &amp; fletcher now,0,bruce downs amp fletcher
ham,Was gr8 to see that message. So when r u leaving? Congrats dear. What school and wat r ur plans.,0,gr see message leaving congrats dear school wat ur plans
ham,Did u download the fring app?,0,download fring app
spam,We tried to contact you re your reply to our offer of a Video Handset? 750 anytime any networks mins? UNLIMITED TEXT? Camcorder? Reply or call 08000930705 NOW,1,tried contact reply offer video handset anytime networks mins unlimited text camcorder reply call
spam,YOU ARE CHOSEN TO RECEIVE A £350 AWARD! Pls call claim number 09066364311 to collect your award which you are selected to receive as a valued mobile customer.,1,chosen receive award pls call claim number collect award selected receive valued mobile customer
spam,"This is the 2nd time we have tried 2 contact u. U have won the 750 Pound prize. 2 claim is easy, call 08712101358 NOW! Only 10p per min. BT-national-rate",1,nd time tried contact pound prize claim easy call per min bt national rate
ham,Please tell me not all of my car keys are in your purse,0,please tell car keys purse
ham,Was actually about to send you a reminder today. Have a wonderful weekend,0,actually send reminder today wonderful weekend
ham,Yeah he got in at 2 and was v apologetic. n had fallen out and she was actin like spoilt child and he got caught up in that. Till 2! But we won't go there! Not doing too badly cheers. You? ,0,yeah got apologetic fallen actin like spoilt child got caught till go badly cheers
spam,"URGENT!! Your 4* Costa Del Sol Holiday or £5000 await collection. Call 09050090044 Now toClaim. SAE, TC s, POBox334, Stockport, SK38xh, Cost£1.50/pm, Max10mins",1,urgent costa del sol holiday await collection call toclaim sae tc pobox stockport sk xh cost pm max mins
ham,Nope but i'll b going 2 sch on fri quite early lor cos mys sis got paper in da morn :-),0,nope going sch fri quite early lor cos mys sis got paper da morn
spam,You have been specially selected to receive a 2000 pound award! Call 08712402050 BEFORE the lines close. Cost 10ppm. 16+. T&Cs apply. AG Promo,1,specially selected receive pound award call lines close cost ppm cs apply ag promo
ham,I'm glad. You are following your dreams.,0,glad following dreams
ham,Prepare to be pleasured :),0,prepare pleasured
ham,jay says he'll put in  &lt;#&gt;,0,jay says put lt gt
ham,May i call You later Pls,0,may call later pls
ham,Yes see ya not on the dot,0,yes see ya dot
spam,Would you like to see my XXX pics they are so hot they were nearly banned in the uk!,1,would like see xxx pics hot nearly banned uk
ham,Prof: you have passed in all the papers in this sem congrats . . . . Student: Enna kalaachutaarama..!! Prof:???? Gud mrng!,0,prof passed papers sem congrats student enna kalaachutaarama prof gud mrng
ham,As per your request 'Melle Melle (Oru Minnaminunginte Nurungu Vettam)' has been set as your callertune for all Callers. Press *9 to copy your friends Callertune,0,per request melle melle oru minnaminunginte nurungu vettam set callertune callers press copy friends callertune
spam,FREE UNLIMITED HARDCORE PORN direct 2 your mobile Txt PORN to 69200 & get FREE access for 24 hrs then chrgd@50p per day txt Stop 2exit. This msg is free,1,free unlimited hardcore porn direct mobile txt porn get free access hrs chrgd per day txt stop exit msg free
ham,Thanks for loving me so. You rock,0,thanks loving rock
ham,Ha... Then we must walk to everywhere... Cannot take tram. My cousin said can walk to vic market from our hotel ,0,ha must walk everywhere take tram cousin said walk vic market hotel
ham,Thought praps you meant another one. Goodo! I'll look tomorrow ,0,thought praps meant another one goodo look tomorrow
ham,Anyway holla at me whenever you're around because I need an excuse to go creep on people in sarasota,0,anyway holla whenever around need excuse go creep people sarasota
ham,Where is that one day training:-),0,one day training
ham,Nope... Juz off from work...,0,nope juz work
ham,Erm. I thought the contract ran out the4th of october.,0,erm thought contract ran th october
spam,Send a logo 2 ur lover - 2 names joined by a heart. Txt LOVE NAME1 NAME2 MOBNO eg LOVE ADAM EVE 07123456789 to 87077 Yahoo! POBox36504W45WQ TxtNO 4 no ads 150p.,1,send logo ur lover names joined heart txt love name name mobno eg love adam eve yahoo pobox wq txtno ads
spam,LIFE has never been this much fun and great until you came in. You made it truly special for me. I won't forget you! enjoy @ one gbp/sms,1,life never much fun great came made truly special forget enjoy one gbp sms
ham,"Lets use it next week, princess :)",0,lets use next week princess
ham,My slave! I want you to take 2 or 3 pictures of yourself today in bright light on your cell phone! Bright light!,0,slave want take pictures today bright light cell phone bright light
ham,She's borderline but yeah whatever.,0,borderline yeah whatever
ham,"When I was born, GOD said, ""Oh No! Another IDIOT"". When you were born, GOD said, ""OH No! COMPETITION"". Who knew, one day these two will become FREINDS FOREVER!",0,born god said oh another idiot born god said oh competition knew one day two become freinds forever
ham,Tell your friends what you plan to do on Valentines day @ &lt;URL&gt;,0,tell friends plan valentines day lt url gt
ham,"I know dat feelin had it with Pete! Wuld get with em , nuther place nuther time mayb?",0,know dat feelin pete wuld get em nuther place nuther time mayb
ham,How would my ip address test that considering my computer isn't a minecraft server,0,would ip address test considering computer minecraft server
ham,Do u knw dis no. &lt;#&gt; ?,0,knw dis lt gt
ham,"What i mean was i left too early to check, cos i'm working a 9-6.",0,mean left early check cos working
ham,Neva mind it's ok..,0,neva mind ok
ham,"Got ur mail Dileep.thank you so muchand look forward to lots of support...very less contacts here,remember one venugopal you mentioned.tomorrow if not late,i shall try to come up till there.goodnight dear.",0,got ur mail dileep thank muchand look forward lots support less contacts remember one venugopal mentioned tomorrow late shall try come till goodnight dear
ham,I can do that! I want to please you both inside and outside the bedroom...,0,want please inside outside bedroom
ham,I guess it is useless calling u 4 something important.,0,guess useless calling something important
ham,It is only yesterday true true.,0,yesterday true true
ham,"Same, I'm at my great aunts anniversary party in tarpon springs",0,great aunts anniversary party tarpon springs
ham,Shall i come to get pickle,0,shall come get pickle
ham,"Haha figures, well I found the piece and priscilla's bowl",0,haha figures well found piece priscilla bowl
ham,Omg it could snow here tonite!,0,omg could snow tonite
ham,On ma way to school. Can you pls send me ashley's number,0,way school pls send ashley number
spam,Please call our customer service representative on FREEPHONE 0808 145 4742 between 9am-11pm as you have WON a guaranteed £1000 cash or £5000 prize!,1,please call customer service representative freephone pm guaranteed cash prize
ham,That's good. Lets thank God. Please complete the drug. Have lots of water. And have a beautiful day.,0,good lets thank god please complete drug lots water beautiful day
ham,Are you this much buzy,0,much buzy
spam,"U can WIN £100 of Music Gift Vouchers every week starting NOW Txt the word DRAW to 87066 TsCs www.Idew.com SkillGame, 1Winaweek, age16. 150ppermessSubscription",1,win music gift vouchers every week starting txt word draw tscs www idew com skillgame winaweek age ppermesssubscription
ham,U R THE MOST BEAUTIFUL GIRL IVE EVER SEEN. U R MY BABY COME AND C ME IN THE COMMON ROOM,0,beautiful girl ive ever seen baby come common room
ham,Yo dude guess who just got arrested the other day,0,yo dude guess got arrested day
ham,Macha dont feel upset.i can assume your mindset.believe me one evening with me and i have some wonderful plans for both of us.LET LIFE BEGIN AGAIN.call me anytime,0,macha dont feel upset assume mindset believe one evening wonderful plans us let life begin call anytime
ham,Then i buy.,0,buy
ham,Can you do online transaction?,0,online transaction
ham,Ok k..sry i knw 2 siva..tats y i askd..,0,ok sry knw siva tats askd
ham,Yup,0,yup
ham,I lost 4 pounds since my doc visit last week woot woot! Now I'm gonna celebrate by stuffing my face!,0,lost pounds since doc visit last week woot woot gon na celebrate stuffing face
ham,Just woke up. Yeesh its late. But I didn't fall asleep til &lt;#&gt; am :/,0,woke yeesh late fall asleep til lt gt
ham,Pass dis to all ur contacts n see wat u get! Red;i'm in luv wid u. Blue;u put a smile on my face. Purple;u r realy hot. Pink;u r so swt. Orange;i thnk i lyk u. Green;i realy wana go out wid u. Yelow;i wnt u bck. Black;i'm jealous of u. Brown;i miss you Nw plz giv me one color,0,pass dis ur contacts see wat get red luv wid blue put smile face purple realy hot pink swt orange thnk lyk green realy wana go wid yelow wnt bck black jealous brown miss nw plz giv one color
ham,I need you to be in my strong arms...,0,need strong arms
ham,"It could work, we'll reach a consensus at the next meeting",0,could work reach consensus next meeting
spam,Ur cash-balance is currently 500 pounds - to maximize ur cash-in now send COLLECT to 83600 only 150p/msg. CC: 08718720201 PO BOX 114/14 TCR/W1,1,ur cash balance currently pounds maximize ur cash send collect msg cc po box tcr
ham,Petey boy whereare you me and all your friendsare in theKingshead come down if you canlove Nic,0,petey boy whereare friendsare thekingshead come canlove nic
spam,"Free msg. Sorry, a service you ordered from 81303 could not be delivered as you do not have sufficient credit. Please top up to receive the service.",1,free msg sorry service ordered could delivered sufficient credit please top receive service
ham,I sent you  &lt;#&gt;  bucks,0,sent lt gt bucks
ham,"Cant believe i said so many things to you this morning when all i really wanted to say was good morning, i love you! Have a beautiful morning. See you in the library later.",0,cant believe said many things morning really wanted say good morning love beautiful morning see library later
ham,We are okay. Going to sleep now. Later,0,okay going sleep later
ham,It didnt work again oh. Ok goodnight then. I.ll fix and have it ready by the time you wake up. You are very dearly missed have a good night sleep.,0,didnt work oh ok goodnight fix ready time wake dearly missed good night sleep
ham,Ok lor thanx... Ü in school?,0,ok lor thanx school
ham,"Good FRIENDS CaRE for each Other.. CLoSE Friends UNDERSTaND each Other... and TRUE Friends STaY forever beyond words, beyond time. Gud ni8",0,good friends care close friends understand true friends stay forever beyond words beyond time gud ni
ham,And I don't plan on staying the night but I prolly won't be back til late,0,plan staying night prolly back til late
ham,The basket's gettin full so I might be by tonight,0,basket gettin full might tonight
ham,Probably gonna swing by in a wee bit,0,probably gon na swing wee bit
ham,Is xy going 4 e lunch?,0,xy going lunch
ham,HCL chennai requires FRESHERS for voice process.Excellent english needed.Salary upto  &lt;#&gt; .Call Ms.Suman  &lt;#&gt;  for Telephonic interview -via Indyarocks.com,0,hcl chennai requires freshers voice process excellent english needed salary upto lt gt call ms suman lt gt telephonic interview via indyarocks com
ham,It's ok i noe u're busy but i'm really too bored so i msg u. I oso dunno wat colour she choose 4 me one.,0,ok noe busy really bored msg oso dunno wat colour choose one
ham,How come guoyang go n tell her? Then u told her?,0,come guoyang go tell told
ham,"Yup, no need. I'll jus wait 4 e rain 2 stop.",0,yup need jus wait rain stop
ham,Wif my family booking tour package.,0,wif family booking tour package
ham,Serious? What like proper tongued her,0,serious like proper tongued
spam,A link to your picture has been sent. You can also use http://alto18.co.uk/wave/wave.asp?o=44345,1,link picture sent also use http alto co uk wave wave asp
ham,I wnt to buy a BMW car urgently..its vry urgent.but hv a shortage of  &lt;#&gt; Lacs.there is no source to arng dis amt. &lt;#&gt; lacs..thats my prob,0,wnt buy bmw car urgently vry urgent hv shortage lt gt lacs source arng dis amt lt gt lacs thats prob
ham,Early bird! Any purchases yet?,0,early bird purchases yet
ham,If you're thinking of lifting me one then no.,0,thinking lifting one
ham,The message sent is askin for  &lt;#&gt; dollars. Shoul i pay  &lt;#&gt;  or  &lt;#&gt; ?,0,message sent askin lt gt dollars shoul pay lt gt lt gt
ham,"Aight, call me once you're close",0,aight call close
ham,Will be out of class in a few hours. Sorry,0,class hours sorry
ham,All e best 4 ur exam later.,0,best ur exam later
ham,cThen i thk shd b enuff.. Still got conclusion n contents pg n references.. I'll b doing da contents pg n cover pg..,0,cthen thk shd enuff still got conclusion contents pg references da contents pg cover pg
ham,Yeah that'd pretty much be the best case scenario,0,yeah pretty much best case scenario
ham,Happy new year to u too!,0,happy new year
ham,"Ok. Not much to do here though. H&M Friday, cant wait. Dunno wot the hell im gonna do for another 3 weeks! Become a slob- oh wait, already done that! ",0,ok much though friday cant wait dunno wot hell im gon na another weeks become slob oh wait already done
ham,"And very importantly, all we discuss is between u and i only.",0,importantly discuss
ham,"Sorry light turned green, I meant another friend wanted  &lt;#&gt;  worth but he may not be around",0,sorry light turned green meant another friend wanted lt gt worth may around
ham,Ok can...,0,ok
ham,"Come to me right now, Ahmad",0,come right ahmad
ham,My love ... I hope your not doing anything drastic. Don't you dare sell your pc or your phone ...,0,love hope anything drastic dare sell pc phone
ham,K..k..i'm also fine:)when will you complete the course?,0,also fine complete course
ham,As in different styles?,0,different styles
ham,"Poyyarikatur,kolathupalayam,unjalur post,erode dis, &lt;#&gt; .",0,poyyarikatur kolathupalayam unjalur post erode dis lt gt
ham,"HEY BABE! FAR 2 SPUN-OUT 2 SPK AT DA MO... DEAD 2 DA WRLD. BEEN SLEEPING ON DA SOFA ALL DAY, HAD A COOL NYTHO, TX 4 FONIN HON, CALL 2MWEN IM BK FRMCLOUD 9! J X",0,hey babe far spun spk da mo dead da wrld sleeping da sofa day cool nytho tx fonin hon call mwen im bk frmcloud
ham,The evo. I just had to download flash. Jealous?,0,evo download flash jealous
ham,You please give us connection today itself before  &lt;DECIMAL&gt;  or refund the bill,0,please give us connection today lt decimal gt refund bill
ham,I'm on da bus going home...,0,da bus going home
spam,100 dating service cal;l 09064012103 box334sk38ch,1,dating service cal box sk ch
spam,"Dear Voucher Holder, 2 claim this weeks offer, at your PC go to http://www.e-tlp.co.uk/expressoffer Ts&Cs apply.2 stop texts txt STOP to 80062.",1,dear voucher holder claim weeks offer pc go http www tlp co uk expressoffer ts cs apply stop texts txt stop
ham,Let there be snow. Let there be snow. This kind of weather brings ppl together so friendships can grow.,0,let snow let snow kind weather brings ppl together friendships grow
ham,So ü'll be submitting da project tmr rite?,0,submitting da project tmr rite
ham,Aiya we discuss later lar... Pick ü up at 4 is it?,0,aiya discuss later lar pick
ham,HI BABE IM AT HOME NOW WANNA DO SOMETHING? XX,0,hi babe im home wan na something xx
spam,Free video camera phones with Half Price line rental for 12 mths and 500 cross ntwk mins 100 txts. Call MobileUpd8 08001950382 or Call2OptOut/674&,1,free video camera phones half price line rental mths cross ntwk mins txts call mobileupd call optout
ham,"Sorry, I'll call later",0,sorry call later
ham,No no:)this is kallis home ground.amla home town is durban:),0,kallis home ground amla home town durban
ham,"I got another job! The one at the hospital doing data analysis or something, starts on monday! Not sure when my thesis will got finished",0,got another job one hospital data analysis something starts monday sure thesis got finished
ham,I want to be inside you every night...,0,want inside every night
ham,Jos ask if u wana meet up?,0,jos ask wana meet
ham,"Night has ended for another day, morning has come in a special way. May you smile like the sunny rays and leaves your worries at the blue blue bay. Gud mrng",0,night ended another day morning come special way may smile like sunny rays leaves worries blue blue bay gud mrng
ham,Hmm .. Bits and pieces lol ... *sighs* ...,0,hmm bits pieces lol sighs
ham,Happy birthday... May u find ur prince charming soon n dun work too hard...,0,happy birthday may find ur prince charming soon dun work hard
ham,"The sign of maturity is not when we start saying big things.. But actually it is, when we start understanding small things... *HAVE A NICE EVENING* BSLVYL",0,sign maturity start saying big things actually start understanding small things nice evening bslvyl
ham,I'm always looking for an excuse to be in the city.,0,always looking excuse city
ham,Check mail.i have mailed varma and kept copy to you regarding membership.take care.insha allah.,0,check mail mailed varma kept copy regarding membership take care insha allah
ham,"Best msg: It's hard to be with a person, when u know that one more step foward will make u fall in love.. &amp; One step back can ruin ur friendship.. good night:-) ...",0,best msg hard person know one step foward make fall love amp one step back ruin ur friendship good night
ham,"No, its true..k,Do u knw dis no. &lt;#&gt; ?",0,true knw dis lt gt
ham,"K, wen ur free come to my home and also tel vikky i hav sent mail to him also.. Better come evening il be free today aftr 6pm..:-)",0,wen ur free come home also tel vikky hav sent mail also better come evening il free today aftr pm
ham,Happy birthday... May all ur dreams come true...,0,happy birthday may ur dreams come true
ham,Can you plz tell me the ans. BSLVYL sent via fullonsms.com,0,plz tell ans bslvyl sent via fullonsms com
ham,"I'm used to it. I just hope my agents don't drop me since i've only booked a few things this year. This whole me in boston, them in nyc was an experiment.",0,used hope agents drop since booked things year whole boston nyc experiment
ham,"1) Go to write msg 2) Put on Dictionary mode 3)Cover the screen with hand, 4)Press  &lt;#&gt; . 5)Gently remove Ur hand.. Its interesting..:)",0,go write msg put dictionary mode cover screen hand press lt gt gently remove ur hand interesting
ham,I wanted to wish you a Happy New Year and I wanted to talk to you about some legal advice to do with when Gary and I split but in person. I'll make a trip to Ptbo for that. I hope everything is good with you babe and I love ya :),0,wanted wish happy new year wanted talk legal advice gary split person make trip ptbo hope everything good babe love ya
ham,Where can download clear movies. Dvd copies.,0,download clear movies dvd copies
ham,I've reached home n i bathe liao... U can call me now...,0,reached home bathe liao call
ham,Hi.what you think about match?,0,hi think match
ham,"Aight will do, thanks again for comin out",0,aight thanks comin
ham,I had askd u a question some hours before. Its answer,0,askd question hours answer
ham,Dude just saw a parked car with its sunroof popped up. Sux,0,dude saw parked car sunroof popped sux
ham,What time you thinkin of goin?,0,time thinkin goin
ham,Why are u up so early?,0,early
ham,ILL B DOWN SOON,0,ill soon
spam,URGENT! We are trying to contact U. Todays draw shows that you have won a £800 prize GUARANTEED. Call 09050001808 from land line. Claim M95. Valid12hrs only,1,urgent trying contact todays draw shows prize guaranteed call land line claim valid hrs
ham,I only work from mon to thurs but Sat i cant leh... Booked liao... Which other day u free?,0,work mon thurs sat cant leh booked liao day free
ham,"Hi, Mobile no.  &lt;#&gt;  has added you in their contact list on www.fullonsms.com It s a great place to send free sms to people For more visit fullonsms.com",0,hi mobile lt gt added contact list www fullonsms com great place send free sms people visit fullonsms com
spam,"Hi this is Amy, we will be sending you a free phone number in a couple of days, which will give you an access to all the adult parties...",1,hi amy sending free phone number couple days give access adult parties
spam,"Win the newest “Harry Potter and the Order of the Phoenix (Book 5) reply HARRY, answer 5 questions - chance to be the first among readers!",1,win newest harry potter order phoenix book reply harry answer questions chance first among readers
ham,"Yes but i dont care! I need you bad, princess!",0,yes dont care need bad princess
spam,The current leading bid is 151. To pause this auction send OUT. Customer Care: 08718726270,1,current leading bid pause auction send customer care
ham,Ranjith cal drpd Deeraj and deepak 5min hold,0,ranjith cal drpd deeraj deepak min hold
ham,Does daddy have a bb now.,0,daddy bb
ham,I will once i get home,0,get home
ham,Do u ever get a song stuck in your head for no reason and it won't go away til u listen to it like 5 times?,0,ever get song stuck head reason go away til listen like times
ham,Having lunch:)you are not in online?why?,0,lunch online
ham,"Gal n boy walking in d park. gal-can i hold ur hand? boy-y? do u think i would run away? gal-no, jst wana c how it feels walking in heaven with an prince..GN:-)",0,gal boy walking park gal hold ur hand boy think would run away gal jst wana feels walking heaven prince gn
ham,Those were my exact intentions,0,exact intentions
ham,Ü log off 4 wat. It's sdryb8i,0,log wat sdryb
ham,I like to talk pa but am not able to. I dont know y.,0,like talk pa able dont know
ham,K.k..how is your sister kids?,0,sister kids
spam,RECPT 1/3. You have ordered a Ringtone. Your order is being processed...,1,recpt ordered ringtone order processed
ham,Only saturday and sunday holiday so its very difficult:),0,saturday sunday holiday difficult
ham,Its not that time of the month nor mid of the time?,0,time month mid time
ham,Watching tv now. I got new job :),0,watching tv got new job
ham,Hasn't that been the pattern recently crap weekends?,0,pattern recently crap weekends
ham,Dude im no longer a pisces. Im an aquarius now.,0,dude im longer pisces im aquarius
ham,How come she can get it? Should b quite diff to guess rite...,0,come get quite diff guess rite
ham,When you came to hostel.,0,came hostel
ham,I'm vivek:)i got call from your number.,0,vivek got call number
spam,"You are guaranteed the latest Nokia Phone, a 40GB iPod MP3 player or a £500 prize! Txt word: COLLECT to No: 83355! IBHltd LdnW15H 150p/Mtmsgrcvd18+",1,guaranteed latest nokia phone gb ipod mp player prize txt word collect ibhltd ldnw mtmsgrcvd
ham,I will reach before ten morning,0,reach ten morning
ham,No my mum went 2 dentist.,0,mum went dentist
ham,K..u also dont msg or reply to his msg..,0,also dont msg reply msg
spam,"Someone has contacted our dating service and entered your phone becausethey fancy you! To find out who it is call from a landline 09058098002. PoBox1, W14RG 150p",1,someone contacted dating service entered phone becausethey fancy find call landline pobox rg
ham,"Yeah why not, is the gang all ready",0,yeah gang ready
ham,Uhhhhrmm isnt having tb test bad when youre sick,0,uhhhhrmm isnt tb test bad youre sick
ham,"Aight, let me know when you're gonna be around usf",0,aight let know gon na around usf
ham,OK i'm waliking ard now... Do u wan me 2 buy anything go ur house?,0,ok waliking ard wan buy anything go ur house
ham,"We're all getting worried over here, derek and taylor have already assumed the worst",0,getting worried derek taylor already assumed worst
ham,I'm in office now da:)where are you?,0,office da
ham,Come to my home for one last time i wont do anything. Trust me.,0,come home one last time wont anything trust
ham,I'm not. She lip synced with shangela.,0,lip synced shangela
ham,True lov n care wil nevr go unrecognized. though somone often makes mistakes when valuing it. but they will definitly undrstnd once when they start missing it.,0,true lov care wil nevr go unrecognized though somone often makes mistakes valuing definitly undrstnd start missing
ham,&lt;#&gt;  great loxahatchee xmas tree burning update: you can totally see stars here,0,lt gt great loxahatchee xmas tree burning update totally see stars
ham,Me fine..absolutly fine,0,fine absolutly fine
ham,Both :) i shoot big loads so get ready!,0,shoot big loads get ready
ham,K I'll be sure to get up before noon and see what's what,0,sure get noon see
ham,Alright took the morphine. Back in yo.,0,alright took morphine back yo
ham,Tmr timin still da same wat cos i got lesson until 6...,0,tmr timin still da wat cos got lesson
ham,HELLO PEACH! MY CAKE TASTS LUSH!,0,hello peach cake tasts lush
ham,Sorry sent blank msg again. Yup but trying 2 do some serious studying now.,0,sorry sent blank msg yup trying serious studying
ham,I'm not driving... Raining! Then i'll get caught at e mrt station lor.,0,driving raining get caught mrt station lor
ham,It is a good thing I'm now getting the connection to bw,0,good thing getting connection bw
ham,Nvm... I'm going to wear my sport shoes anyway... I'm going to be late leh.,0,nvm going wear sport shoes anyway going late leh
ham,Bring home some Wendy =D,0,bring home wendy
ham,Is that seriously how you spell his name?,0,seriously spell name
ham,Your gonna have to pick up a $1 burger for yourself on your way home. I can't even move. Pain is killing me.,0,gon na pick burger way home even move pain killing
ham,Hello madam how are you ?,0,hello madam
ham,Yeah but which is worse for i,0,yeah worse
ham,I knew it... U slept v late yest? Wake up so late...,0,knew slept late yest wake late
ham,Shall i get my pouch?,0,shall get pouch
ham,R ü going 4 today's meeting?,0,going today meeting
ham,BOO BABE! U ENJOYIN YOURJOB? U SEEMED 2 B GETTIN ON WELL HUNNY!HOPE URE OK?TAKE CARE & ILLSPEAK 2U SOONLOTS OF LOVEME XXXX.,0,boo babe enjoyin yourjob seemed gettin well hunny hope ure ok take care llspeak soonlots loveme xxxx
spam,Ringtone Club: Get the UK singles chart on your mobile each week and choose any top quality ringtone! This message is free of charge.,1,ringtone club get uk singles chart mobile week choose top quality ringtone message free charge
spam,"This is the 2nd time we have tried 2 contact u. U have won the £750 Pound prize. 2 claim is easy, call 087187272008 NOW1! Only 10p per minute. BT-national-rate.",1,nd time tried contact pound prize claim easy call per minute bt national rate
ham,I love you. You set my soul on fire. It is not just a spark. But it is a flame. A big rawring flame. XoXo,0,love set soul fire spark flame big rawring flame xoxo
ham,"Nowadays people are notixiquating the laxinorficated opportunity for bambling of entropication.... Have you ever oblisingately opted ur books for the masteriastering amplikater of fidalfication? It is very champlaxigating, i think it is atrocious.. Wotz Ur Opinion???? Junna",0,nowadays people notixiquating laxinorficated opportunity bambling entropication ever oblisingately opted ur books masteriastering amplikater fidalfication champlaxigating think atrocious wotz ur opinion junna
ham,Am surfing online store. For offers do you want to buy any thing.,0,surfing online store offers want buy thing
ham,Still in customer place,0,still customer place
ham,And popping &lt;#&gt; ibuprofens was no help.,0,popping lt gt ibuprofens help
ham,Nokia phone is lovly..,0,nokia phone lovly
ham,I don't know jack shit about anything or i'd say/ask something helpful but if you want you can pretend that I did and just text me whatever in response to the hypotheticalhuagauahahuagahyuhagga,0,know jack shit anything say ask something helpful want pretend text whatever response hypotheticalhuagauahahuagahyuhagga
spam,"Sunshine Hols. To claim ur med holiday send a stamped self address envelope to Drinks on Us UK, PO Box 113, Bray, Wicklow, Eire. Quiz Starts Saturday! Unsub Stop",1,sunshine hols claim ur med holiday send stamped self address envelope drinks us uk po box bray wicklow eire quiz starts saturday unsub stop
ham,Shopping? Eh ger i toking abt syd leh...Haha,0,shopping eh ger toking abt syd leh haha
ham,Just wait till end of march when el nino gets himself. Oh.,0,wait till end march el nino gets oh
ham,So when do you wanna gym?,0,wan na gym
ham,Then ü come n pick me at 530 ar?,0,come pick ar
ham,Actually I decided I was too hungry so I haven't left yet :V,0,actually decided hungry left yet
spam,You won't believe it but it's true. It's Incredible Txts! Reply G now to learn truly amazing things that will blow your mind. From O2FWD only 18p/txt,1,believe true incredible txts reply learn truly amazing things blow mind fwd txt
ham,1Apple/Day=No Doctor. 1Tulsi Leaf/Day=No Cancer. 1Lemon/Day=No Fat. 1Cup Milk/day=No Bone Problms 3 Litres Watr/Day=No Diseases Snd ths 2 Whom U Care..:-),0,apple day doctor tulsi leaf day cancer lemon day fat cup milk day bone problms litres watr day diseases snd ths care
ham,Ok i am on the way to railway,0,ok way railway
spam,Promotion Number: 8714714 - UR awarded a City Break and could WIN a £200 Summer Shopping spree every WK. Txt STORE to 88039 . SkilGme. TsCs087147403231Winawk!Age16 £1.50perWKsub,1,promotion number ur awarded city break could win summer shopping spree every wk txt store skilgme tscs winawk age perwksub
ham,I am in your office na.,0,office na
ham,So how's scotland. Hope you are not over showing your JJC tendencies. Take care. Live the dream,0,scotland hope showing jjc tendencies take care live dream
ham,Oh ho. Is this the first time u use these type of words,0,oh ho first time use type words
ham,Or i go home first lar ü wait 4 me lor.. I put down my stuff first..,0,go home first lar wait lor put stuff first
ham,It means u could not keep ur words.,0,means could keep ur words
ham,Delhi and chennai still silent.,0,delhi chennai still silent
ham,He also knows about lunch menu only da. . I know,0,also knows lunch menu da know
ham,Yes. that will be fine. Love you. Be safe.,0,yes fine love safe
ham,"Sorry, I'll call later",0,sorry call later
spam,"Hello darling how are you today? I would love to have a chat, why dont you tell me what you look like and what you are in to sexy?",1,hello darling today would love chat dont tell look like sexy
ham,I walked an hour 2 c u! doesnt that show I care y wont u believe im serious?,0,walked hour show care wont believe im serious
ham,Going to join tomorrow.,0,going join tomorrow
spam,"Congrats! 2 mobile 3G Videophones R yours. call 09061744553 now! videochat wid ur mates, play java games, Dload polyH music, noline rentl. bx420. ip4. 5we. 150pm",1,congrats mobile videophones call videochat wid ur mates play java games dload polyh music noline rentl bx ip pm
ham,Haha mayb u're rite... U know me well. Da feeling of being liked by someone is gd lor. U faster go find one then all gals in our group attached liao.,0,haha mayb rite know well da feeling liked someone gd lor faster go find one gals group attached liao
ham,Jus finish watching tv... U?,0,jus finish watching tv
ham,She just broke down a list of reasons why nobody's in town and I can't tell if she's being sarcastic or just faggy,0,broke list reasons nobody town tell sarcastic faggy
ham,He telling not to tell any one. If so treat for me hi hi hi,0,telling tell one treat hi hi hi
ham,Thanks. Fills me with complete calm and reassurance! ,0,thanks fills complete calm reassurance
ham,Goin to workout lor... Muz lose e fats... ,0,goin workout lor muz lose fats
ham,Actually i'm waiting for 2 weeks when they start putting ad.,0,actually waiting weeks start putting ad
ham,What to think no one saying clearly. Ok leave no need to ask her. I will go if she come or not,0,think one saying clearly ok leave need ask go come
ham,"Give her something to drink, if she takes it and doesn't vomit then you her temp might drop. If she unmits however let me know.",0,give something drink takes vomit temp might drop unmits however let know
ham,"Tunji, how's the queen? how are you doing. This is just wishing you a great day. Abiola.",0,tunji queen wishing great day abiola
ham,Was just about to ask. Will keep this one. Maybe that's why you didn't get all the messages we sent you on glo,0,ask keep one maybe get messages sent glo
ham,This is hoping you enjoyed your game yesterday. Sorry i've not been in touch but pls know that you are fondly bein thot off. Have a great week. Abiola,0,hoping enjoyed game yesterday sorry touch pls know fondly bein thot great week abiola
ham,Ok lar i double check wif da hair dresser already he said wun cut v short. He said will cut until i look nice.,0,ok lar double check wif da hair dresser already said wun cut short said cut look nice
ham,Many more happy returns of the day. I wish you happy birthday.,0,many happy returns day wish happy birthday
ham,Usually the person is unconscious that's in children but in adults they may just behave abnormally. I.ll call you now,0,usually person unconscious children adults may behave abnormally call
ham,Your bill at 3 is £33.65 so thats not bad!,0,bill thats bad
ham,See you there! ,0,see
ham,No. On the way home. So if not for the long dry spell the season would have been over,0,way home long dry spell season would
ham,Went fast asleep dear.take care.,0,went fast asleep dear take care
ham,Hey what's up charles sorry about the late reply.,0,hey charles sorry late reply
ham,I can send you a pic if you like :),0,send pic like
ham,Omg I want to scream. I weighed myself and I lost more weight! Woohoo!,0,omg want scream weighed lost weight woohoo
ham,That's my honeymoon outfit. :),0,honeymoon outfit
ham,Yup ok thanx...,0,yup ok thanx
ham,Oh and by the way you do have more food in your fridge! Want to go out for a meal tonight? ,0,oh way food fridge want go meal tonight
ham,On the way to office da..,0,way office da
ham,Meeting u is my work. . . Tel me when shall i do my work tomorrow,0,meeting work tel shall work tomorrow
ham,"After my work ah... Den 6 plus lor... U workin oso rite... Den go orchard lor, no other place to go liao...",0,work ah den plus lor workin oso rite den go orchard lor place go liao
ham,Then why no one talking to me,0,one talking
ham,If india win or level series means this is record:),0,india win level series means record
ham,Nope wif my sis lor... Aft bathing my dog then i can bathe... Looks like it's going 2 rain soon.,0,nope wif sis lor aft bathing dog bathe looks like going rain soon
ham,"Sorry, I'll call later in meeting any thing related to trade please call Arul. &lt;#&gt; ",0,sorry call later meeting thing related trade please call arul lt gt
ham,"Sure thing big man. i have hockey elections at 6, shouldn‘t go on longer than an hour though",0,sure thing big man hockey elections go longer hour though
ham,One of the joys in lifeis waking up each daywith thoughts that somewhereSomeone cares enough tosend a warm morning greeting.. -,0,one joys lifeis waking daywith thoughts somewheresomeone cares enough tosend warm morning greeting
ham,"The table's occupied, I'm waiting by the tree",0,table occupied waiting tree
spam,Someone has contacted our dating service and entered your phone because they fancy you! To find out who it is call from a landline 09111032124 . PoBox12n146tf150p,1,someone contacted dating service entered phone fancy find call landline pobox tf
ham,K.then any other special?,0,special
ham,Ok. Very good. Its all about making that money.,0,ok good making money
ham,Wife.how she knew the time of murder exactly,0,wife knew time murder exactly
spam,"Urgent! Please call 09066612661 from your landline, your complimentary 4* Lux Costa Del Sol holiday or £1000 CASH await collection. ppm 150 SAE T&Cs James 28, EH74RR",1,urgent please call landline complimentary lux costa del sol holiday cash await collection ppm sae cs james eh rr
ham,Me sef dey laugh you. Meanwhile how's my darling anjie!,0,sef dey laugh meanwhile darling anjie
ham,Oh yeah I forgot. U can only take 2 out shopping at once.,0,oh yeah forgot take shopping
ham,Oh god. I'm gonna Google nearby cliffs now.,0,oh god gon na google nearby cliffs
spam,u r a winner U ave been specially selected 2 receive £1000 cash or a 4* holiday (flights inc) speak to a live operator 2 claim 0871277810710p/min (18 ),1,winner ave specially selected receive cash holiday flights inc speak live operator claim min
ham,I've told him that i've returned it. That should i re order it.,0,told returned order
ham,"That‘s the thing with apes, u can fight to the death to keep something, but the minute they have it when u let go, thats it!",0,thing apes fight death keep something minute let go thats
ham,"Sorry pa, i dont knw who ru pa?",0,sorry pa dont knw ru pa
ham,Hey. You got any mail?,0,hey got mail
ham,Didn't you get hep b immunisation in nigeria.,0,get hep immunisation nigeria
ham,If you r @ home then come down within 5 min,0,home come within min
ham,Should I head straight there or what,0,head straight
ham,Ok then u tell me wat time u coming later lor.,0,ok tell wat time coming later lor
ham,I cant wait to see you! How were the photos were useful? :),0,cant wait see photos useful
ham,Let Ur Heart Be Ur Compass Ur Mind Ur Map Ur Soul Ur Guide And U Will Never loose in world....gnun - Sent via WAY2SMS.COM,0,let ur heart ur compass ur mind ur map ur soul ur guide never loose world gnun sent via way sms com
ham,No calls..messages..missed calls,0,calls messages missed calls
ham,Fine. Do you remember me.,0,fine remember
ham,"Good! No, don‘t need any receipts—well done! (…) Yes, please tell . What‘s her number, i could ring her",0,good need receipts well done yes please tell number could ring
spam,"Thanks for your ringtone order, reference number X49. Your mobile will be charged 4.50. Should your tone not arrive please call customer services 09065989182. From: [colour=red]text[/colour]TXTstar",1,thanks ringtone order reference number mobile charged tone arrive please call customer services colour red text colour txtstar
ham,I luv u soo much u dont understand how special u r 2 me ring u 2morrow luv u xxx,0,luv soo much understand special ring morrow luv xxx
ham,Is xy in ur car when u picking me up?,0,xy ur car picking
spam,TBS/PERSOLVO. been chasing us since Sept for£38 definitely not paying now thanks to your information. We will ignore them. Kath. Manchester.,1,tbs persolvo chasing us since sept definitely paying thanks information ignore kath manchester
ham,"Get the door, I'm here",0,get door
ham,I plane to give on this month end.,0,plane give month end
ham,I not free today i haf 2 pick my parents up tonite...,0,free today haf pick parents tonite
ham,"I'm eatin now lor, but goin back to work soon... E mountain deer show huh... I watch b4 liao, very nice...",0,eatin lor goin back work soon mountain deer show huh watch liao nice
ham,Babe ? I lost you ... Will you try rebooting ?,0,babe lost try rebooting
ham,"Omw back to tampa from west palm, you hear what happened?",0,omw back tampa west palm hear happened
ham,Ill be at yours in about 3 mins but look out for me,0,ill mins look
ham,"Hello, hello, hi lou sorry it took so long 2 reply- I left mobile at friends in Lancaster, just got it bak Neway im sorry I couldnt make ur bday 2 hun!",0,hello hello hi lou sorry took long reply left mobile friends lancaster got bak neway im sorry make ur day hun
ham,I know a few people I can hit up and fuck to the yes,0,know people hit fuck yes
ham,"Kate jackson rec center before 7ish, right?",0,kate jackson rec center ish right
ham,Free any day but i finish at 6 on mon n thurs...,0,free day finish mon thurs
ham,"Sorry my roommates took forever, it ok if I come by now?",0,sorry roommates took forever ok come
spam,"Will u meet ur dream partner soon? Is ur career off 2 a flyng start? 2 find out free, txt HORO followed by ur star sign, e. g. HORO ARIES",1,meet ur dream partner soon ur career flyng start find free txt horo followed ur star sign horo aries
ham,"Haha I heard that, text me when you're around",0,haha heard text around
ham,Holy living christ what is taking you so long,0,holy living christ taking long
ham,I'm in inside office..still filling forms.don know when they leave me.,0,inside office still filling forms know leave
spam,"Goal! Arsenal 4 (Henry, 7 v Liverpool 2 Henry scores with a simple shot from 6 yards from a pass by Bergkamp to give Arsenal a 2 goal margin after 78 mins.",1,goal arsenal henry liverpool henry scores simple shot yards pass bergkamp give arsenal goal margin mins
ham,Ok no prob. Take ur time.,0,ok prob take ur time
ham,"Alright, see you in a bit",0,alright see bit
ham,"Oh right, ok. I'll make sure that i do loads of work during the day!  got a really nasty cough today and is dry n shot so that should really help it!",0,oh right ok make sure loads work day got really nasty cough today dry shot really help
ham,Did u see what I posted on your Facebook?,0,see posted facebook
ham,Pls give her prometazine syrup. 5mls then  &lt;#&gt; mins later feed.,0,pls give prometazine syrup mls lt gt mins later feed
ham,"As in missionary hook up, doggy hook up, standing...|",0,missionary hook doggy hook standing
ham,Nite...,0,nite
ham,"Babe, I need your advice",0,babe need advice
ham,Ü still attending da talks?,0,still attending da talks
ham,"I got arrested for possession at, I shit you not,  &lt;TIME&gt;  pm",0,got arrested possession shit lt time gt pm
ham,Send me your id and password,0,send id password
ham,How i noe... Did ü specify da domain as nusstu... Ü still in sch...,0,noe specify da domain nusstu still sch
spam,Don't b floppy... b snappy & happy! Only gay chat service with photo upload call 08718730666 (10p/min). 2 stop our texts call 08712460324,1,floppy snappy happy gay chat service photo upload call min stop texts call
ham,"Sweet, we may or may not go to 4U to meet carlos so gauge patty's interest in that",0,sweet may may go meet carlos gauge patty interest
ham,"Probably, want to pick up more?",0,probably want pick
ham,Are you this much buzy,0,much buzy
ham,You only hate me. You can call any but you didnt accept even a single call of mine. Or even you messaged,0,hate call didnt accept even single call mine even messaged
spam,PRIVATE! Your 2003 Account Statement for 07815296484 shows 800 un-redeemed S.I.M. points. Call 08718738001 Identifier Code 41782 Expires 18/11/04 ,1,private account statement shows un redeemed points call identifier code expires
ham,I've got it down to a tea. not sure which flavour,0,got tea sure flavour
ham,Really... I tot ur paper ended long ago... But wat u copied jus now got use? U happy lar... I still haf 2 study :-(,0,really tot ur paper ended long ago wat copied jus got use happy lar still haf study
ham,Black shirt n blue jeans... I thk i c ü...,0,black shirt blue jeans thk
ham,Dont flatter yourself... Tell that man of mine two pints of carlin in ten minutes please.... ,0,dont flatter tell man mine two pints carlin ten minutes please
ham,Tmrw. Im finishing 9 doors,0,tmrw im finishing doors
ham,Have you seen who's back at Holby?!,0,seen back holby
ham,Did you stitch his trouser,0,stitch trouser
spam,"New Mobiles from 2004, MUST GO! Txt: NOKIA to No: 89545 & collect yours today! From ONLY £1. www.4-tc.biz 2optout 087187262701.50gbp/mtmsg18 TXTAUCTION.",1,new mobiles must go txt nokia collect today www tc biz optout gbp mtmsg txtauction
ham,Haha... Hope ü can hear the receipt sound... Gd luck!,0,haha hope hear receipt sound gd luck
ham,I am not having her number sir,0,number sir
ham,"It's wylie, you in tampa or sarasota?",0,wylie tampa sarasota
ham,"I'm not coming over, do whatever you want",0,coming whatever want
ham,Hey i'm bored... So i'm thinking of u... So wat r u doing?,0,hey bored thinking wat
ham,Alright i have a new goal now,0,alright new goal
ham,Yes da. Any plm at ur office,0,yes da plm ur office
ham,Hi Dear Call me its urgnt. I don't know whats your problem. You don't want to work or if you have any other problem at least tell me. Wating for your reply.,0,hi dear call urgnt know whats problem want work problem least tell wating reply
ham,"Not sure yet, still trying to get a hold of him",0,sure yet still trying get hold
spam,"Urgent! call 09066612661 from landline. Your complementary 4* Tenerife Holiday or £10,000 cash await collection SAE T&Cs PO Box 3 WA14 2PX 150ppm 18+ Sender: Hol Offer",1,urgent call landline complementary tenerife holiday cash await collection sae cs po box wa px ppm sender hol offer
ham,"HELLOGORGEOUS, HOWS U? MY FONE WAS ON CHARGE LST NITW WEN U TEXD ME. HOPEU AD A NICE WKEND AS IM SURE U DID LOOKIN 4WARD 2 C-IN U 2MRW LUV JAZ",0,hellogorgeous hows fone charge lst nitw wen texd hopeu ad nice wkend im sure lookin ward mrw luv jaz
ham,"He has lots of used ones babe, but the model doesn't help. Youi have to bring it over and he'll match it up",0,lots used ones babe model help youi bring match
ham,Ok lor. Anyway i thk we cant get tickets now cos like quite late already. U wan 2 go look 4 ur frens a not? Darren is wif them now...,0,ok lor anyway thk cant get tickets cos like quite late already wan go look ur frens darren wif
ham,Yetunde i'm in class can you not run water on it to make it ok. Pls now.,0,yetunde class run water make ok pls
ham,Great comedy..cant stop laughing da:),0,great comedy cant stop laughing da
ham,"GOD ASKED, ""What is forgiveness?"" A little child gave lovely reply, ""It is d wonderful fruit that a tree gives when it is being hurt by a stone.. Good night......",0,god asked forgiveness little child gave lovely reply wonderful fruit tree gives hurt stone good night
ham,"Hey elaine, is today's meeting still on?",0,hey elaine today meeting still
spam,"We know someone who you know that fancies you. Call 09058097218 to find out who. POBox 6, LS15HB 150p",1,know someone know fancies call find pobox ls hb
ham,I am in escape theatre now. . Going to watch KAVALAN in a few minutes,0,escape theatre going watch kavalan minutes
ham,I am in a marriage function,0,marriage function
ham,Who u talking about?,0,talking
ham,"Ok thats cool. Its , just off either raglan rd or edward rd. Behind the cricket ground. Gimme ring when ur closeby see you tuesday.",0,ok thats cool either raglan rd edward rd behind cricket ground gim ring ur closeby see tuesday
ham,Sorry about that this is my mates phone and i didnt write it love Kate,0,sorry mates phone didnt write love kate
ham,Ok.. Ü finishing soon?,0,ok finishing soon
spam,+123 Congratulations - in this week's competition draw u have won the £1450 prize to claim just call 09050002311 b4280703. T&Cs/stop SMS 08718727868. Over 18 only 150ppm,1,congratulations week competition draw prize claim call cs stop sms ppm
ham,I am taking half day leave bec i am not well,0,taking half day leave bec well
ham,I hope you arnt pissed off but id would really like to see you tomorrow. Love me xxxxxxxxxxxxxX,0,hope arnt pissed id would really like see tomorrow love xxxxxxxxxxxxxx
ham,o turns out i had stereo love on mi phone under the unknown album.,0,turns stereo love mi phone unknown album
ham,Great. P diddy is my neighbor and comes for toothpaste every morning,0,great diddy neighbor comes toothpaste every morning
ham,Talk to g and x about that,0,talk
spam,Please CALL 08712402779 immediately as there is an urgent message waiting for you,1,please call immediately urgent message waiting
ham,"Sorry, I'll call later",0,sorry call later
ham,"sure, but make sure he knows we ain't smokin yet",0,sure make sure knows smokin yet
ham,Let me know if you need anything else. Salad or desert or something... How many beers shall i get?,0,let know need anything else salad desert something many beers shall get
ham,She went to attend another two rounds today..but still did't reach home..,0,went attend another two rounds today still reach home
ham,New car and house for my parents.:)i have only new job in hand:),0,new car house parents new job hand
ham,I realise you are a busy guy and i'm trying not to be a bother. I have to get some exams outta the way and then try the cars. Do have a gr8 day,0,realise busy guy trying bother get exams outta way try cars gr day
ham,Cab is available.they pick up and drop at door steps.,0,cab available pick drop door steps
ham,"Forgot you were working today! Wanna chat, but things are ok so drop me a text when you're free / bored etc and i'll ring. Hope all is well, nose essay and all xx",0,forgot working today wan na chat things ok drop text free bored etc ring hope well nose essay xx
ham,Hanging out with my brother and his family,0,hanging brother family
ham,Haiyoh... Maybe your hamster was jealous of million,0,haiyoh maybe hamster jealous million
ham,TELL HER I SAID EAT SHIT.,0,tell said eat shit
ham,I am literally in bed and have been up for like  &lt;#&gt;  hours,0,literally bed like lt gt hours
ham,Hi:)cts employee how are you?,0,hi cts employee
ham,I'm home...,0,home
ham,Me i'm not workin. Once i get job...,0,workin get job
ham,Hey i've booked the 2 lessons on sun liao...,0,hey booked lessons sun liao
ham,"I just got home babe, are you still awake ?",0,got home babe still awake
ham,Are you angry with me. What happen dear,0,angry happen dear
ham,Also fuck you and your family for going to rhode island or wherever the fuck and leaving me all alone the week I have a new bong &gt;:(,0,also fuck family going rhode island wherever fuck leaving alone week new bong gt
ham,Goodo! Yes we must speak friday - egg-potato ratio for tortilla needed! ,0,goodo yes must speak friday egg potato ratio tortilla needed
ham,Then what about further plan?,0,plan
ham,", ow u dey.i paid 60,400thousad.i told  u would call . ",0,ow dey paid thousad told would call
ham,I keep ten rs in my shelf:) buy two egg.,0,keep ten rs shelf buy two egg
ham,Oh :-)only 4 outside players allowed to play know,0,oh outside players allowed play know
ham,Hi dis is yijue i would be happy to work wif ü all for gek1510...,0,hi dis yijue would happy work wif gek
spam,"FREE RINGTONE text FIRST to 87131 for a poly or text GET to 87131 for a true tone! Help? 0845 2814032 16 after 1st free, tones are 3x£150pw to e£nd txt stop",1,free ringtone text first poly text get true tone help st free tones pw nd txt stop
ham,K.k:)advance happy pongal.,0,advance happy pongal
ham,Howz that persons story,0,howz persons story
spam,Enjoy the jamster videosound gold club with your credits for 2 new videosounds+2 logos+musicnews! get more fun from jamster.co.uk! 16+only Help? call: 09701213186 ,1,enjoy jamster videosound gold club credits new videosounds logos musicnews get fun jamster co uk help call
ham,Oh k.k..where did you take test?,0,oh take test
ham,"Yes obviously, but you are the eggs-pert and the potato head… Speak soon! ",0,yes obviously eggs pert potato head speak soon
ham,I tagged MY friends that you seemed to count as YOUR friends.,0,tagged friends seemed count friends
ham,Thnx dude. u guys out 2nite?,0,thnx dude guys nite
spam,For the most sparkling shopping breaks from 45 per person; call 0121 2025050 or visit www.shortbreaks.org.uk,1,sparkling shopping breaks per person call visit www shortbreaks org uk
ham,No message..no responce..what happend?,0,message responce happend
ham,Pls what's the full name of joke's school cos fees in university of florida seem to actually be  &lt;#&gt; k. Pls holla back,0,pls full name joke school cos fees university florida seem actually lt gt pls holla back
ham,Hey happy birthday...,0,hey happy birthday
ham,Dip's cell dead. So i m coming with him. U better respond else we shall come back.,0,dip cell dead coming better respond else shall come back
ham,"A boy was late 2 home. His father: ""POWER OF FRNDSHIP""",0,boy late home father power frndship
spam,"Thanks for your Ringtone Order, Reference T91. You will be charged GBP 4 per week. You can unsubscribe at anytime by calling customer services on 09057039994",1,thanks ringtone order reference charged gbp per week unsubscribe anytime calling customer services
ham,"Sorry, my battery died, I can come by but I'm only getting a gram for now, where's your place?",0,sorry battery died come getting gram place
ham,R U &SAM P IN EACHOTHER. IF WE MEET WE CAN GO 2 MY HOUSE,0,sam eachother meet go house
ham,Thanx but my birthday is over already.,0,thanx birthday already
ham,happened here while you were adventuring,0,happened adventuring
ham,Congratulations ore mo owo re wa. Enjoy it and i wish you many happy moments to and fro wherever you go,0,congratulations ore mo owo wa enjoy wish many happy moments fro wherever go
spam,SMS AUCTION You have won a Nokia 7250i. This is what you get when you win our FREE auction. To take part send Nokia to 86021 now. HG/Suite342/2Lands Row/W1JHL 16+,1,sms auction nokia get win free auction take part send nokia hg suite lands row jhl
ham,Good Morning plz call me sir,0,good morning plz call sir
ham,U should have made an appointment,0,made appointment
spam,500 free text msgs. Just text ok to 80488 and we'll credit your account,1,free text msgs text ok credit account
ham,"Short But Cute: ""Be a good person, but dont try to prove it.."" .Gud noon....",0,short cute good person dont try prove gud noon
ham,"Awesome question with a cute answer: Someone asked a boy ""how is ur life?"" . . He smiled &amp; answered: . . ""She is fine!"" Gudnite",0,awesome question cute answer someone asked boy ur life smiled amp answered fine gudnite
ham,"Ola would get back to you maybe not today but I ve told him you can be his direct link in the US in getting cars he bids for online, you arrange shipping and you get a cut. Or U????? For a partnership where U????? Invest money for shipping and he takes care of the rest!U??Wud b self reliant soon dnt worry",0,ola would get back maybe today told direct link us getting cars bids online arrange shipping get cut partnership invest money shipping takes care rest wud self reliant soon dnt worry
ham,"Sorry, I'll call later",0,sorry call later
spam,Missed call alert. These numbers called but left no message. 07008009200,1,missed call alert numbers called left message
ham,IM GONNAMISSU SO MUCH!!I WOULD SAY IL SEND U A POSTCARD BUTTHERES ABOUTAS MUCH CHANCE OF MEREMEMBERIN ASTHERE IS OFSI NOT BREAKIN HIS CONTRACT!! LUV Yaxx,0,im gonnamissu much would say il send postcard buttheres aboutas much chance merememberin asthere ofsi breakin contract luv yaxx
ham,Omg Joanna is freaking me out. She's looked thru all my friends to find photos of me. And then she's asking about stuff on my MySpace which I haven't even logged on in like a year. :/,0,omg joanna freaking looked thru friends find photos asking stuff myspace even logged like year
ham,Audrie lousy autocorrect,0,audrie lousy autocorrect
ham,Auntie huai juan never pick up her phone,0,auntie huai juan never pick phone
spam,"U were outbid by simonwatson5120 on the Shinco DVD Plyr. 2 bid again, visit sms. ac/smsrewards 2 end bid notifications, reply END OUT",1,outbid simonwatson shinco dvd plyr bid visit sms ac smsrewards end bid notifications reply end
ham,"Yeah there's quite a bit left, I'll swing by tomorrow when I get up",0,yeah quite bit left swing tomorrow get
ham,I will be gentle princess! We will make sweet gentle love...,0,gentle princess make sweet gentle love
ham,Hey now am free you can call me.,0,hey free call
ham,At home also.,0,home also
ham,Dis is yijue. I jus saw ur mail. In case huiming havent sent u my num. Dis is my num.,0,dis yijue jus saw ur mail case huiming havent sent num dis num
ham,"Nimbomsons. Yep phone knows that one. Obviously, cos thats a real word",0,nimbomsons yep phone knows one obviously cos thats real word
ham,At what time are you coming.,0,time coming
ham,Is fujitsu s series lifebook good?,0,fujitsu series lifebook good
ham,Yes i will be there. Glad you made it.,0,yes glad made
ham,Can ü all decide faster cos my sis going home liao..,0,decide faster cos sis going home liao
spam,"Free Msg: get Gnarls Barkleys ""Crazy"" ringtone TOTALLY FREE just reply GO to this message right now!",1,free msg get gnarls barkleys crazy ringtone totally free reply go message right
ham,Text her. If she doesnt reply let me know so i can have her log in,0,text doesnt reply let know log
ham,"No I'm good for the movie, is it ok if I leave in an hourish?",0,good movie ok leave hourish
spam,You have 1 new message. Please call 08718738034.,1,new message please call
ham,"If e timing can, then i go w u lor...",0,timing go lor
ham,Yes.he have good crickiting mind,0,yes good crickiting mind
spam,Our records indicate u maybe entitled to 5000 pounds in compensation for the Accident you had. To claim 4 free reply with CLAIM to this msg. 2 stop txt STOP,1,records indicate maybe entitled pounds compensation accident claim free reply claim msg stop txt stop
ham,AH POOR BABY!HOPE URFEELING BETTERSN LUV! PROBTHAT OVERDOSE OF WORK HEY GO CAREFUL SPK 2 U SN LOTS OF LOVEJEN XXX.,0,ah poor baby hope urfeeling bettersn luv probthat overdose work hey go careful spk sn lots lovejen xxx
ham,I got lousy sleep. I kept waking up every 2 hours to see if my cat wanted to come in. I worry about him when its cold :(,0,got lousy sleep kept waking every hours see cat wanted come worry cold
ham,Just now saw your message.it k da:),0,saw message da
ham,"What are you doing in langport? Sorry, but I'll probably be in bed by 9pm. It sucks being ill at xmas! When do you and go2sri lanka? ",0,langport sorry probably bed pm sucks ill xmas go sri lanka
ham,How's it going? Got any exciting karaoke type activities planned? I'm debating whether to play football this eve. Feeling lazy though.,0,going got exciting karaoke type activities planned debating whether play football eve feeling lazy though
ham,EY! CALM DOWNON THEACUSATIONS.. ITXT U COS IWANA KNOW WOTU R DOIN AT THEW/END... HAVENTCN U IN AGES..RING ME IF UR UP4 NETHING SAT.LOVE J XXX.,0,ey calm downon theacusations itxt cos iwana know wotu doin thew end haventcn ages ring ur nething sat love xxx
ham,"Perhaps * is much easy give your account identification, so i will tomorrow at UNI",0,perhaps much easy give account identification tomorrow uni
ham,Yup i'm elaborating on the safety aspects and some other issues..,0,yup elaborating safety aspects issues
ham,"Ya ok, vikky vl c witin  &lt;#&gt; mins and il reply u..",0,ya ok vikky vl witin lt gt mins il reply
ham,Shant disturb u anymore... Jia you...,0,shant disturb anymore jia
ham,There's someone here that has a year  &lt;#&gt;  toyota camry like mr olayiwola's own. Mileage is  &lt;#&gt; k.its clean but i need to know how much will it sell for. If i can raise the dough for it how soon after landing will it sell. Holla back.,0,someone year lt gt toyota camry like mr olayiwola mileage lt gt clean need know much sell raise dough soon landing sell holla back
ham,"Ta-Daaaaa! I am home babe, are you still up ?",0,ta daaaaa home babe still
ham,"HI HUN! IM NOT COMIN 2NITE-TELL EVERY1 IM SORRY 4 ME, HOPE U AVA GOODTIME!OLI RANG MELNITE IFINK IT MITE B SORTED,BUT IL EXPLAIN EVERYTHIN ON MON.L8RS.x",0,hi hun im comin nite tell every im sorry hope ava goodtime oli rang melnite ifink mite sorted il explain everythin mon rs
ham,Sorry to be a pain. Is it ok if we meet another night? I spent late afternoon in casualty and that means i haven't done any of y stuff42moro and that includes all my time sheets and that. Sorry. ,0,sorry pain ok meet another night spent late afternoon casualty means done stuff moro includes time sheets sorry
ham,HI BABE U R MOST LIKELY TO BE IN BED BUT IM SO SORRY ABOUT TONIGHT! I REALLY WANNA SEE U TOMORROW SO CALL ME AT 9. LOVE ME XXX,0,hi babe likely bed im sorry tonight really wan na see tomorrow call love xxx
spam,Want a new Video Phone? 750 anytime any network mins? Half price line rental free text for 3 months? Reply or call 08000930705 for free delivery,1,want new video phone anytime network mins half price line rental free text months reply call free delivery
ham,"Can you pls pls send me a mail on all you know about relatives coming to deliver here? All you know about costs, risks, benefits and anything else. Thanks.",0,pls pls send mail know relatives coming deliver know costs risks benefits anything else thanks
ham,S da..al r above  &lt;#&gt;,0,da al lt gt
spam,"For ur chance to win £250 cash every wk TXT: PLAY to 83370. T's&C's www.music-trivia.net custcare 08715705022, 1x150p/wk.",1,ur chance win cash every wk txt play www music trivia net custcare wk
ham,What time you coming down later? ,0,time coming later
ham,Hey! Congrats 2u2. id luv 2 but ive had 2 go home!,0,hey congrats id luv ive go home
ham,I have no money 4 steve mate! !,0,money steve mate
ham,Then just eat a shit and wait for ur monkey face bitch.......... U asshole..................,0,eat shit wait ur monkey face bitch asshole
ham,Don't forget who owns you and who's private property you are ... And be my good boy always .. *passionate kiss*,0,forget owns private property good boy always passionate kiss
ham,"They can try! They can get lost, in fact. Tee hee",0,try get lost fact tee hee
ham,Hi msg me:)i'm in office..,0,hi msg office
ham,K ill drink.pa then what doing. I need srs model pls send it to my mail id pa.,0,ill drink pa need srs model pls send mail id pa
ham,"Can you please ask macho what his price range is, does he want something new or used plus it he only interfued in the blackberry bold  &lt;#&gt;  or any bb",0,please ask macho price range want something new used plus interfued blackberry bold lt gt bb
ham,Aight do you still want to get money,0,aight still want get money
spam,"Think ur smart ? Win £200 this week in our weekly quiz, text PLAY to 85222 now!T&Cs WinnersClub PO BOX 84, M26 3UZ. 16+. GBP1.50/week",1,think ur smart win week weekly quiz text play cs winnersclub po box uz gbp week
spam,This message is brought to you by GMW Ltd. and is not connected to the,1,message brought gmw ltd connected
ham,Glad to see your reply.,0,glad see reply
ham,Call me when u finish then i come n pick u.,0,call finish come pick
spam,URGENT! We are trying to contact you. Last weekends draw shows that you have won a £900 prize GUARANTEED. Call 09061701939. Claim code S89. Valid 12hrs only,1,urgent trying contact last weekends draw shows prize guaranteed call claim code valid hrs
ham,Nice.nice.how is it working?,0,nice nice working
ham,"Fyi I'm taking a quick shower, be at epsilon in like  &lt;#&gt;  min",0,fyi taking quick shower epsilon like lt gt min
ham,Umma. Did she say anything,0,umma say anything
ham,Do well :)all will for little time. Thing of good times ahead:,0,well little time thing good times ahead
ham,Ü eatin later but i'm eatin wif my frens now lei... Ü going home first? ,0,eatin later eatin wif frens lei going home first
ham,Ahhh. Work. I vaguely remember that! What does it feel like? Lol,0,ahhh work vaguely remember feel like lol
ham,Life style garments account no please.,0,life style garments account please
ham,"I wonder how you got online, my love ? Had you gone to the net cafe ? Did you get your phone recharged ? Were you on a friends net ? I think of you, boytoy",0,wonder got online love gone net cafe get phone recharged friends net think boytoy
ham,"Do 1 thing! Change that sentence into: ""Because i want 2 concentrate in my educational career im leaving here..""",0,thing change sentence want concentrate educational career im leaving
ham,"Painful words- ""I thought being Happy was the most toughest thing on Earth... But, the toughest is acting Happy with all unspoken pain inside..""",0,painful words thought happy toughest thing earth toughest acting happy unspoken pain inside
ham,Ok leave no need to ask,0,ok leave need ask
ham,No objection. My bf not coming.,0,objection bf coming
ham,Go fool dont cheat others ok,0,go fool dont cheat others ok
ham,"Sorry to trouble u again. Can buy 4d for my dad again? 1405, 1680, 1843. All 2 big 1 small, sat n sun. Thanx.",0,sorry trouble buy dad big small sat sun thanx
ham,Ok lor...,0,ok lor
ham,Can come my room but cannot come my house cos my house still messy... Haha...,0,come room come house cos house still messy haha
ham,Anytime...,0,anytime
ham,R u meeting da ge at nite tmr?,0,meeting da ge nite tmr
ham,Not course. Only maths one day one chapter with in one month we can finish.,0,course maths one day one chapter one month finish
ham,Baaaaaaaabe! Wake up ! I miss you ! I crave you! I need you!,0,baaaaaaaabe wake miss crave need
ham,"One of best dialogue in cute reltnship..!! ""Wen i Die, Dont Come Near My Body..!! Bcoz My Hands May Not Come 2 Wipe Ur Tears Off That Time..!Gud ni8",0,one best dialogue cute reltnship wen die dont come near body bcoz hands may come wipe ur tears time gud ni
ham,"Save yourself the stress. If the person has a dorm account, just send your account details and the money will be sent to you.",0,save stress person dorm account send account details money sent
ham,That would be great. We'll be at the Guild. Could meet on Bristol road or somewhere - will get in touch over weekend. Our plans take flight! Have a good week,0,would great guild could meet bristol road somewhere get touch weekend plans take flight good week
ham,Ok anyway no need to change with what you said,0,ok anyway need change said
ham,I.ll post her out l8r. In class,0,post class
ham,Some of them told accenture is not confirm. Is it true.,0,told accenture confirm true
ham,"Wait that's still not all that clear, were you not sure about me being sarcastic or that that's why x doesn't want to live with us",0,wait still clear sure sarcastic want live us
ham,Ok,0,ok
ham,Yes. They replied my mail. I'm going to the management office later. Plus will in to bank later also.or on wednesday.,0,yes replied mail going management office later plus bank later also wednesday
ham,Can you let me know details of fri when u find out cos I'm not in tom or fri. mentionned chinese. Thanks,0,let know details fri find cos tom fri mentionned chinese thanks
ham,Loosu go to hospital. De dont let it careless.,0,loosu go hospital de dont let careless
ham,Cramps stopped. Going back to sleep,0,cramps stopped going back sleep
ham,"This is one of the days you have a billion classes, right?",0,one days billion classes right
ham,Okay. I've seen it. So i should pick it on friday?,0,okay seen pick friday
ham,Lol yep did that yesterday. Already got my fireplace. Now its just another icon sitting there for me.,0,lol yep yesterday already got fireplace another icon sitting
ham,Yar lor actually we quite fast... Cos da ge slow wat... Haha...,0,yar lor actually quite fast cos da ge slow wat haha
ham,I wil be there with in  &lt;#&gt;  minutes. Got any space,0,wil lt gt minutes got space
ham,"So many people seems to be special at first sight, But only very few will remain special to you till your last sight.. Maintain them till life ends.. take cr da",0,many people seems special first sight remain special till last sight maintain till life ends take cr da
ham,Hi its in durban are you still on this number,0,hi durban still number
ham,Lol grr my mom is taking forever with my prescription. Pharmacy is like 2 minutes away. Ugh.,0,lol grr mom taking forever prescription pharmacy like minutes away ugh
ham,Change again... It's e one next to escalator...,0,change one next escalator
ham,He's just gonna worry for nothing. And he won't give you money its no use.,0,gon na worry nothing give money use
ham,My uncles in Atlanta. Wish you guys a great semester.,0,uncles atlanta wish guys great semester
ham,Aiyo cos i sms ü then ü neva reply so i wait 4 ü to reply lar. I tot ü havent finish ur lab wat.,0,aiyo cos sms neva reply wait reply lar tot havent finish ur lab wat
ham,"Beautiful Truth against Gravity.. Read carefully: ""Our heart feels light when someone is in it.. But it feels very heavy when someone leaves it.."" GOODMORNING",0,beautiful truth gravity read carefully heart feels light someone feels heavy someone leaves goodmorning
ham,Should I tell my friend not to come round til like  &lt;#&gt; ish?,0,tell friend come round til like lt gt ish
ham,"8 at the latest, g's still there if you can scrounge up some ammo and want to give the new ak a try",0,latest still scrounge ammo want give new ak try
spam,BIG BROTHER ALERT! The computer has selected u for 10k cash or #150 voucher. Call 09064018838. NTT PO Box CRO1327 18+ BT Landline Cost 150ppm mobiles vary,1,big brother alert computer selected cash voucher call ntt po box cro bt landline cost ppm mobiles vary
ham,Hi babe its me thanks for coming even though it didnt go that well!i just wanted my bed! Hope to see you soon love and kisses xxx,0,hi babe thanks coming even though didnt go well wanted bed hope see soon love kisses xxx
ham,Oh shut it. Omg yesterday I had a dream that I had 2 kids both boys. I was so pissed. Not only about the kids but them being boys. I even told mark in my dream that he was changing diapers cause I'm not getting owed in the face.,0,oh shut omg yesterday dream kids boys pissed kids boys even told mark dream changing diapers cause getting owed face
ham,Anything lor... U decide...,0,anything lor decide
ham, and  picking them up from various points,0,picking various points
ham,Just seeing your missed call my dear brother. Do have a gr8 day.,0,seeing missed call dear brother gr day
ham,"Single line with a big meaning::::: ""Miss anything 4 ur ""Best Life"" but, don't miss ur best life for anything... Gud nyt...",0,single line big meaning miss anything ur best life miss ur best life anything gud nyt
ham,Ok. Every night take a warm bath drink a cup of milk and you'll see a work of magic. You still need to loose weight. Just so that you know,0,ok every night take warm bath drink cup milk see work magic still need loose weight know
ham,"Dunno, my dad said he coming home 2 bring us out 4 lunch. Yup i go w u lor. I call u when i reach school lor...",0,dunno dad said coming home bring us lunch yup go lor call reach school lor
ham,"Night has ended for another day, morning has come in a special way. May you smile like the sunny rays and leaves your worries at the blue blue bay. Gud mrng",0,night ended another day morning come special way may smile like sunny rays leaves worries blue blue bay gud mrng
ham,Ok darlin i supose it was ok i just worry too much.i have to do some film stuff my mate and then have to babysit again! But you can call me there.xx,0,ok darlin supose ok worry much film stuff mate babysit call xx
ham,"Short But Cute : "" Be a good person , but dont try to prove"" ..... Gud mrng...",0,short cute good person dont try prove gud mrng
ham,No. To be nosy I guess. Idk am I over reacting if I'm freaked?,0,nosy guess idk reacting freaked
ham,Ok . . now i am in bus. . If i come soon i will come otherwise tomorrow,0,ok bus come soon come otherwise tomorrow
ham,somewhere out there beneath the pale moon light someone think in of u some where out there where dreams come true... goodnite &amp; sweet dreams,0,somewhere beneath pale moon light someone think dreams come true goodnite amp sweet dreams
ham,"Aiyo... U always c our ex one... I dunno abt mei, she haven reply... First time u reply so fast... Y so lucky not workin huh, got bao by ur sugardad ah...gee.. ",0,aiyo always ex one dunno abt mei reply first time reply fast lucky workin huh got bao ur sugardad ah gee
ham,I'm fine. Hope you are good. Do take care.,0,fine hope good take care
ham,How much for an eighth?,0,much eighth
ham,Buzzzz! *grins* Did I buzz your ass? Buzz your chest ? Buzz your cock ? Where do you keep your phone ? Is the vibrator on ? Did you feel it shake ?,0,buzzzz grins buzz ass buzz chest buzz cock keep phone vibrator feel shake
ham,"Yeah, probably here for a while",0,yeah probably
ham,Dunno lei... I might b eatin wif my frens... If ü wan to eat then i wait 4 ü lar,0,dunno lei might eatin wif frens wan eat wait lar
ham,Future is not what we planned for tomorrow.....! it is the result of what we do today...! Do the best in present... enjoy the future.,0,future planned tomorrow result today best present enjoy future
ham,Its a great day. Do have yourself a beautiful one.,0,great day beautiful one
ham,Tell dear what happen to you. Why you talking to me like an alian,0,tell dear happen talking like alian
spam,Congratulations ur awarded either £500 of CD gift vouchers & Free entry 2 our £100 weekly draw txt MUSIC to 87066 TnCs www.Ldew.com1win150ppmx3age16,1,congratulations ur awarded either cd gift vouchers free entry weekly draw txt music tncs www ldew com win ppmx age
ham,Check audrey's status right now,0,check audrey status right
ham,"Life is more strict than teacher... Bcoz Teacher teaches lesson &amp; then conducts exam, But Life first conducts Exam &amp; then teaches Lessons. Happy morning. . .",0,life strict teacher bcoz teacher teaches lesson amp conducts exam life first conducts exam amp teaches lessons happy morning
ham,"Like  &lt;#&gt; , same question",0,like lt gt question
ham,"I can make it up there, squeezed  &lt;#&gt;  bucks out of my dad",0,make squeezed lt gt bucks dad
ham,"Night night, see you tomorrow",0,night night see tomorrow
ham,Will purchase d stuff today and mail to you. Do you have a po box number?,0,purchase stuff today mail po box number
ham,Crucify is c not s. You should have told me earlier.,0,crucify told earlier
ham,Maybe you should find something else to do instead???,0,maybe find something else instead
ham,R u sure they'll understand that! Wine * good idea just had a slurp!,0,sure understand wine good idea slurp
ham,How do you plan to manage that,0,plan manage
ham,Jay's getting really impatient and belligerent,0,jay getting really impatient belligerent
ham,Okie...,0,okie
ham,i see. When we finish we have loads of loans to pay,0,see finish loads loans pay
ham,"Shit that is really shocking and scary, cant imagine for a second. Def up for night out. Do u think there is somewhere i could crash for night, save on taxi?",0,shit really shocking scary cant imagine second def night think somewhere could crash night save taxi
ham,No just send to you. Bec you in temple na.,0,send bec temple na
ham,Ok lor.,0,ok lor
ham,How to Make a girl Happy? It's not at all difficult to make girls happy. U only need to be... 1. A friend 2. Companion 3. Lover 4. Chef . . .  &lt;#&gt; . Good listener  &lt;#&gt; . Organizer  &lt;#&gt; . Good boyfriend  &lt;#&gt; . Very clean  &lt;#&gt; . Sympathetic  &lt;#&gt; . Athletic  &lt;#&gt; . Warm . . .  &lt;#&gt; . Courageous  &lt;#&gt; . Determined  &lt;#&gt; . True  &lt;#&gt; . Dependable  &lt;#&gt; . Intelligent . . .  &lt;#&gt; . Psychologist  &lt;#&gt; . Pest exterminator  &lt;#&gt; . Psychiatrist  &lt;#&gt; . Healer . .  &lt;#&gt; . Stylist  &lt;#&gt; . Driver . . Aaniye pudunga venaam..,0,make girl happy difficult make girls happy need friend companion lover chef lt gt good listener lt gt organizer lt gt good boyfriend lt gt clean lt gt sympathetic lt gt athletic lt gt warm lt gt courageous lt gt determined lt gt true lt gt dependable lt gt intelligent lt gt psychologist lt gt pest exterminator lt gt psychiatrist lt gt healer lt gt stylist lt gt driver aaniye pudunga venaam
ham,I am 6 ft. We will be a good combination!,0,ft good combination
ham,Aiyah ok wat as long as got improve can already wat...,0,aiyah ok wat long got improve already wat
spam,"Your account has been credited with 500 FREE Text Messages. To activate, just txt the word: CREDIT to No: 80488 T&Cs www.80488.biz",1,account credited free text messages activate txt word credit cs www biz
ham,Quite late lar... Ard 12 anyway i wun b drivin...,0,quite late lar ard anyway wun drivin
ham,U definitely need a module from e humanities dis sem izzit? U wan 2 take other modules 1st?,0,definitely need module humanities dis sem izzit wan take modules st
ham,Thanks honey. Have a great day.,0,thanks honey great day
ham,Stop the story. I've told him i've returned it and he's saying i should not re order it.,0,stop story told returned saying order
ham,SERIOUSLY. TELL HER THOSE EXACT WORDS RIGHT NOW.,0,seriously tell exact words right
spam,FREE for 1st week! No1 Nokia tone 4 ur mob every week just txt NOKIA to 8007 Get txting and tell ur mates www.getzed.co.uk POBox 36504 W45WQ norm150p/tone 16+,1,free st week nokia tone ur mob every week txt nokia get txting tell ur mates www getzed co uk pobox wq norm tone
ham,I'm at home n ready...,0,home ready
ham,I uploaded mine to Facebook,0,uploaded mine facebook
ham,Can ü call me at 10:10 to make sure dat i've woken up...,0,call make sure dat woken
ham,I asked sen to come chennai and search for job.,0,asked sen come chennai search job
ham,Yup next stop.,0,yup next stop
ham,"Yeah, don't go to bed, I'll be back before midnight",0,yeah go bed back midnight
spam,FREE for 1st week! No1 Nokia tone 4 ur mob every week just txt NOKIA to 87077 Get txting and tell ur mates. zed POBox 36504 W45WQ norm150p/tone 16+,1,free st week nokia tone ur mob every week txt nokia get txting tell ur mates zed pobox wq norm tone
ham,S...i will take mokka players only:),0,take mokka players
ham,You have registered Sinco as Payee. Log in at icicibank.com and enter URN  &lt;#&gt;  to confirm. Beware of frauds. Do NOT share or disclose URN to anyone.,0,registered sinco payee log icicibank com enter urn lt gt confirm beware frauds share disclose urn anyone
ham,I will spoil you in bed as well :),0,spoil bed well
ham,";-( oh well, c u later",0,oh well later
ham,Thanx u darlin!im cool thanx. A few bday drinks 2 nite. 2morrow off! Take care c u soon.xxx,0,thanx darlin im cool thanx bday drinks nite morrow take care soon xxx
ham,"Chinatown got porridge, claypot rice, yam cake, fishhead beehoon... Either we eat cheap den go cafe n tok or go nydc or somethin...",0,chinatown got porridge claypot rice yam cake fishhead beehoon either eat cheap den go cafe tok go nydc somethin
ham,"Pete,is this your phone still? Its Jenny from college and Leanne.what are you up to now?:)",0,pete phone still jenny college leanne
ham,Have you laid your airtel line to rest?,0,laid airtel line rest
ham,We have all rounder:)so not required:),0,rounder required
ham,What happen dear tell me,0,happen dear tell
ham,"Well the general price is  &lt;#&gt; /oz, let me know if/when/how much you want",0,well general price lt gt oz let know much want
ham,Why did I wake up on my own &gt;:(,0,wake gt
ham,"Well am officially in a philosophical hole, so if u wanna call am at home ready to be saved!",0,well officially philosophical hole wan na call home ready saved
spam,"500 New Mobiles from 2004, MUST GO! Txt: NOKIA to No: 89545 & collect yours today!From ONLY £1 www.4-tc.biz 2optout 087187262701.50gbp/mtmsg18",1,new mobiles must go txt nokia collect today www tc biz optout gbp mtmsg
ham,* Am on a train back from northampton so i'm afraid not!,0,train back northampton afraid
ham,Are you the cutest girl in the world or what,0,cutest girl world
ham,"It wont b until 2.15 as trying 2 sort house out, is that ok?",0,wont trying sort house ok
ham,"Just dropped em off, omw back now",0,dropped em omw back
ham,Hope you are having a good week. Just checking in,0,hope good week checking
ham,You in your room? I need a few,0,room need
ham,Yup no more already... Thanx 4 printing n handing it up.,0,yup already thanx printing handing
ham,Dunno i juz askin cos i got a card got 20% off 4 a salon called hair sense so i tot it's da one ü cut ur hair. ,0,dunno juz askin cos got card got salon called hair sense tot da one cut ur hair
ham,"Sorry man, accidentally left my phone on silent last night and didn't check it til I got up",0,sorry man accidentally left phone silent last night check til got
ham,U gd lor go shopping i got stuff to do. U wan 2 watch infernal affairs a not? Come lar...,0,gd lor go shopping got stuff wan watch infernal affairs come lar
ham,I've been barred from all B and Q stores for life!?This twat in orange dungerees came up to me and asked if I wanted decking? So I got the first punch in!!,0,barred stores life twat orange dungerees came asked wanted decking got first punch
spam,"09066362231 URGENT! Your mobile No 07xxxxxxxxx won a £2,000 bonus caller prize on 02/06/03! this is the 2nd attempt to reach YOU! call 09066362231 ASAP!",1,urgent mobile xxxxxxxxx bonus caller prize nd attempt reach call asap
ham,"Good afternoon, my love ... How goes your day ? How did you sleep ? I hope your well, my boytoy ... I think of you ...",0,good afternoon love goes day sleep hope well boytoy think
ham,Webpage s not available!,0,webpage available
ham,Have you had a good day? Mine was really busy are you up to much tomorrow night?,0,good day mine really busy much tomorrow night
ham,Dear got bus directly to calicut,0,dear got bus directly calicut
ham,Do you like shaking your booty on the dance floor?,0,like shaking booty dance floor
ham,"Solve d Case : A Man Was Found Murdered On  &lt;DECIMAL&gt; . &lt;#&gt;  AfterNoon. 1,His wife called Police. 2,Police questioned everyone. 3,Wife: Sir,I was sleeping, when the murder took place. 4.Cook: I was cooking. 5.Gardener: I was picking vegetables. 6.House-Maid: I went 2 d post office. 7.Children: We went 2 play. 8.Neighbour: We went 2 a marriage. Police arrested d murderer Immediately. Who's It? Reply With Reason, If U r Brilliant.",0,solve case man found murdered lt decimal gt lt gt afternoon wife called police police questioned everyone wife sir sleeping murder took place cook cooking gardener picking vegetables house maid went post office children went play neighbour went marriage police arrested murderer immediately reply reason brilliant
ham,Okie... Thanx...,0,okie thanx
ham,We took hooch for a walk toaday and i fell over! Splat! Grazed my knees and everything! Should have stayed at home! See you tomorrow! ,0,took hooch walk toaday fell splat grazed knees everything stayed home see tomorrow
ham,"As I entered my cabin my PA said, '' Happy B'day Boss !!''. I felt special. She askd me 4 lunch. After lunch she invited me to her apartment. We went there.",0,entered cabin pa said happy day boss felt special askd lunch lunch invited apartment went
ham,Haha... can... But i'm having dinner with my cousin...,0,haha dinner cousin
ham,S:)but he had some luck.2 catches put down:),0,luck catches put
spam,"Orange customer, you may now claim your FREE CAMERA PHONE upgrade for your loyalty. Call now on 0207 153 9996. Offer ends 14thMarch. T&C's apply. Opt-out availa",1,orange customer may claim free camera phone upgrade loyalty call offer ends thmarch apply opt availa
ham,Hey mr  and I are going to the sea view and having a couple of gays I mean games! Give me a bell when ya finish ,0,hey mr going sea view couple gays mean games give bell ya finish
ham,"Wow. I never realized that you were so embarassed by your accomodations. I thought you liked it, since i was doing the best i could and you always seemed so happy about ""the cave"". I'm sorry I didn't and don't have more to give. I'm sorry i offered. I'm sorry your room was so embarassing.",0,wow never realized embarassed accomodations thought liked since best could always seemed happy cave sorry give sorry offered sorry room embarassing
ham,Sorry da. I gone mad so many pending works what to do.,0,sorry da gone mad many pending works
ham,Just haven't decided where yet eh ?,0,decided yet eh
ham,They have a thread on the wishlist section of the forums where ppl post nitro requests. Start from the last page and collect from the bottom up.,0,thread wishlist section forums ppl post nitro requests start last page collect bottom
ham,Nothing just getting msgs by dis name wit different no's..,0,nothing getting msgs dis name wit different
ham,Can i meet ü at 5.. As 4 where depends on where ü wan 2 in lor..,0,meet depends wan lor
ham,Cos i want it to be your thing,0,cos want thing
ham,"Friendship is not a game to play, It is not a word to say, It doesn\'t start on March and ends on May, It is tomorrow, yesterday, today and e",0,friendship game play word say start march ends may tomorrow yesterday today
ham,Can u get pic msgs to your phone?,0,get pic msgs phone
spam,Natalja (25/F) is inviting you to be her friend. Reply YES-440 or NO-440 See her: www.SMS.ac/u/nat27081980 STOP? Send STOP FRND to 62468,1,natalja inviting friend reply yes see www sms ac nat stop send stop frnd
ham,It just seems like weird timing that the night that all you and g want is for me to come smoke is the same day as when a shitstorm is attributed to me always coming over and making everyone smoke,0,seems like weird timing night want come smoke day shitstorm attributed always coming making everyone smoke
ham,Howz pain.it will come down today.do as i said ystrday.ice and medicine.,0,howz pain come today said ystrday ice medicine
ham,Maybe?! Say hi to  and find out if  got his card. Great escape or wetherspoons? ,0,maybe say hi find got card great escape wetherspoons
ham,Let's pool our money together and buy a bunch of lotto tickets. If we win I get &lt;#&gt; % u get &lt;#&gt; %. Deal?,0,let pool money together buy bunch lotto tickets win get lt gt get lt gt deal
ham,thanks for the temales it was wonderful. Thank. Have a great week.,0,thanks temales wonderful thank great week
ham,No. It's not pride. I'm almost  &lt;#&gt;  years old and shouldn't be takin money from my kid. You're not supposed to have to deal with this stuff. This is grownup stuff--why i don't tell you.,0,pride almost lt gt years old takin money kid supposed deal stuff grownup stuff tell
spam,"HOT LIVE FANTASIES call now 08707509020 Just 20p per min NTT Ltd, PO Box 1327 Croydon CR9 5WB 0870 is a national rate call",1,hot live fantasies call per min ntt ltd po box croydon cr wb national rate call
spam,HMV BONUS SPECIAL 500 pounds of genuine HMV vouchers to be won. Just answer 4 easy questions. Play Now! Send HMV to 86688 More info:www.100percent-real.com,1,hmv bonus special pounds genuine hmv vouchers answer easy questions play send hmv info www percent real com
ham,"K so am I, how much for an 8th? Fifty?",0,much th fifty
ham,No da. I am happy that we sit together na,0,da happy sit together na
ham,Hmm...my uncle just informed me that he's paying the school directly. So pls buy food.,0,hmm uncle informed paying school directly pls buy food
ham,"Thank You for calling.Forgot to say Happy Onam to you Sirji.I am fine here and remembered you when i met an insurance person.Meet You in Qatar Insha Allah.Rakhesh, ex Tata AIG who joined TISSCO,Tayseer.",0,thank calling forgot say happy onam sirji fine remembered met insurance person meet qatar insha allah rakhesh ex tata aig joined tissco tayseer
ham,HI DARLIN IM MISSIN U HOPE YOU ARE HAVING A GOOD TIME. WHEN ARE U BACK AND WHAT TIME IF U CAN GIVE ME A CALL AT HOME. JESS XX,0,hi darlin im missin hope good time back time give call home jess xx
ham,Hey what are you doing. Y no reply pa..,0,hey reply pa
ham,Pete can you please ring meive hardly gotany credit,0,pete please ring meive hardly gotany credit
ham,E admin building there? I might b slightly earlier... I'll call u when i'm reaching...,0,admin building might slightly earlier call reaching
ham,Wat u doing there?,0,wat
ham,I can't believe how attached I am to seeing you every day. I know you will do the best you can to get to me babe. I will go to teach my class at your midnight,0,believe attached seeing every day know best get babe go teach class midnight
ham,"Got hella gas money, want to go on a grand nature adventure with galileo in a little bit?",0,got hella gas money want go grand nature adventure galileo little bit
ham,Juz now havent woke up so a bit blur blur... Can? Dad went out liao... I cant cum now oso...,0,juz havent woke bit blur blur dad went liao cant cum oso
ham,"Yes, princess. Toledo.",0,yes princess toledo
ham,Yeah you should. I think you can use your gt atm now to register. Not sure but if there's anyway i can help let me know. But when you do be sure you are ready.,0,yeah think use gt atm register sure anyway help let know sure ready
ham,No..jst change tat only..,0,jst change tat
ham,I wont do anything de.,0,wont anything de
ham,Ok. I only ask abt e movie. U wan ktv oso?,0,ok ask abt movie wan ktv oso
ham,You've always been the brainy one.,0,always brainy one
ham,"Er, hello, things didn‘t quite go to plan – is limping slowly home followed by aa and with exhaust hanging off",0,er hello things quite go plan limping slowly home followed aa exhaust hanging
ham,Yar lor wait 4 my mum 2 finish sch then have lunch lor... I whole morning stay at home clean my room now my room quite clean... Hee...,0,yar lor wait mum finish sch lunch lor whole morning stay home clean room room quite clean hee
ham,I forgot 2 ask ü all smth.. There's a card on da present lei... How? Ü all want 2 write smth or sign on it?,0,forgot ask smth card da present lei want write smth sign
ham,Yeah no probs - last night is obviously catching up with you... Speak soon ,0,yeah probs last night obviously catching speak soon
ham,Sad story of a Man - Last week was my b'day. My Wife did'nt wish me. My Parents forgot n so did my Kids . I went to work. Even my Colleagues did not wish.,0,sad story man last week day wife nt wish parents forgot kids went work even colleagues wish
ham,U dun say so early hor... U c already then say...,0,dun say early hor already say
ham,"Thats a bit weird, even ?- where is the do supposed to be happening? But good idea, sure they will be in pub!",0,thats bit weird even supposed happening good idea sure pub
ham,I couldn't say no as he is a dying man and I feel sad for him so I will go and I just wanted you to know I would probably be gone late into your night,0,say dying man feel sad go wanted know would probably gone late night
ham,"Haha, my legs and neck are killing me and my amigos are hoping to end the night with a burn, think I could swing by in like an hour?",0,haha legs neck killing amigos hoping end night burn think could swing like hour
ham,"I know you are thinkin malaria. But relax, children cant handle malaria. She would have been worse and its gastroenteritis. If she takes enough to replace her loss her temp will reduce. And if you give her malaria meds now she will just vomit. Its a self limiting illness she has which means in a few days it will completely stop",0,know thinkin malaria relax children cant handle malaria would worse gastroenteritis takes enough replace loss temp reduce give malaria meds vomit self limiting illness means days completely stop
ham,BABE !!! I miiiiiiissssssssss you ! I need you !!! I crave you !!! :-( ... Geeee ... I'm so sad without you babe ... I love you ...,0,babe miiiiiiissssssssss need crave geeee sad without babe love
ham,K. I will sent it again,0,sent
ham,How come u got nothing to do?,0,come got nothing
ham,So how's the weather over there?,0,weather
ham,Take care and sleep well.you need to learn to change in life.you only need to get CONVINCED on that.i will wait but no more conversations between us.GET CONVINCED by that time.Your family is over for you in many senses.respect them but not overemphasise.or u have no role in my life.,0,take care sleep well need learn change life need get convinced wait conversations us get convinced time family many senses respect overemphasise role life
spam,"You are being contacted by our Dating Service by someone you know! To find out who it is, call from your mobile or landline 09064017305 PoBox75LDNS7 ",1,contacted dating service someone know find call mobile landline pobox ldns
ham,Are you not around or just still asleep? :V,0,around still asleep
ham,Are you planning to come chennai?,0,planning come chennai
ham,Well welp is sort of a semiobscure internet thing,0,well welp sort semiobscure internet thing
ham,"K, jason says he's gonna be around so I'll be up there around  &lt;#&gt;",0,jason says gon na around around lt gt
ham,Are you in castor? You need to see something,0,castor need see something
ham,Good morning pookie pie! Lol hope I didn't wake u up,0,good morning pookie pie lol hope wake
ham,"Total disappointment, when I texted you was the craziest shit got :(",0,total disappointment texted craziest shit got
ham,"It's cool, let me know before it kicks off around  &lt;#&gt; , I'll be out and about all day",0,cool let know kicks around lt gt day
ham,"LOOK AT AMY URE A BEAUTIFUL, INTELLIGENT WOMAN AND I LIKE U A LOT. I KNOW U DONT LIKE ME LIKE THAT SO DONT WORRY.",0,look amy ure beautiful intelligent woman like lot know like like worry
ham,"Sorry, I'll call later",0,sorry call later
ham,S but not able to sleep.,0,able sleep
ham,Hey come online! Use msn... We are all there,0,hey come online use msn
ham,We'll you pay over like  &lt;#&gt; yrs so its not too difficult,0,pay like lt gt yrs difficult
ham,Ok ill send you with in  &lt;DECIMAL&gt;  ok.,0,ok ill send lt decimal gt ok
ham,I want to be there so i can kiss you and feel you next to me,0,want kiss feel next
ham,Yup. Wun believe wat? U really neva c e msg i sent shuhui?,0,yup wun believe wat really neva msg sent shuhui
ham,"Okay, good, no problem, and thanx!",0,okay good problem thanx
spam,"Someone U know has asked our dating service 2 contact you! Cant guess who? CALL 09058095107 NOW all will be revealed. POBox 7, S3XY 150p ",1,someone know asked dating service contact cant guess call revealed pobox xy
ham,Do u konw waht is rael FRIENDSHIP Im gving yuo an exmpel: Jsut ese tihs msg.. Evrey splleing of tihs msg is wrnog.. Bt sitll yuo can raed it wihtuot ayn mitsake.. GOODNIGHT &amp; HAVE A NICE SLEEP..SWEET DREAMS..,0,konw waht rael friendship im gving yuo exmpel jsut ese tihs msg evrey splleing tihs msg wrnog bt sitll yuo raed wihtuot ayn mitsake goodnight amp nice sleep sweet dreams
ham,Dad went out oredi... ,0,dad went oredi
ham,"I promise to take good care of you, princess. I have to run now. Please send pics when you get a chance. Ttyl!",0,promise take good care princess run please send pics get chance ttyl
ham,Yes but can we meet in town cos will go to gep and then home. You could text at bus stop. And don't worry we'll have finished by march … ish!,0,yes meet town cos go gep home could text bus stop worry finished march ish
spam,Dorothy@kiefer.com (Bank of Granite issues Strong-Buy) EXPLOSIVE PICK FOR OUR MEMBERS *****UP OVER 300% *********** Nasdaq Symbol CDGT That is a $5.00 per..,1,dorothy kiefer com bank granite issues strong buy explosive pick members nasdaq symbol cdgt per
ham,"Sir, I am waiting for your mail.",0,sir waiting mail
ham,Dear we got  &lt;#&gt;  dollars hi hi,0,dear got lt gt dollars hi hi
ham,Tessy..pls do me a favor. Pls convey my birthday wishes to Nimya..pls dnt forget it. Today is her birthday Shijas,0,tessy pls favor pls convey birthday wishes nimya pls dnt forget today birthday shijas
ham,"Ever green quote ever told by Jerry in cartoon ""A Person Who Irritates u Always Is the one Who Loves u Vry Much But Fails to Express It...!..!! :-) :-) gud nyt",0,ever green quote ever told jerry cartoon person irritates always one loves vry much fails express gud nyt
spam,Do you want a New Nokia 3510i colour phone DeliveredTomorrow? With 300 free minutes to any mobile + 100 free texts + Free Camcorder reply or call 08000930705.,1,want new nokia colour phone deliveredtomorrow free minutes mobile free texts free camcorder reply call
ham,What was she looking for?,0,looking
ham,No wonder... Cos i dun rem seeing a silver car... But i thk i saw a black one...,0,wonder cos dun rem seeing silver car thk saw black one
ham,Why you keeping me away like this,0,keeping away like
ham,Tell me they're female :V how're you throwing in? We're deciding what all to get now,0,tell female throwing deciding get
spam,"Want to funk up ur fone with a weekly new tone reply TONES2U 2 this text. www.ringtones.co.uk, the original n best. Tones 3GBP network operator rates apply",1,want funk ur fone weekly new tone reply tones text www ringtones co uk original best tones gbp network operator rates apply
ham,"Cool, I'll text you when I'm on the way",0,cool text way
ham,Have you emigrated or something? Ok maybe 5.30 was a bit hopeful...,0,emigrated something ok maybe bit hopeful
spam,Congratulations ur awarded 500 of CD vouchers or 125gift guaranteed & Free entry 2 100 wkly draw txt MUSIC to 87066,1,congratulations ur awarded cd vouchers gift guaranteed free entry wkly draw txt music
spam,Congratulations YOU'VE Won. You're a Winner in our August £1000 Prize Draw. Call 09066660100 NOW. Prize Code 2309.,1,congratulations winner august prize draw call prize code
ham,"Sorry, I'll call later",0,sorry call later
ham,Pls tell nelson that the bb's are no longer comin. The money i was expecting aint coming,0,pls tell nelson bb longer comin money expecting aint coming
ham,"What's up bruv, hope you had a great break. Do have a rewarding semester.",0,bruv hope great break rewarding semester
ham,Appt is at &lt;TIME&gt; am. Not my fault u don't listen. I told u twice,0,appt lt time gt fault listen told twice
ham,He neva grumble but i sad lor... Hee... Buy tmr lor aft lunch. But we still meetin 4 lunch tmr a not. Neva hear fr them lei. Ü got a lot of work ar?,0,neva grumble sad lor hee buy tmr lor aft lunch still meetin lunch tmr neva hear fr lei got lot work ar
spam,"Thanks for your ringtone order, ref number R836. Your mobile will be charged £4.50. Should your tone not arrive please call customer services on 09065069154",1,thanks ringtone order ref number mobile charged tone arrive please call customer services
ham,They r giving a second chance to rahul dengra.,0,giving second chance rahul dengra
ham,Armand says get your ass over to epsilon,0,armand says get ass epsilon
ham,No prob. I will send to your email.,0,prob send email
ham,Aah! A cuddle would be lush! I'd need lots of tea and soup before any kind of fumbling!,0,aah cuddle would lush need lots tea soup kind fumbling
ham,Merry christmas to u too annie!,0,merry christmas annie
ham,"Neither [in sterm voice] - i'm studying. All fine with me! Not sure the  thing will be resolved, tho. Anyway. Have a fab hols",0,neither sterm voice studying fine sure thing resolved tho anyway fab hols
ham,Howz pain?hope u r fine..,0,howz pain hope fine
ham,"My Parents, My Kidz, My Friends n My Colleagues. All screaming.. SURPRISE !! and I was waiting on the sofa.. ... ..... ' NAKED...!",0,parents kidz friends colleagues screaming surprise waiting sofa naked
ham,Arun can u transfr me d amt,0,arun transfr amt
ham,"Depends on quality. If you want the type i sent boye, faded glory, then about 6. If you want ralphs maybe 2",0,depends quality want type sent boye faded glory want ralphs maybe
ham,I though we shd go out n have some fun so bar in town or something – sound ok?,0,though shd go fun bar town something sound ok
spam,We tried to contact you re your reply to our offer of a Video Handset? 750 anytime networks mins? UNLIMITED TEXT? Camcorder? Reply or call 08000930705 NOW,1,tried contact reply offer video handset anytime networks mins unlimited text camcorder reply call
ham,At WHAT TIME should i come tomorrow,0,time come tomorrow
ham,Goodmorning sleeping ga.,0,goodmorning sleeping ga
ham,I'm going 2 orchard now laready me reaching soon. U reaching?,0,going orchard laready reaching soon reaching
ham,Yup bathe liao...,0,yup bathe liao
ham,"Yo, any way we could pick something up tonight?",0,yo way could pick something tonight
ham,What is this 'hex' place you talk of? Explain!,0,hex place talk explain
ham,I dunno they close oredi not... Ü v ma fan...,0,dunno close oredi fan
ham,Understand. his loss is my gain :) so do you work? School?,0,understand loss gain work school
ham,Hmm thinking lor...,0,hmm thinking lor
ham,I'm okay. Chasing the dream. What's good. What are you doing next.,0,okay chasing dream good next
ham,"Received, understood n acted upon!",0,received understood acted upon
ham,Ok... The theory test? when are ü going to book? I think it's on 21 may. Coz thought wanna go out with jiayin. But she isnt free,0,ok theory test going book think may coz thought wan na go jiayin isnt free
ham,"Carlos took a while (again), we leave in a minute",0,carlos took leave minute
spam,http//tms. widelive.com/index. wml?id=820554ad0a1705572711&first=true¡C C Ringtone¡,1,http tms widelive com index wml id ad first true ringtone
ham,Jesus christ bitch I'm trying to give you drugs answer your fucking phone,0,jesus christ bitch trying give drugs answer fucking phone
spam,Please CALL 08712402902 immediately as there is an urgent message waiting for you.,1,please call immediately urgent message waiting
ham,"Anyway I don't think I can secure anything up here, lemme know if you want me to drive down south and chill",0,anyway think secure anything lem know want drive south chill
ham,Here got lots of hair dresser fr china.,0,got lots hair dresser fr china
ham,"Tonight? Yeah, I'd be down for that",0,tonight yeah
ham,I have had two more letters from . I will copy them for you cos one has a message for you. Speak soon,0,two letters copy cos one message speak soon
ham,I will come tomorrow di,0,come tomorrow di
spam,88066 FROM 88066 LOST 3POUND HELP,1,lost pound help
ham,"I'm not sure, I was just checking out what was happening around the area",0,sure checking happening around area
spam,Dear 0776xxxxxxx U've been invited to XCHAT. This is our final attempt to contact u! Txt CHAT to 86688 150p/MsgrcvdHG/Suite342/2Lands/Row/W1J6HL LDN 18yrs ,1,dear xxxxxxx invited xchat final attempt contact txt chat msgrcvdhg suite lands row hl ldn yrs
ham,I'm still looking for a car to buy. And have not gone 4the driving test yet.,0,still looking car buy gone driving test yet
ham,How stupid to say that i challenge god.You dont think at all on what i write instead you respond immed.,0,stupid say challenge god dont think write instead respond immed
spam,PRIVATE! Your 2003 Account Statement for shows 800 un-redeemed S. I. M. points. Call 08719899230 Identifier Code: 41685 Expires 07/11/04,1,private account statement shows un redeemed points call identifier code expires
ham,Welp apparently he retired,0,welp apparently retired
ham,"Yes, i'm small kid.. And boost is the secret of my energy..",0,yes small kid boost secret energy
spam,Am new 2 club & dont fink we met yet Will B gr8 2 C U Please leave msg 2day wiv ur area 09099726553 reply promised CARLIE x Calls£1/minMobsmore LKPOBOX177HP51FL,1,new club dont fink met yet gr please leave msg day wiv ur area reply promised carlie calls minmobsmore lkpobox hp fl
ham,Whats the staff name who is taking class for us?,0,whats staff name taking class us
ham,Dunno da next show aft 6 is 850. Toa payoh got 650.,0,dunno da next show aft toa payoh got
ham,Oh... Lk tt den we take e one tt ends at cine lor... Dun wan yogasana oso can... ,0,oh lk tt den take one tt ends cine lor dun wan yogasana oso
ham,Aiyo u so poor thing... Then u dun wan 2 eat? U bathe already?,0,aiyo poor thing dun wan eat bathe already
ham,First has she gained more than  &lt;#&gt; kg since she took in. Second has she done the blood sugar tests. If she has and its ok and her blood pressure is within normal limits then no worries,0,first gained lt gt kg since took second done blood sugar tests ok blood pressure within normal limits worries
ham,Ok.ok ok..then..whats ur todays plan,0,ok ok ok whats ur todays plan
ham,"I'm done. I'm sorry. I hope your next space gives you everything you want. Remember all the furniture is yours. If i'm not around when you move it, just lock all the locks and leave the key with jenne.",0,done sorry hope next space gives everything want remember furniture around move lock locks leave key jenne
ham,Hello boytoy ! Geeee ... I'm missing you today. I like to send you a tm and remind you I'm thinking of you ... And you are loved ... *loving kiss*,0,hello boytoy geeee missing today like send tm remind thinking loved loving kiss
ham,Ok.ok ok..then..whats ur todays plan,0,ok ok ok whats ur todays plan
ham,"Found it, ENC  &lt;#&gt; , where you at?",0,found enc lt gt
ham,"Beautiful Truth against Gravity.. Read carefully: ""Our heart feels light when someone is in it.. But it feels very heavy when someone leaves it.."" GOOD NIGHT",0,beautiful truth gravity read carefully heart feels light someone feels heavy someone leaves good night
ham,I'm gonna rip out my uterus.,0,gon na rip uterus
ham,Have you finished work yet? :),0,finished work yet
ham,"No worries, hope photo shoot went well. have a spiffing fun at workage. ",0,worries hope photo shoot went well spiffing fun workage
ham,Yeah right! I'll bring my tape measure fri!,0,yeah right bring tape measure fri
ham,I dont have i shall buy one dear,0,dont shall buy one dear
ham,Oh great. I.ll disturb him more so that we can talk.,0,oh great disturb talk
ham,So u wan 2 come for our dinner tonight a not?,0,wan come dinner tonight
ham,"Haha yeah I see that now, be there in a sec",0,haha yeah see sec
ham,Moji i love you more than words. Have a rich day,0,moji love words rich day
ham,I think chennai well settled?,0,think chennai well settled
ham,"Tyler (getting an 8th) has to leave not long after 9, can you get here in like an hour?",0,tyler getting th leave long get like hour
ham,It's justbeen overa week since we broke up and already our brains are going to mush!,0,justbeen overa week since broke already brains going mush
spam,You are a winner U have been specially selected 2 receive £1000 cash or a 4* holiday (flights inc) speak to a live operator 2 claim 0871277810810,1,winner specially selected receive cash holiday flights inc speak live operator claim
ham,Sitting ard nothing to do lor. U leh busy w work?,0,sitting ard nothing lor leh busy work
ham,"Call me when you/carlos is/are here, my phone's vibrate is acting up and I might not hear texts",0,call carlos phone vibrate acting might hear texts
ham,Wishing you a beautiful day. Each moment revealing even more things to keep you smiling. Do enjoy it.,0,wishing beautiful day moment revealing even things keep smiling enjoy
ham,* Was thinking about chuckin ur red green n black trainners 2 save carryin them bac on train,0,thinking chuckin ur red green black trainners save carryin bac train
spam,"SIX chances to win CASH! From 100 to 20,000 pounds txt> CSH11 and send to 87575. Cost 150p/day, 6days, 16+ TsandCs apply Reply HL 4 info",1,six chances win cash pounds txt csh send cost day days tsandcs apply reply hl info
ham,Ü no home work to do meh... ,0,home work meh
ham,U r too much close to my heart. If u go away i will be shattered. Plz stay with me.,0,much close heart go away shattered plz stay
ham,"There'll be a minor shindig at my place later tonight, you interested?",0,minor shindig place later tonight interested
ham,No b4 Thursday,0,thursday
ham,Msgs r not time pass.They silently say that I am thinking of U right now and also making U think of me at least 4 a moment. Gd nt.swt drms @Shesil,0,msgs time pass silently say thinking right also making think least moment gd nt swt drms shesil
spam,Free 1st week entry 2 TEXTPOD 4 a chance 2 win 40GB iPod or £250 cash every wk. Txt POD to 84128 Ts&Cs www.textpod.net custcare 08712405020.,1,free st week entry textpod chance win gb ipod cash every wk txt pod ts cs www textpod net custcare
ham,I attended but nothing is there.,0,attended nothing
spam,U are subscribed to the best Mobile Content Service in the UK for £3 per 10 days until you send STOP to 82324. Helpline 08706091795,1,subscribed best mobile content service uk per days send stop helpline
ham,Only 2% students solved this CAT question in 'xam... 5+3+2= &lt;#&gt;  9+2+4= &lt;#&gt;  8+6+3= &lt;#&gt;  then 7+2+5=????? Tell me the answer if u r brilliant...1thing.i got d answr.,0,students solved cat question xam lt gt lt gt lt gt tell answer brilliant thing got answr
ham,I think just yourself …Thanks and see you tomo,0,think thanks see tomo
ham,Oh ho. Is this the first time u use these type of words,0,oh ho first time use type words
ham,"Dont give a monkeys wot they think and i certainly don't mind. Any friend of mine&all that! Just don't sleep wiv , that wud be annoyin!",0,dont give monkeys wot think certainly mind friend mine sleep wiv wud annoyin
ham,Wait . I will msg after  &lt;#&gt;  min.,0,wait msg lt gt min
spam,For taking part in our mobile survey yesterday! You can now have 500 texts 2 use however you wish. 2 get txts just send TXT to 80160 T&C www.txt43.com 1.50p,1,taking part mobile survey yesterday texts use however wish get txts send txt www txt com
ham,Depends on where u going lor.,0,depends going lor
ham,My battery is low babe,0,battery low babe
ham,Mum ask ü to buy food home...,0,mum ask buy food home
ham,"CHA QUITEAMUZING THATSCOOL BABE,PROBPOP IN & CU SATTHEN HUNNY 4BREKKIE! LOVE JEN XXX. PSXTRA LRG PORTIONS 4 ME PLEASE ",0,cha quiteamuzing scool babe probpop cu satthen hunny brekkie love jen xxx psxtra lrg portions please
ham,K:)k..its good:)when are you going?,0,good going
ham,K actually can you guys meet me at the sunoco on howard? It should be right on the way,0,actually guys meet sunoco howard right way
ham,"Thanks da thangam, i feel very very happy dear. I also miss you da.",0,thanks da thangam feel happy dear also miss da
ham,S.i think he is waste for rr..,0,think waste rr
spam,You have WON a guaranteed £1000 cash or a £2000 prize.To claim yr prize call our customer service representative on,1,guaranteed cash prize claim yr prize call customer service representative
ham,"Dear,shall mail tonite.busy in the street,shall update you tonite.things are looking ok.varunnathu edukkukayee raksha ollu.but a good one in real sense.",0,dear shall mail tonite busy street shall update tonite things looking ok varunnathu edukkukayee raksha ollu good one real sense
ham,I dont thnk its a wrong calling between us,0,dont thnk wrong calling us
ham,K.i will send in  &lt;#&gt;  min:),0,send lt gt min
ham,Its posible dnt live in  &lt;#&gt; century cm frwd n thnk different,0,posible dnt live lt gt century cm frwd thnk different
spam,"FREE2DAY sexy St George's Day pic of Jordan!Txt PIC to 89080 dont miss out, then every wk a saucy celeb!4 more pics c PocketBabe.co.uk 0870241182716 £3/wk",1,free day sexy st george day pic jordan txt pic dont miss every wk saucy celeb pics pocketbabe co uk wk
ham,No got new job at bar in airport on satsgettin 4.47per hour but means no lie in! keep in touch,0,got new job bar airport satsgettin per hour means lie keep touch
ham,Sorry that was my uncle. I.ll keep in touch,0,sorry uncle keep touch
ham,"I'm a guy, browsin is compulsory",0,guy browsin compulsory
spam,URGENT! We are trying to contact U. Todays draw shows that you have won a £800 prize GUARANTEED. Call 09050003091 from land line. Claim C52. Valid12hrs only,1,urgent trying contact todays draw shows prize guaranteed call land line claim valid hrs
ham,Wat time do u wan 2 meet me later?,0,wat time wan meet later
ham,"I just lov this line: ""Hurt me with the truth, I don't mind,i wil tolerat.bcs ur my someone..... But, Never comfort me with a lie"" gud ni8 and sweet dreams",0,lov line hurt truth mind wil tolerat bcs ur someone never comfort lie gud ni sweet dreams
ham,Lol please do. Actually send a pic of yourself right now. I wanna see. Pose with a comb and hair dryer or something.,0,lol please actually send pic right wan na see pose comb hair dryer something
ham,Da is good good player.why he is unsold.,0,da good good player unsold
ham,"Hey babe! I saw you came online for a second and then you disappeared, what happened ?",0,hey babe saw came online second disappeared happened
ham,Ding me on ya break fassyole! Blacko from londn,0,ding ya break fassyole blacko londn
ham,"Did you say bold, then torch later. Or one torch and 2bold?",0,say bold torch later one torch bold
spam,08714712388 between 10am-7pm Cost 10p,1,pm cost
spam,Camera - You are awarded a SiPix Digital Camera! call 09061221066 fromm landline. Delivery within 28 days,1,camera awarded sipix digital camera call fromm landline delivery within days
ham,hiya hows it going in sunny africa? hope u r avin a good time. give that big old silver back a big kiss from me.,0,hiya hows going sunny africa hope avin good time give big old silver back big kiss
spam,"Twinks, bears, scallies, skins and jocks are calling now. Don't miss the weekend's fun. Call 08712466669 at 10p/min. 2 stop texts call 08712460324(nat rate)",1,twinks bears scallies skins jocks calling miss weekend fun call min stop texts call nat rate
spam,I don't know u and u don't know me. Send CHAT to 86688 now and let's find each other! Only 150p/Msg rcvd. HG/Suite342/2Lands/Row/W1J6HL LDN. 18 years or over.,1,know know send chat let find msg rcvd hg suite lands row hl ldn years
ham,"Storming msg: Wen u lift d phne, u say ""HELLO"" Do u knw wt is d real meaning of HELLO?? . . . It's d name of a girl..! . . . Yes.. And u knw who is dat girl?? ""Margaret Hello"" She is d girlfrnd f Grahmbell who invnted telphone... . . . . Moral:One can 4get d name of a person, bt not his girlfrnd... G o o d n i g h t . . .@",0,storming msg wen lift phne say hello knw wt real meaning hello name girl yes knw dat girl margaret hello girlfrnd grahmbell invnted telphone moral one get name person bt girlfrnd
ham,"If i let you do this, i want you in the house by 8am.",0,let want house
ham,Yes! I am a one woman man! Please tell me your likes and dislikes in bed...,0,yes one woman man please tell likes dislikes bed
ham,Going for dinner.msg you after.,0,going dinner msg
ham,I donno if they are scorable,0,donno scorable
ham,"Dear Sir,Salam Alaikkum.Pride and Pleasure meeting you today at the Tea Shop.We are pleased to send you our contact number at Qatar.Rakhesh an Indian.Pls save our Number.Respectful Regards.",0,dear sir salam alaikkum pride pleasure meeting today tea shop pleased send contact number qatar rakhesh indian pls save number respectful regards
spam,FreeMsg Hi baby wow just got a new cam moby. Wanna C a hot pic? or Fancy a chat?Im w8in 4uTxt / rply CHAT to 82242 Hlp 08712317606 Msg150p 2rcv,1,freemsg hi baby wow got new cam moby wan na hot pic fancy chat im utxt rply chat hlp msg rcv
spam,"Last Chance! Claim ur £150 worth of discount vouchers today! Text SHOP to 85023 now! SavaMob, offers mobile! T Cs SavaMob POBOX84, M263UZ. £3.00 Sub. 16",1,last chance claim ur worth discount vouchers today text shop savamob offers mobile cs savamob pobox uz sub
ham,Do ü all wan 2 meet up n combine all the parts? How's da rest of da project going?,0,wan meet combine parts da rest da project going
ham,You made my day. Do have a great day too.,0,made day great day
ham,I WILL CAL YOU SIR. In meeting,0,cal sir meeting
ham,"I'm in a meeting, call me later at",0,meeting call later
ham,For many things its an antibiotic and it can be used for chest abdomen and gynae infections even bone infections.,0,many things antibiotic used chest abdomen gynae infections even bone infections
ham,Onum ela pa. Normal than.,0,onum ela pa normal
ham,Networking technical support associate.,0,networking technical support associate
ham,"Okey doke. I'm at home, but not dressed cos laying around ill! Speak to you later bout times and stuff. ",0,okey doke home dressed cos laying around ill speak later bout times stuff
ham,Old Orchard near univ. How about you?,0,old orchard near univ
ham,"I call you later, don't have network. If urgnt, sms me.",0,call later network urgnt sms
ham,K fyi x has a ride early tomorrow morning but he's crashing at our place tonight,0,fyi ride early tomorrow morning crashing place tonight
ham,get ready to moan and scream :),0,get ready moan scream
ham,Its sarcasm.. .nt scarcasim,0,sarcasm nt scarcasim
ham,Pls speak to that customer machan.,0,pls speak customer machan
ham,Good Morning plz call me sir,0,good morning plz call sir
ham,"Aight, I should be there by 8 at the latest, probably closer to 7. Are jay and tyler down or should we just do two trips?",0,aight latest probably closer jay tyler two trips
ham,Sorry i've not gone to that place. I.ll do so tomorrow. Really sorry.,0,sorry gone place tomorrow really sorry
ham,"I've got  &lt;#&gt; , any way I could pick up?",0,got lt gt way could pick
ham,PLEASSSSSSSEEEEEE TEL ME V AVENT DONE SPORTSx,0,pleassssssseeeeee tel avent done sportsx
ham,Have a good trip. Watch out for . Remember when you get back we must decide about easter.,0,good trip watch remember get back must decide easter
ham,Hi. Happy New Year. I dont mean to intrude but can you pls let me know how much tuition you paid last semester and how much this semester is. Thanks,0,hi happy new year dont mean intrude pls let know much tuition paid last semester much semester thanks
ham,At home watching tv lor.,0,home watching tv lor
ham,Any chance you might have had with me evaporated as soon as you violated my privacy by stealing my phone number from your employer's paperwork. Not cool at all. Please do not contact me again or I will report you to your supervisor.,0,chance might evaporated soon violated privacy stealing phone number employer paperwork cool please contact report supervisor
ham,"YEH I AM DEF UP4 SOMETHING SAT,JUST GOT PAYED2DAY & I HAVBEEN GIVEN A£50 PAY RISE 4MY WORK & HAVEBEEN MADE PRESCHOOLCO-ORDINATOR 2I AM FEELINGOOD LUV",0,yeh def something sat got payed day havbeen given pay rise work havebeen made preschoolco ordinator feelingood luv
ham,Ok i go change also...,0,ok go change also
ham,Hi baby ive just got back from work and i was wanting to see u allday! I hope i didnt piss u off on the phone today. If u are up give me a call xxx,0,hi baby ive got back work wanting see allday hope didnt piss phone today give call xxx
ham,But i'll b going 2 sch on mon. My sis need 2 take smth.,0,going sch mon sis need take smth
ham,If u dun drive then how i go 2 sch.,0,dun drive go sch
ham,Talk With Yourself Atleast Once In A Day...!!! Otherwise You Will Miss Your Best FRIEND In This WORLD...!!! -Shakespeare- SHESIL  &lt;#&gt;,0,talk atleast day otherwise miss best friend world shakespeare shesil lt gt
ham,Please tell me you have some of that special stock you were talking about,0,please tell special stock talking
ham,So now my dad is gonna call after he gets out of work and ask all these crazy questions.,0,dad gon na call gets work ask crazy questions
ham,"Sounds good, keep me posted",0,sounds good keep posted
ham,As if i wasn't having enough trouble sleeping.,0,enough trouble sleeping
ham,Oh ok..,0,oh ok
ham,Have you bookedthe hut? And also your time off? How are you by the way?,0,bookedthe hut also time way
ham,"Fun fact: although you would think armand would eventually build up a tolerance or some shit considering how much he smokes, he gets fucked up in like 2 hits",0,fun fact although would think armand would eventually build tolerance shit considering much smokes gets fucked like hits
ham,Ok..,0,ok
spam,We currently have a message awaiting your collection. To collect your message just call 08718723815.,1,currently message awaiting collection collect message call
spam,Santa Calling! Would your little ones like a call from Santa Xmas eve? Call 09058094583 to book your time.,1,santa calling would little ones like call santa xmas eve call book time
ham,Hi Petey!noim ok just wanted 2 chat coz avent spoken 2 u 4 a long time-hope ur doin alrite.have good nit at js love ya am.x,0,hi petey noi ok wanted chat coz avent spoken long time hope ur doin alrite good nit js love ya
ham,I'm in class. Will holla later,0,class holla later
ham,"7 wonders in My WORLD 7th You 6th Ur style 5th Ur smile 4th Ur Personality 3rd Ur Nature 2nd Ur SMS and 1st ""Ur Lovely Friendship""... good morning dear",0,wonders world th th ur style th ur smile th ur personality rd ur nature nd ur sms st ur lovely friendship good morning dear
ham,Its good to hear from you,0,good hear
ham,Siva is in hostel aha:-.,0,siva hostel aha
ham,You got job in wipro:)you will get every thing in life in 2 or 3 years.,0,got job wipro get every thing life years
spam,Boltblue tones for 150p Reply POLY# or MONO# eg POLY3 1. Cha Cha Slide 2. Yeah 3. Slow Jamz 6. Toxic 8. Come With Me or STOP 4 more tones txt MORE,1,boltblue tones reply poly mono eg poly cha cha slide yeah slow jamz toxic come stop tones txt
ham,Watching ajith film ah?,0,watching ajith film ah
spam,Thanks 4 your continued support Your question this week will enter u in2 our draw 4 £100 cash. Name the NEW US President? txt ans to 80082,1,thanks continued support question week enter draw cash name new us president txt ans
ham,Hey... Why dont we just go watch x men and have lunch... Haha ,0,hey dont go watch men lunch haha
ham,Ü ready then call me...,0,ready call
ham,"Sorry sir, i will call you tomorrow.  senthil.hsbc",0,sorry sir call tomorrow senthil hsbc
ham,Don know..he is watching film in computer..,0,know watching film computer
ham,"Sorry, I'll call later",0,sorry call later
ham,Mm that time you dont like fun,0,mm time dont like fun
ham,"K.. I yan jiu liao... Sat we can go 4 bugis vill one frm 10 to 3 den hop to parco 4 nb. Sun can go cine frm 1030 to 2, den hop to orc mrt 4 hip hop at 4...",0,yan jiu liao sat go bugis vill one frm den hop parco nb sun go cine frm den hop orc mrt hip hop
spam,ree entry in 2 a weekly comp for a chance to win an ipod. Txt POD to 80182 to get entry (std txt rate) T&C's apply 08452810073 for details 18+,1,ree entry weekly comp chance win ipod txt pod get entry std txt rate apply details
ham,What about this one then.,0,one
ham,Ok...,0,ok
ham,Was playng 9 doors game and gt racing on phone lol,0,playng doors game gt racing phone lol
ham,Me too baby! I promise to treat you well! I bet you will take good care of me...,0,baby promise treat well bet take good care
ham,Nan sonathaya soladha. Why boss?,0,nan sonathaya soladha boss
spam,Todays Voda numbers ending 7548 are selected to receive a $350 award. If you have a match please call 08712300220 quoting claim code 4041 standard rates app,1,todays voda numbers ending selected receive award match please call quoting claim code standard rates app
ham,Beautiful truth : Expression of the face could Be seen by everyone... But the depression of heart Could be understood only By the Loved ones.. Gud Ni8;-),0,beautiful truth expression face could seen everyone depression heart could understood loved ones gud ni
ham,Dude sux for snake. He got old and raiden got buff,0,dude sux snake got old raiden got buff
ham,I'll probably be by tomorrow (or even later tonight if something's going on),0,probably tomorrow even later tonight something going
ham,"New Theory: Argument wins d SITUATION, but loses the PERSON. So dont argue with ur friends just.. . . . kick them &amp; say, I'm always correct.!",0,new theory argument wins situation loses person dont argue ur friends kick amp say always correct
ham,Which is why i never wanted to tell you any of this. Which is why i'm so short with you and on-edge as of late.,0,never wanted tell short edge late
ham,"I noe la... U wana pei bf oso rite... K lor, other days den...",0,noe la wana pei bf oso rite lor days den
ham,"Great. I'm in church now, will holla when i get out",0,great church holla get
ham,Tell rob to mack his gf in the theater,0,tell rob mack gf theater
ham,Huh so fast... Dat means u havent finished painting?,0,huh fast dat means havent finished painting
ham,Boo. How's things? I'm back at home and a little bored already :-(,0,boo things back home little bored already
ham,No probably  &lt;#&gt; %.,0,probably lt gt
ham,Will be office around 4 pm. Now i am going hospital.,0,office around pm going hospital
ham,Ladies first and genus second k .,0,ladies first genus second
ham,Congrats ! Treat pending.i am not on mail for 2 days.will mail once thru.Respect mother at home.check mails.,0,congrats treat pending mail days mail thru respect mother home check mails
ham,", im .. On the snowboarding trip. I was wondering if your planning to get everyone together befor we go..a meet and greet kind of affair? Cheers, ",0,im snowboarding trip wondering planning get everyone together befor go meet greet kind affair cheers
ham,Is ur lecture over?,0,ur lecture
ham,In da car park ,0,da car park
ham,Lol now I'm after that hot air balloon!,0,lol hot air balloon
ham,My superior telling that friday is leave for all other department except ours:)so it will be leave for you:)any way call waheed fathima hr and conform it:),0,superior telling friday leave department except leave way call waheed fathima hr conform
ham,He is world famamus....,0,world famamus
ham,Havent shopping now lor i juz arrive only,0,havent shopping lor juz arrive
ham,"Every King Was Once A Crying Baby And Every Great Building Was Once A Map.. Not Imprtant Where U r TODAY, BUT Where U Wil Reach TOMORW. Gud ni8",0,every king crying baby every great building map imprtant today wil reach tomorw gud ni
ham,Ü give me some time to walk there.,0,give time walk
ham,Hey leave it. not a big deal:-) take care.,0,hey leave big deal take care
ham,Btw regarding that we should really try to see if anyone else can be our 4th guy before we commit to a random dude,0,btw regarding really try see anyone else th guy commit random dude
ham,Now only i reached home. . . I am very tired now. . I will come tomorro,0,reached home tired come tomorro
ham,This phone has the weirdest auto correct.,0,phone weirdest auto correct
ham,You should change your fb to jaykwon thuglyfe falconerf,0,change fb jaykwon thuglyfe falconerf
ham,Ambrith..madurai..met u in arun dha marrge..remembr?,0,ambrith madurai met arun dha marrge remembr
spam,Want explicit SEX in 30 secs? Ring 02073162414 now! Costs 20p/min Gsex POBOX 2667 WC1N 3XX,1,want explicit sex secs ring costs min gsex pobox wc xx
ham,For my family happiness..,0,family happiness
ham,have * good weekend.,0,good weekend
ham,I tot u outside cos darren say u come shopping. Of course we nice wat. We jus went sim lim look at mp3 player.,0,tot outside cos darren say come shopping course nice wat jus went sim lim look mp player
ham,HELLO U.CALL WEN U FINISH WRK.I FANCY MEETIN UP WIV U ALL TONITE AS I NEED A BREAK FROM DABOOKS. DID 4 HRS LAST NITE+2 TODAY OF WRK!,0,hello call wen finish wrk fancy meetin wiv tonite need break dabooks hrs last nite today wrk
ham,Did u find out what time the bus is at coz i need to sort some stuff out.,0,find time bus coz need sort stuff
ham,"K I'm leaving soon, be there a little after 9",0,leaving soon little
ham,Not planned yet :)going to join company on jan 5 only.don know what will happen after that.,0,planned yet going join company jan know happen
ham,it's still not working. And this time i also tried adding zeros. That was the savings. The checking is  &lt;#&gt; ,0,still working time also tried adding zeros savings checking lt gt
ham,"Sorry, I'll call later in meeting.",0,sorry call later meeting
ham,V skint too but fancied few bevies.waz gona go meet &othrs in spoon but jst bin watchng planet earth&sofa is v comfey; If i dont make it hav gd night,0,skint fancied bevies waz gona go meet othrs spoon jst bin watchng planet earth sofa comfey dont make hav gd night
ham,I hope your pee burns tonite.,0,hope pee burns tonite
ham,Want to finally have lunch today?,0,want finally lunch today
spam,Message Important information for O2 user. Today is your lucky day! 2 find out why log onto http://www.urawinner.com there is a fantastic surprise awaiting you,1,message important information user today lucky day find log onto http www urawinner com fantastic surprise awaiting
ham,"Love isn't a decision, it's a feeling. If we could decide who to love, then, life would be much simpler, but then less magical",0,love decision feeling could decide love life would much simpler less magical
ham,Blank is Blank. But wat is blank? Lol,0,blank blank wat blank lol
ham,Sac needs to carry on:),0,sac needs carry
ham,"I'm taking derek &amp; taylor to walmart, if I'm not back by the time you're done just leave the mouse on my desk and I'll text you when priscilla's ready",0,taking derek amp taylor walmart back time done leave mouse desk text priscilla ready
ham,Thanks for this hope you had a good day today,0,thanks hope good day today
ham,I‘m going to try for 2 months ha ha only joking,0,going try months ha ha joking
ham,Ugh just got outta class,0,ugh got outta class
ham,I will come with karnan car. Please wait till 6pm will directly goto doctor.,0,come karnan car please wait till pm directly goto doctor
spam,"SMS SERVICES. for your inclusive text credits, pls goto www.comuk.net login= 3qxj9 unsubscribe with STOP, no extra charge. help 08702840625.COMUK. 220-CM2 9AE",1,sms services inclusive text credits pls goto www comuk net login qxj unsubscribe stop extra charge help comuk cm ae
ham,"Wat time liao, where still got.",0,wat time liao still got
ham,Y so late but i need to go n get da laptop...,0,late need go get da laptop
ham,Did u turn on the heater? The heater was on and set to &lt;#&gt; degrees.,0,turn heater heater set lt gt degrees
ham,"Yeah I should be able to, I'll text you when I'm ready to meet up",0,yeah able text ready meet
spam,"U can WIN £100 of Music Gift Vouchers every week starting NOW Txt the word DRAW to 87066 TsCs www.Idew.com SkillGame, 1Winaweek, age16. 150ppermessSubscription",1,win music gift vouchers every week starting txt word draw tscs www idew com skillgame winaweek age ppermesssubscription
ham,"I am late,so call you tomorrow morning.take care sweet dreams....u and me...ummifying...bye.",0,late call tomorrow morning take care sweet dreams ummifying bye
ham,soon you will have the real thing princess! Do i make you wet? :),0,soon real thing princess make wet
ham,Rofl. Its true to its name,0,rofl true name
ham,Try to do something dear. You read something for exams,0,try something dear read something exams
ham,"Thank you so much. When we skyped wit kz and sura, we didnt get the pleasure of your company. Hope you are good. We've given you ultimatum oh! We are countin down to aburo. Enjoy! This is the message i sent days ago",0,thank much skyped wit kz sura didnt get pleasure company hope good given ultimatum oh countin aburo enjoy message sent days ago
ham,I will come to ur home now,0,come ur home
ham," said kiss, kiss, i can't do the sound effects! He is a gorgeous man isn't he! Kind of person who needs a smile to brighten his day! ",0,said kiss kiss sound effects gorgeous man kind person needs smile brighten day
ham,He said i look pretty wif long hair wat. But i thk he's cutting quite short 4 me leh.,0,said look pretty wif long hair wat thk cutting quite short leh
ham,Yo sorry was in the shower sup,0,yo sorry shower sup
ham,Stupid.its not possible,0,stupid possible
spam,You are a winner you have been specially selected to receive £1000 cash or a £2000 award. Speak to a live operator to claim call 087147123779am-7pm. Cost 10p,1,winner specially selected receive cash award speak live operator claim call pm cost
ham,"God picked up a flower and dippeditinaDEW, lovingly touched itwhichturnedinto u, and the he gifted tomeandsaid,THIS FRIEND IS 4U",0,god picked flower dippeditinadew lovingly touched itwhichturnedinto gifted tomeandsaid friend
ham,I come n pick ü up... Come out immediately aft ur lesson...,0,come pick come immediately aft ur lesson
ham,Den wat will e schedule b lk on sun?,0,den wat schedule lk sun
ham,"Sorry, I'll call later",0,sorry call later
ham,R u still working now?,0,still working
ham,"Actually nvm, got hella cash, we still on for  &lt;#&gt; ish?",0,actually nvm got hella cash still lt gt ish
ham,We r outside already.,0,outside already
ham,Then dun wear jeans lor...,0,dun wear jeans lor
ham,"Today is ""song dedicated day.."" Which song will u dedicate for me? Send this to all ur valuable frnds but first rply me...",0,today song dedicated day song dedicate send ur valuable frnds first rply
ham,I want to lick your pussy now...,0,want lick pussy
ham,"Sorry, left phone upstairs. OK, might be hectic but would be all my birds with one fell swoop. It's a date.",0,sorry left phone upstairs ok might hectic would birds one fell swoop date
ham,I am not at all happy with what you saying or doing,0,happy saying
spam,As a registered optin subscriber ur draw 4 £100 gift voucher will be entered on receipt of a correct ans to 80062 Whats No1 in the BBC charts,1,registered optin subscriber ur draw gift voucher entered receipt correct ans whats bbc charts
ham,Spoons it is then okay?,0,spoons okay
ham,Lol I have to take it. member how I said my aunt flow didn't visit for 6 months? It's cause I developed ovarian cysts. Bc is the only way to shrink them.,0,lol take member said aunt flow visit months cause developed ovarian cysts bc way shrink
ham,Any way where are you and what doing.,0,way
spam,U have a secret admirer. REVEAL who thinks U R So special. Call 09065174042. To opt out Reply REVEAL STOP. 1.50 per msg recd. Cust care 07821230901,1,secret admirer reveal thinks special call opt reply reveal stop per msg recd cust care
ham,Oops i thk i dun haf enuff... I go check then tell ü..,0,oops thk dun haf enuff go check tell
ham,"Awesome, I remember the last time we got somebody high for the first time with diesel :V",0,awesome remember last time got somebody high first time diesel
ham,Wat time ü finish?,0,wat time finish
ham,"I sent you the prices and do you mean the  &lt;#&gt; g,",0,sent prices mean lt gt
ham,"Sorry man my account's dry or I would, if you want we could trade back half or I could buy some shit with my credit card",0,sorry man account dry would want could trade back half could buy shit credit card
ham,What is important is that you prevent dehydration by giving her enough fluids,0,important prevent dehydration giving enough fluids
ham,CHEERS LOU! YEAH WAS A GOODNITE SHAME U NEVA CAME! C YA GAILxx,0,cheers lou yeah goodnite shame neva came ya gailxx
spam,tells u 2 call 09066358152 to claim £5000 prize. U have 2 enter all ur mobile & personal details @ the prompts. Careful!,1,tells call claim prize enter ur mobile personal details prompts careful
ham,No * am working on the ringing u thing but have whole houseful of screaming brats so * am pulling my hair out! Loving u,0,working ringing thing whole houseful screaming brats pulling hair loving
spam,"Urgent -call 09066649731from Landline. Your complimentary 4* Ibiza Holiday or £10,000 cash await collection SAE T&Cs PO BOX 434 SK3 8WP 150ppm 18+",1,urgent call landline complimentary ibiza holiday cash await collection sae cs po box sk wp ppm
ham,Yup but it's not giving me problems now so mayb i'll jus leave it...,0,yup giving problems mayb jus leave
ham,Hi where you. You in home or calicut?,0,hi home calicut
ham,Anything...,0,anything
ham,Busy here. Trying to finish for new year. I am looking forward to finally meeting you...,0,busy trying finish new year looking forward finally meeting
ham,"Aight, I'll hit you up when I get some cash",0,aight hit get cash
spam,Please CALL 08712402578 immediately as there is an urgent message waiting for you,1,please call immediately urgent message waiting
ham,"2 celebrate my bday, y else?",0,celebrate day else
ham,"Yeah, I'll leave in a couple minutes &amp; let you know when I get to mu",0,yeah leave couple minutes amp let know get mu
ham,Hope you are not scared!,0,hope scared
ham,We will meet soon princess! Ttyl!,0,meet soon princess ttyl
ham,"Whatever, juliana. Do whatever you want.",0,whatever juliana whatever want
ham,"Hiya , have u been paying money into my account? If so, thanks. Got a pleasant surprise when i checked my balance -u c, i don't get statements 4 that acc",0,hiya paying money account thanks got pleasant surprise checked balance get statements acc
spam,"cmon babe, make me horny, *turn* me on! Txt me your fantasy now babe -) Im hot, sticky and need you now. All replies cost £1.50. 2 cancel send STOP",1,cmon babe make horny turn txt fantasy babe im hot sticky need replies cost cancel send stop
ham,How do friends help us in problems? They give the most stupid suggestion that Lands us into another problem and helps us forgt the previous problem,0,friends help us problems give stupid suggestion lands us another problem helps us forgt previous problem
ham,Life spend with someone for a lifetime may be meaningless but a few moments spent with someone who really love you means more than life itself..,0,life spend someone lifetime may meaningless moments spent someone really love means life
ham,I called but no one pick up e phone. I ask both of them already they said ok.,0,called one pick phone ask already said ok
ham,I am not sure about night menu. . . I know only about noon menu,0,sure night menu know noon menu
ham,How are you doing. How's the queen. Are you going for the royal wedding,0,queen going royal wedding
ham,They released vday shirts and when u put it on it makes your bottom half naked instead of those white underwear.,0,released vday shirts put makes bottom half naked instead white underwear
ham,One small prestige problem now.,0,one small prestige problem
spam,PRIVATE! Your 2003 Account Statement for 078,1,private account statement
ham,They just talking thats it de. They wont any other.,0,talking thats de wont
ham,"That's very rude, you on campus?",0,rude campus
ham,We have pizza if u want,0,pizza want
ham,Yes when is the appt again?,0,yes appt
spam,Text & meet someone sexy today. U can find a date or even flirt its up to U. Join 4 just 10p. REPLY with NAME & AGE eg Sam 25. 18 -msg recd@thirtyeight pence,1,text meet someone sexy today find date even flirt join reply name age eg sam msg recd thirtyeight pence
ham,Booked ticket for pongal?,0,booked ticket pongal
ham,Did u got that persons story,0,got persons story
ham,"I.ll always be there, even if its just in spirit. I.ll get a bb soon. Just trying to be sure i need it.",0,always even spirit get bb soon trying sure need
ham,O ic lol. Should play 9 doors sometime yo,0,ic lol play doors sometime yo
ham,K.k:)i'm going to tirunelvali this week to see my uncle ..i already spend the amount by taking dress .so only i want money.i will give it on feb 1,0,going tirunelvali week see uncle already spend amount taking dress want money give feb
ham,I have many dependents,0,many dependents
ham,K k:) sms chat with me.,0,sms chat
ham,Prepare to be pounded every night...,0,prepare pounded every night
ham,PS U no ur a grown up now right?,0,ps ur grown right
ham,"Watching cartoon, listening music &amp; at eve had to go temple &amp; church.. What about u?",0,watching cartoon listening music amp eve go temple amp church
ham,Leave it de:-). Start Prepare for next:-)..,0,leave de start prepare next
ham,"Hi hope u r both ok, he said he would text and he hasn't, have u seen him, let me down gently please ",0,hi hope ok said would text seen let gently please
ham,HOW ARE U? I HAVE MISSED U! I HAVENT BEEN UP 2 MUCH A BIT BORED WITH THE HOLIDAY WANT 2 GO BAK 2 COLLEGE! SAD ISNT IT?xx,0,missed havent much bit bored holiday want go bak college sad isnt xx
ham,"You at mu? You should try to figure out how much money everyone has for gas and alcohol, jay and I are trying to figure out our weed budget",0,mu try figure much money everyone gas alcohol jay trying figure weed budget
ham,"Awesome, I'll see you in a bit",0,awesome see bit
spam,Thanks for your subscription to Ringtone UK your mobile will be charged £5/month Please confirm by replying YES or NO. If you reply NO you will not be charged,1,thanks subscription ringtone uk mobile charged month please confirm replying yes reply charged
ham,"Cool, want me to go to kappa or should I meet you outside mu",0,cool want go kappa meet outside mu
ham,Wishing you a wonderful week.,0,wishing wonderful week
ham,Lolnice. I went from a fish to ..water.?,0,lolnice went fish water
ham,Lil fever:) now fine:),0,lil fever fine
ham,"That's cool, I'll come by like  &lt;#&gt; ish",0,cool come like lt gt ish
ham,Wat r u doing now?,0,wat
ham,"We know TAJ MAHAL as symbol of love. But the other lesser known facts 1. Mumtaz was Shahjahan's 4th wife, out of his 7 wifes. 2. Shahjahan killed Mumtaz's husband to marry her. 3. Mumtaz died in her  &lt;#&gt; th delivery. 4. He then married Mumtaz's sister. Question arises where the Hell is the LOVE?:-| -The Great Hari-",0,know taj mahal symbol love lesser known facts mumtaz shahjahan th wife wifes shahjahan killed mumtaz husband marry mumtaz died lt gt th delivery married mumtaz sister question arises hell love great hari
ham,Sent me ur email id soon,0,sent ur email id soon
ham,"K, wait chikku..il send aftr  &lt;#&gt; mins",0,wait chikku il send aftr lt gt mins
ham,"Sorry, I'll call later In meeting.",0,sorry call later meeting
ham,Just forced myself to eat a slice. I'm really not hungry tho. This sucks. Mark is getting worried. He knows I'm sick when I turn down pizza. Lol,0,forced eat slice really hungry tho sucks mark getting worried knows sick turn pizza lol
spam,"Thanks for your ringtone order, reference number X29. Your mobile will be charged 4.50. Should your tone not arrive please call customer services 09065989180",1,thanks ringtone order reference number mobile charged tone arrive please call customer services
ham,Ard 515 like dat. Y?,0,ard like dat
ham,Teach me apps da. When you come to college.,0,teach apps da come college
ham,"Awesome, that gonna be soon or later tonight?",0,awesome gon na soon later tonight
ham,Let me know when you've got the money so carlos can make the call,0,let know got money carlos make call
ham,Alright. I'm out--have a good night!,0,alright good night
ham,"Thanks, I'll keep that in mind",0,thanks keep mind
ham,At home by the way,0,home way
ham,"Nah, Wednesday. When should I bring the mini cheetos bag over?",0,nah wednesday bring mini cheetos bag
ham,No no. I will check all rooms befor activities,0,check rooms befor activities
ham,"Yo, the game almost over? Want to go to walmart soon",0,yo game almost want go walmart soon
ham,I take it the post has come then! You must have 1000s of texts now! Happy reading. My one from wiv hello caroline at the end is my favourite. Bless him,0,take post come must texts happy reading one wiv hello caroline end favourite bless
ham,Does she usually take fifteen fucking minutes to respond to a yes or no question,0,usually take fifteen fucking minutes respond yes question
spam,This msg is for your mobile content order It has been resent as previous attempt failed due to network error Queries to customersqueries@netvision.uk.com,1,msg mobile content order resent previous attempt failed due network error queries customersqueries netvision uk com
ham,Horrible bf... I now v hungry...,0,horrible bf hungry
ham,"Sorry,  in meeting I'll call you later",0,sorry meeting call later
ham,There bold 2  &lt;#&gt; . Is that yours,0,bold lt gt
ham,"ER, ENJOYIN INDIANS AT THE MO..yeP. SaLL gOoD HehE ;> hows bout u shexy? Pete Xx",0,er enjoyin indians mo yep sall good hehe hows bout shexy pete xx
ham,Hey gorgeous man. My work mobile number is. Have a good one babe. Squishy Mwahs.,0,hey gorgeous man work mobile number good one babe squishy mwahs
spam,Had your mobile 11 months or more? U R entitled to Update to the latest colour mobiles with camera for Free! Call The Mobile Update Co FREE on 08002986030,1,mobile months entitled update latest colour mobiles camera free call mobile update co free
ham,Ah poop. Looks like ill prob have to send in my laptop to get fixed cuz it has a gpu problem,0,ah poop looks like ill prob send laptop get fixed cuz gpu problem
ham,See the forwarding message for proof,0,see forwarding message proof
ham,"I prefer my free days... Tues, wed, fri oso can... Ü ask those workin lor...",0,prefer free days tues wed fri oso ask workin lor
ham,Ron say fri leh. N he said ding tai feng cant make reservations. But he said wait lor.,0,ron say fri leh said ding tai feng cant make reservations said wait lor
ham,Ok. No wahala. Just remember that a friend in need ...,0,ok wahala remember friend need
spam,Someone U know has asked our dating service 2 contact you! Cant Guess who? CALL 09058091854 NOW all will be revealed. PO BOX385 M6 6WU,1,someone know asked dating service contact cant guess call revealed po box wu
ham,Ok lor wat time ü finish?,0,ok lor wat time finish
ham,Hi neva worry bout da truth coz the truth will lead me 2 ur heart. Its the least a unique person like u deserve. Sleep tight or morning,0,hi neva worry bout da truth coz truth lead ur heart least unique person like deserve sleep tight morning
spam,"Dear Matthew please call 09063440451 from a landline, your complimentary 4*Lux Tenerife holiday or £1000 CASH await collection. ppm150 SAE T&Cs Box334 SK38XH.",1,dear matthew please call landline complimentary lux tenerife holiday cash await collection ppm sae cs box sk xh
ham,"I'm outside islands, head towards hard rock and you'll run into me",0,outside islands head towards hard rock run
ham,OH FUCK. JUSWOKE UP IN A BED ON A BOATIN THE DOCKS. SLEPT WID 25 YEAR OLD. SPINOUT! GIV U DA GOSSIP L8R. XXX,0,oh fuck juswoke bed boatin docks slept wid year old spinout giv da gossip xxx
ham,ALRITE SAM ITS NIC JUST CHECKIN THAT THIS IS UR NUMBER-SO IS IT?T.B*,0,alrite sam nic checkin ur number
ham,"Almost there, see u in a sec",0,almost see sec
ham,Ya! when are ü taking ure practical lessons? I start in june..  ,0,ya taking ure practical lessons start june
ham,I know complain num only..bettr directly go to bsnl offc nd apply for it..,0,know complain num bettr directly go bsnl offc nd apply
spam,"WELL DONE! Your 4* Costa Del Sol Holiday or £5000 await collection. Call 09050090044 Now toClaim. SAE, TCs, POBox334, Stockport, SK38xh, Cost£1.50/pm, Max10mins",1,well done costa del sol holiday await collection call toclaim sae tcs pobox stockport sk xh cost pm max mins
ham,I'm hungry buy smth home...,0,hungry buy smth home
ham,Err... Cud do. I'm going to  at 8pm. I haven't got a way to contact him until then.,0,err cud going pm got way contact
spam,Get your garden ready for summer with a FREE selection of summer bulbs and seeds worth £33:50 only with The Scotsman this Saturday. To stop go2 notxt.co.uk,1,get garden ready summer free selection summer bulbs seeds worth scotsman saturday stop go notxt co uk
ham,When are you going to ride your bike?,0,going ride bike
ham,Missed your call cause I was yelling at scrappy. Miss u. Can't wait for u to come home. I'm so lonely today.,0,missed call cause yelling scrappy miss wait come home lonely today
ham,Message:some text missing* Sender:Name Missing* *Number Missing *Sent:Date missing *Missing U a lot thats y everything is missing sent via fullonsms.com,0,message text missing sender name missing number missing sent date missing missing lot thats everything missing sent via fullonsms com
ham,Update your face book status frequently :),0,update face book status frequently
ham,That's ok. I popped in to ask bout something and she said you'd been in. Are you around tonght wen this girl comes?,0,ok popped ask bout something said around tonght wen girl comes
ham,Will you come online today night,0,come online today night
spam,25p 4 alfie Moon's Children in need song on ur mob. Tell ur m8s. Txt Tone charity to 8007 for Nokias or Poly charity for polys: zed 08701417012 profit 2 charity.,1,alfie moon children need song ur mob tell ur txt tone charity nokias poly charity polys zed profit charity
ham,Might ax well im there.,0,might ax well im
ham,"K give me a sec, breaking a  &lt;#&gt;  at cstore",0,give sec breaking lt gt cstore
ham,Wife.how she knew the time of murder exactly,0,wife knew time murder exactly
ham,Great! So what attracts you to the brothas?,0,great attracts brothas
ham,U guys never invite me anywhere :(,0,guys never invite anywhere
ham,So i asked how's anthony. Dad. And your bf,0,asked anthony dad bf
ham,I taught that Ranjith sir called me. So only i sms like that. Becaus hes verifying about project. Prabu told today so only pa dont mistake me..,0,taught ranjith sir called sms like becaus hes verifying project prabu told today pa dont mistake
ham,Nice.nice.how is it working?,0,nice nice working
spam,"Congratulations! Thanks to a good friend U have WON the £2,000 Xmas prize. 2 claim is easy, just call 08718726971 NOW! Only 10p per minute. BT-national-rate.",1,congratulations thanks good friend xmas prize claim easy call per minute bt national rate
ham,You still around? I could use a half-8th,0,still around could use half th
ham,1 I don't have her number and 2 its gonna be a massive pain in the ass and i'd rather not get involved if that's possible,0,number gon na massive pain ass rather get involved possible
spam,"Final Chance! Claim ur £150 worth of discount vouchers today! Text YES to 85023 now! SavaMob, member offers mobile! T Cs SavaMob POBOX84, M263UZ. £3.00 Subs 16",1,final chance claim ur worth discount vouchers today text yes savamob member offers mobile cs savamob pobox uz subs
ham,Id onluy matters when getting on from offcampus,0,id onluy matters getting offcampus
ham,K.i did't see you.:)k:)where are you now?,0,see
spam,URGENT! Your Mobile number has been awarded with a £2000 prize GUARANTEED. Call 09058094455 from land line. Claim 3030. Valid 12hrs only,1,urgent mobile number awarded prize guaranteed call land line claim valid hrs
ham,Great to hear you are settling well. So what's happenin wit ola?,0,great hear settling well happenin wit ola
spam,Someone has conacted our dating service and entered your phone because they fancy you!To find out who it is call from landline 09111030116. PoBox12n146tf15,1,someone conacted dating service entered phone fancy find call landline pobox tf
ham,Dont know supports ass and srt i thnk. I think ps3 can play through usb too,0,dont know supports ass srt thnk think ps play usb
ham,If you hear a loud scream in about &lt;#&gt; minutes its cause my Gyno will be shoving things up me that don't belong :/,0,hear loud scream lt gt minutes cause gyno shoving things belong
ham,I will reach ur home in  &lt;#&gt;  minutes,0,reach ur home lt gt minutes
ham,"I don't think I can get away for a trek that long with family in town, sorry",0,think get away trek long family town sorry
ham,Yup... Ok i go home look at the timings then i msg ü again... Xuhui going to learn on 2nd may too but her lesson is at 8am,0,yup ok go home look timings msg xuhui going learn nd may lesson
ham,K..k..any special today?,0,special today
ham,"No dice, art class 6 thru 9 :( thanks though. Any idea what time I should come tomorrow?",0,dice art class thru thanks though idea time come tomorrow
ham,Ok...,0,ok
ham,I'm at work. Please call,0,work please call
ham,But your brother transfered only  &lt;#&gt;  +  &lt;#&gt; . Pa.,0,brother transfered lt gt lt gt pa
ham,Ok. I asked for money how far,0,ok asked money far
ham,Excellent! Wish we were together right now!,0,excellent wish together right
ham,She.s good. She was wondering if you wont say hi but she.s smiling now. So how are you coping with the long distance,0,good wondering wont say hi smiling coping long distance
ham,No I don't have cancer. Moms making a big deal out of a regular checkup aka pap smear,0,cancer moms making big deal regular checkup aka pap smear
ham,O. Guess they both got screwd,0,guess got screwd
spam,URGENT! This is the 2nd attempt to contact U!U have WON £1000CALL 09071512432 b4 300603t&csBCM4235WC1N3XX.callcost150ppmmobilesvary. max£7. 50,1,urgent nd attempt contact call csbcm wc xx callcost ppmmobilesvary max
ham,Good. do you think you could send me some pix? I would love to see your top and bottom...,0,good think could send pix would love see top bottom
ham,Hey anyway i have to :-),0,hey anyway
ham,Aight ill get on fb in a couple minutes,0,aight ill get fb couple minutes
ham,No break time one... How... I come out n get my stuff fr ü?,0,break time one come get stuff fr
ham,No i'm not gonna be able to. || too late notice. || i'll be home in a few weeks anyway. || what are the plans,0,gon na able late notice home weeks anyway plans
ham,"Hello. No news on job, they are making me wait a fifth week! Yeah im up for some woozles and weasels... In exeter still, but be home about 3. ",0,hello news job making wait fifth week yeah im woozles weasels exeter still home
ham,Hey mr whats the name of that bill brison book the one about language and words ,0,hey mr whats name bill brison book one language words
ham,Hey pple...$700 or $900 for 5 nights...Excellent location wif breakfast hamper!!!,0,hey pple nights excellent location wif breakfast hamper
ham,Jus finish bathing...,0,jus finish bathing
ham,"Come to me, slave. Your doing it again ... Going into your shell and unconsciously avoiding me ... You are making me unhappy :-(",0,come slave going shell unconsciously avoiding making unhappy
ham,I jus reached home. I go bathe first. But my sis using net tell u when she finishes k...,0,jus reached home go bathe first sis using net tell finishes
ham,NO GIFTS!! You trying to get me to throw myself off a cliff or something?,0,gifts trying get throw cliff something
ham,"Arms fine, how's Cardiff and uni? ",0,arms fine cardiff uni
ham,Another month. I need chocolate weed and alcohol.,0,another month need chocolate weed alcohol
ham,How. Its a little difficult but its a simple way to enter this place,0,little difficult simple way enter place
ham,"Goodmorning,my grandfather expired..so am on leave today.",0,goodmorning grandfather expired leave today
ham,Watching tv now. I got new job :),0,watching tv got new job
ham,"Hi, Mobile no.  &lt;#&gt;  has added you in their contact list on www.fullonsms.com It s a great place to send free sms to people For more visit fullonsms.com",0,hi mobile lt gt added contact list www fullonsms com great place send free sms people visit fullonsms com
ham,Squeeeeeze!! This is christmas hug.. If u lik my frndshp den hug me back.. If u get 3 u r cute:) 6 u r luvd:* 9 u r so lucky;) None? People hate u:,0,squeeeeeze christmas hug lik frndshp den hug back get cute luvd lucky none people hate
ham,I'm gonna say no. Sorry. I would but as normal am starting to panic about time. Sorry again! Are you seeing on Tuesday?,0,gon na say sorry would normal starting panic time sorry seeing tuesday
spam,"Wan2 win a Meet+Greet with Westlife 4 U or a m8? They are currently on what tour? 1)Unbreakable, 2)Untamed, 3)Unkempt. Text 1,2 or 3 to 83049. Cost 50p +std text",1,wan win meet greet westlife currently tour unbreakable untamed unkempt text cost std text
ham,Speak only when you feel your words are better than the silence... Gud mrng:-),0,speak feel words better silence gud mrng
ham,Everybody had fun this evening. Miss you.,0,everybody fun evening miss
spam,URGENT! Your Mobile number has been awarded a <UKP>2000 prize GUARANTEED. Call 09061790125 from landline. Claim 3030. Valid 12hrs only 150ppm,1,urgent mobile number awarded ukp prize guaranteed call landline claim valid hrs ppm
spam,Do you want a New Nokia 3510i Colour Phone Delivered Tomorrow? With 200 FREE minutes to any mobile + 100 FREE text + FREE camcorder Reply or Call 8000930705,1,want new nokia colour phone delivered tomorrow free minutes mobile free text free camcorder reply call
ham,Thats cool. i liked your photos. You are very sexy!,0,thats cool liked photos sexy
ham,Friends that u can stay on fb chat with,0,friends stay fb chat
ham,Can you just come in for a sec? There's somebody here I want you to see,0,come sec somebody want see
ham,No one interested. May be some business plan.,0,one interested may business plan
spam,WIN a £200 Shopping spree every WEEK Starting NOW. 2 play text STORE to 88039. SkilGme. TsCs08714740323 1Winawk! age16 £1.50perweeksub.,1,win shopping spree every week starting play text store skilgme tscs winawk age perweeksub
ham,I know you are serving. I mean what are you doing now.,0,know serving mean
ham,Think I could stop by in like an hour or so? My roommate's looking to stock up for a trip,0,think could stop like hour roommate looking stock trip
ham,I want to tel u one thing u should not mistake me k THIS IS THE MESSAGE THAT YOU SENT:),0,want tel one thing mistake message sent
ham,Was gr8 to see that message. So when r u leaving? Congrats dear. What school and wat r ur plans.,0,gr see message leaving congrats dear school wat ur plans
ham,I'm stuck in da middle of da row on da right hand side of da lt... ,0,stuck da middle da row da right hand side da lt
spam,Our brand new mobile music service is now live. The free music player will arrive shortly. Just install on your phone to browse content from the top artists.,1,brand new mobile music service live free music player arrive shortly install phone browse content top artists
ham,"House-Maid is the murderer, coz the man was murdered on  &lt;#&gt; th January.. As public holiday all govt.instituitions are closed,including post office..understand?",0,house maid murderer coz man murdered lt gt th january public holiday govt instituitions closed including post office understand
ham,"Tell you what, if you make a little spreadsheet and track whose idea it was to smoke to determine who ""smokes too much"" for the entire month of february, I'll come up",0,tell make little spreadsheet track whose idea smoke determine smokes much entire month february come
ham,Heart is empty without love.. Mind is empty without wisdom.. Eyes r empty without dreams &amp; Life is empty without frnds.. So Alwys Be In Touch. Good night &amp; sweet dreams,0,heart empty without love mind empty without wisdom eyes empty without dreams amp life empty without frnds alwys touch good night amp sweet dreams
ham,Senthil group company Apnt 5pm.,0,senthil group company apnt pm
ham,Want to send me a virtual hug?... I need one,0,want send virtual hug need one
spam,Win a £1000 cash prize or a prize worth £5000,1,win cash prize prize worth
ham,"(I should add that I don't really care and if you can't I can at least get this dude to fuck off but hey, your money if you want it)",0,add really care least get dude fuck hey money want
ham,Sorry de i went to shop.,0,sorry de went shop
ham,Don‘t give a flying monkeys wot they think and I certainly don‘t mind. Any friend of mine and all that!,0,give flying monkeys wot think certainly mind friend mine
ham,It certainly puts things into perspective when something like this happens,0,certainly puts things perspective something like happens
ham,"And that is the problem. You walk around in ""julianaland"" oblivious to what is going on around you. I say the same things constantly and they go in one ear and out the other while you go off doing whatever you want to do. It's not that you don't know why I'm upset--it's that you don't listen when i tell you WHAT is going to upset me. Then you want to be surprised when I'm mad.",0,problem walk around julianaland oblivious going around say things constantly go one ear go whatever want know upset listen tell going upset want surprised mad
ham,Already am squatting is the new way of walking,0,already squatting new way walking
spam,"England v Macedonia - dont miss the goals/team news. Txt ur national team to 87077 eg ENGLAND to 87077 Try:WALES, SCOTLAND 4txt/ú1.20 POBOXox36504W45WQ 16+",1,england macedonia dont miss goals team news txt ur national team eg england try wales scotland txt poboxox wq
ham,You will be in the place of that man,0,place man
ham,Cold. Dont be sad dear,0,cold dont sad dear
spam,Santa calling! Would your little ones like a call from Santa Xmas Eve? Call 09077818151 to book you time. Calls1.50ppm last 3mins 30s T&C www.santacalling.com,1,santa calling would little ones like call santa xmas eve call book time calls ppm last mins www santacalling com
spam,WIN URGENT! Your mobile number has been awarded with a £2000 prize GUARANTEED call 09061790121 from land line. claim 3030 valid 12hrs only 150ppm ,1,win urgent mobile number awarded prize guaranteed call land line claim valid hrs ppm
ham,on a Tuesday night r u 4 real,0,tuesday night real
spam,Great NEW Offer - DOUBLE Mins & DOUBLE Txt on best Orange tariffs AND get latest camera phones 4 FREE! Call MobileUpd8 free on 08000839402 NOW! or 2stoptxt T&Cs,1,great new offer double mins double txt best orange tariffs get latest camera phones free call mobileupd free stoptxt cs
ham,How many times i told in the stage all use to laugh. You not listen aha.,0,many times told stage use laugh listen aha
ham,Oh k :)why you got job then whats up?,0,oh got job whats
ham,Y lei?,0,lei
ham,Just finished eating. Got u a plate. NOT leftovers this time.,0,finished eating got plate leftovers time
ham,Leave it. U will always be ignorant.,0,leave always ignorant
ham,"Hi , where are you? We're at  and they're not keen to go out i kind of am but feel i shouldn't so can we go out tomo, don't mind do you?",0,hi keen go kind feel go tomo mind
ham,Ok...,0,ok
ham,Just curious because my cuz asked what I was up to,0,curious cuz asked
ham,Ok... Sweet dreams...,0,ok sweet dreams
ham,Just do what ever is easier for you,0,ever easier
ham,At 4. Let's go to bill millers,0,let go bill millers
ham,I had askd u a question some hours before. Its answer,0,askd question hours answer
spam,important information 4 orange user . today is your lucky day!2find out why log onto http://www.urawinner.com THERE'S A FANTASTIC SURPRISE AWAITING YOU!,1,important information orange user today lucky day find log onto http www urawinner com fantastic surprise awaiting
ham,"Aight, tomorrow around  &lt;#&gt;  it is",0,aight tomorrow around lt gt
ham,Hello! How r u? Im bored. Inever thought id get bored with the tv but I am. Tell me something exciting has happened there? Anything! =/,0,hello im bored inever thought id get bored tv tell something exciting happened anything
spam,Not heard from U4 a while. Call 4 rude chat private line 01223585334 to cum. Wan 2C pics of me gettin shagged then text PIX to 8552. 2End send STOP 8552 SAM xxx,1,heard call rude chat private line cum wan pics gettin shagged text pix end send stop sam xxx
spam,"Hottest pics straight to your phone!! See me getting Wet and Wanting, just for you xx Text PICS to 89555 now! txt costs 150p textoperator g696ga 18 XxX",1,hottest pics straight phone see getting wet wanting xx text pics txt costs textoperator ga xxx
ham,"Dont pack what you can buy at any store.like cereals. If you must pack food, pack gari or something 9ja that you will miss.",0,dont pack buy store like cereals must pack food pack gari something ja miss
ham,Just send a text. We'll skype later.,0,send text skype later
spam,URGENT! We are trying to contact U. Todays draw shows that you have won a £2000 prize GUARANTEED. Call 09066358361 from land line. Claim Y87. Valid 12hrs only,1,urgent trying contact todays draw shows prize guaranteed call land line claim valid hrs
ham,Lol its ok I didn't remember til last nite,0,lol ok remember til last nite
ham,We live in the next  &lt;#&gt; mins,0,live next lt gt mins
ham,Apart from the one i told you about yesterday?,0,apart one told yesterday
ham,I'm reaching home in 5 min.,0,reaching home min
ham,This pen thing is beyond a joke. Wont a Biro do? Don't do a masters as can't do this ever again! ,0,pen thing beyond joke wont biro masters ever
ham,Ya even those cookies have jelly on them,0,ya even cookies jelly
ham,You sure your neighbors didnt pick it up,0,sure neighbors didnt pick
ham,What he said is not the matter. My mind saying some other matter is there.,0,said matter mind saying matter
ham,This is wishing you a great day. Moji told me about your offer and as always i was speechless. You offer so easily to go to great lengths on my behalf and its stunning. My exam is next friday. After that i will keep in touch more. Sorry.,0,wishing great day moji told offer always speechless offer easily go great lengths behalf stunning exam next friday keep touch sorry
ham,You'll never believe this but i have actually got off at taunton. Wow,0,never believe actually got taunton wow
ham,And maybe some pressies,0,maybe pressies
ham,You flippin your shit yet?,0,flippin shit yet
spam,"FREE RING TONE just text ""POLYS"" to 87131. Then every week get a new tone. 0870737910216yrs only £1.50/wk.",1,free ring tone text polys every week get new tone yrs wk
spam,"FREE GAME. Get Rayman Golf 4 FREE from the O2 Games Arcade. 1st get UR games settings. Reply POST, then save & activ8. Press 0 key for Arcade. Termsapply",1,free game get rayman golf free games arcade st get ur games settings reply post save activ press key arcade termsapply
ham,Asking do u knw them or nt? May be ur frnds or classmates?,0,asking knw nt may ur frnds classmates
ham,5 nights...We nt staying at port step liao...Too ex,0,nights nt staying port step liao ex
ham,"Sorry, I guess whenever I can get a hold of my connections, maybe an hour or two? I'll text you",0,sorry guess whenever get hold connections maybe hour two text
ham,ITS A LAPTOP TAKE IT WITH YOU.,0,laptop take
spam,"Double mins and txts 4 6months FREE Bluetooth on Orange. Available on Sony, Nokia Motorola phones. Call MobileUpd8 on 08000839402 or call2optout/N9DX",1,double mins txts months free bluetooth orange available sony nokia motorola phones call mobileupd call optout dx
ham,U havent lost me ill always b here 4u.i didnt intend 2 hurt u but I never knew how u felt about me when Iwas+marine&thats what itried2tell urmom.i careabout u,0,lost ill always intend hurt never knew felt iwas marine itried tell urmom careabout
ham,I'm ok wif it cos i like 2 try new things. But i scared u dun like mah. Cos u said not too loud.,0,ok wif cos like try new things scared dun like mah cos said loud
ham,Yup i thk cine is better cos no need 2 go down 2 plaza mah.,0,yup thk cine better cos need go plaza mah
spam,I don't know u and u don't know me. Send CHAT to 86688 now and let's find each other! Only 150p/Msg rcvd. HG/Suite342/2Lands/Row/W1J6HL LDN. 18 years or over.,1,know know send chat let find msg rcvd hg suite lands row hl ldn years
ham,Purity of friendship between two is not about smiling after reading the forwarded message..Its about smiling just by seeing the name. Gud evng,0,purity friendship two smiling reading forwarded message smiling seeing name gud evng
ham,I dont have that much image in class.,0,dont much image class
ham,I can't make it tonight,0,make tonight
ham,I‘m parked next to a MINI!!!! When are you coming in today do you think?,0,parked next mini coming today think
ham,"Ok da, i already planned. I wil pick you.",0,ok da already planned wil pick
ham,"Alright we're hooked up, where you guys at",0,alright hooked guys
ham,Gud ni8 dear..slp well..take care..swt dreams..Muah..,0,gud ni dear slp well take care swt dreams muah
ham,SORRY IM STIL FUCKED AFTER LAST NITE WENT TOBED AT 430 GOT UP 4 WORK AT 630,0,sorry im stil fucked last nite went tobed got work
spam,You will be receiving this week's Triple Echo ringtone shortly. Enjoy it!,1,receiving week triple echo ringtone shortly enjoy
ham,"Haha awesome, omw back now then",0,haha awesome omw back
ham,It does it on its own. Most of the time it fixes my spelling. But sometimes it gets a completely diff word. Go figure,0,time fixes spelling sometimes gets completely diff word go figure
ham,Lol alright i was thinkin that too haha,0,lol alright thinkin haha
ham,Yeah imma come over cause jay wants to do some drugs,0,yeah imma come cause jay wants drugs
ham,My sort code is  and acc no is . The bank is natwest. Can you reply to confirm i've sent this to the right person!,0,sort code acc bank natwest reply confirm sent right person
ham,Slept? I thinkThis time ( &lt;#&gt;  pm) is not dangerous,0,slept thinkthis time lt gt pm dangerous
spam,18 days to Euro2004 kickoff! U will be kept informed of all the latest news and results daily. Unsubscribe send GET EURO STOP to 83222.,1,days euro kickoff kept informed latest news results daily unsubscribe send get euro stop
ham,May b approve panalam...but it should have more posts..,0,may approve panalam posts
ham,Total video converter free download type this in google search:),0,total video converter free download type google search
spam,URGENT! We are trying to contact U. Todays draw shows that you have won a £800 prize GUARANTEED. Call 09050001808 from land line. Claim M95. Valid12hrs only,1,urgent trying contact todays draw shows prize guaranteed call land line claim valid hrs
ham,Hi its Kate it was lovely to see you tonight and ill phone you tomorrow. I got to sing and a guy gave me his card! xxx,0,hi kate lovely see tonight ill phone tomorrow got sing guy gave card xxx
ham,"Yeah I am, so I'll leave maybe 7ish?",0,yeah leave maybe ish
ham,Also that chat was awesome but don't make it regular unless you can see her in person,0,also chat awesome make regular unless see person
spam,"449050000301 You have won a £2,000 price! To claim, call 09050000301.",1,price claim call
ham,No shoot me. I'm in the docs waiting room. :/,0,shoot docs waiting room
ham,Was the actual exam harder than NBME,0,actual exam harder nbme
ham,Ok then i will come to ur home after half an hour,0,ok come ur home half hour
ham,Well its not like you actually called someone a punto. That woulda been worse.,0,well like actually called someone punto woulda worse
ham,Are you going to write ccna exam this week??,0,going write ccna exam week
ham,It's ok lar. U sleep early too... Nite...,0,ok lar sleep early nite
ham,Smith waste da.i wanna gayle.,0,smith waste da wan na gayle
ham,"Love isn't a decision, it's a feeling. If we could decide who to love, then, life would be much simpler, but then less magical",0,love decision feeling could decide love life would much simpler less magical
ham,Ma head dey swell oh. Thanks for making my day,0,head dey swell oh thanks making day
ham,"CAN I PLEASE COME UP NOW IMIN TOWN.DONTMATTER IF URGOIN OUTL8R,JUST REALLYNEED 2DOCD.PLEASE DONTPLEASE DONTIGNORE MYCALLS,U NO THECD ISV.IMPORTANT TOME 4 2MORO",0,please come imin town dontmatter urgoin outl reallyneed docd please dontplease dontignore mycalls thecd isv important tome moro
ham,No i am not having not any movies in my laptop,0,movies laptop
ham,K come to nordstrom when you're done,0,come nordstrom done
spam,YOU HAVE WON! As a valued Vodafone customer our computer has picked YOU to win a £150 prize. To collect is easy. Just call 09061743386,1,valued vodafone customer computer picked win prize collect easy call
ham,Ok. So april. Cant wait,0,ok april cant wait
ham,"I am in tirupur da, once you started from office call me.",0,tirupur da started office call
spam,Sunshine Quiz Wkly Q! Win a top Sony DVD player if u know which country Liverpool played in mid week? Txt ansr to 82277. £1.50 SP:Tyrone,1,sunshine quiz wkly win top sony dvd player know country liverpool played mid week txt ansr sp tyrone
ham,Ummma.will call after check in.our life will begin from qatar so pls pray very hard.,0,ummma call check life begin qatar pls pray hard
ham,"By the way, i've put a skip right outside the front of the house so you can see which house it is. Just pull up before it.",0,way put skip right outside front house see house pull
ham,"Helloooo... Wake up..! ""Sweet"" ""morning"" ""welcomes"" ""You"" ""Enjoy"" ""This Day"" ""with full of joy"".. ""GUD MRNG"".",0,helloooo wake sweet morning welcomes enjoy day full joy gud mrng
ham,Hello. Damn this christmas thing. I think i have decided to keep this mp3 that doesnt work.,0,hello damn christmas thing think decided keep mp doesnt work
ham,Ok...,0,ok
ham,Near kalainar tv office.thenampet,0,near kalainar tv office thenampet
spam,Someone U know has asked our dating service 2 contact you! Cant Guess who? CALL 09058091854 NOW all will be revealed. PO BOX385 M6 6WU,1,someone know asked dating service contact cant guess call revealed po box wu
ham,"It's that time of the week again, ryan",0,time week ryan
ham,Hi its me you are probably having too much fun to get this message but i thought id txt u cos im bored! and james has been farting at me all night,0,hi probably much fun get message thought id txt cos im bored james farting night
ham,Cancel cheyyamo?and get some money back?,0,cancel cheyyamo get money back
ham,You can jot down things you want to remember later.,0,jot things want remember later
ham,"Dear, take care. I am just reaching home.love u a lot.",0,dear take care reaching home love lot
spam,PRIVATE! Your 2004 Account Statement for 078498****7 shows 786 unredeemed Bonus Points. To claim call 08719180219 Identifier Code: 45239 Expires 06.05.05,1,private account statement shows unredeemed bonus points claim call identifier code expires
spam,"Dear Voucher Holder, To claim this weeks offer, at you PC please go to http://www.e-tlp.co.uk/reward. Ts&Cs apply.",1,dear voucher holder claim weeks offer pc please go http www tlp co uk reward ts cs apply
ham,So no messages. Had food?,0,messages food
ham,I've not sent it. He can send me.,0,sent send
ham,His bday real is in april .,0,bday real april
ham,Who's there say hi to our drugdealer,0,say hi drugdealer
ham,Oi when you gonna ring,0,oi gon na ring
ham,Sorry i cant take your call right now. It so happens that there r 2waxsto do wat you want. She can come and ill get her medical insurance. And she'll be able to deliver and have basic care. I'm currently shopping for the right medical insurance for her. So just give me til friday morning. Thats when i.ll see the major person that can guide me to the right insurance.,0,sorry cant take call right happens waxsto wat want come ill get medical insurance able deliver basic care currently shopping right medical insurance give til friday morning thats see major person guide right insurance
ham,HI DARLIN I FINISH AT 3 DO U 1 2 PICK ME UP OR MEET ME? TEXT BACK ON THIS NUMBER LUV KATE XXX,0,hi darlin finish pick meet text back number luv kate xxx
ham,At 7 we will go ok na.,0,go ok na
ham,Reading gud habit.. Nan bari hudgi yorge pataistha ertini kano:-),0,reading gud habit nan bari hudgi yorge pataistha ertini kano
ham,"Well, i'm gonna finish my bath now. Have a good...fine night.",0,well gon na finish bath good fine night
ham,Aiyo please ü got time meh.,0,aiyo please got time meh
ham,Alrite jod hows the revision goin? Keris bin doin a smidgin. N e way u wanna cum over after college?xx,0,alrite jod hows revision goin keris bin doin smidgin way wan na cum college xx
ham,Better. Made up for Friday and stuffed myself like a pig yesterday. Now I feel bleh. But at least its not writhing pain kind of bleh.,0,better made friday stuffed like pig yesterday feel bleh least writhing pain kind bleh
spam,"This weeks SavaMob member offers are now accessible. Just call 08709501522 for details! SavaMob, POBOX 139, LA3 2WU. Only £1.50/week. SavaMob - offers mobile!",1,weeks savamob member offers accessible call details savamob pobox la wu week savamob offers mobile
ham,"Wn u r hurt by d prsn who s close 2 u, do fight wit dem. Coz somtimes dis fight saves a relation bt being quiet leaves nothin in a relation.. Gud eveB-)",0,wn hurt prsn close fight wit dem coz somtimes dis fight saves relation bt quiet leaves nothin relation gud eveb
ham,"Sorry, I'll call later ok bye",0,sorry call later ok bye
ham,Unlimited texts. Limited minutes.,0,unlimited texts limited minutes
spam,Free entry in 2 a wkly comp to win FA Cup final tkts 21st May 2005. Text FA to 87121 to receive entry question(std txt rate)T&C's apply 08452810075over18's,1,free entry wkly comp win fa cup final tkts st may text fa receive entry question std txt rate apply
spam,Welcome! Please reply with your AGE and GENDER to begin. e.g 24M,1,welcome please reply age gender begin
ham,"As usual..iam fine, happy &amp; doing well..:)",0,usual iam fine happy amp well
spam,A £400 XMAS REWARD IS WAITING FOR YOU! Our computer has randomly picked you from our loyal mobile customers to receive a £400 reward. Just call 09066380611,1,xmas reward waiting computer randomly picked loyal mobile customers receive reward call
ham,"He will, you guys close?",0,guys close
ham,Well boy am I glad G wasted all night at applebees for nothing,0,well boy glad wasted night applebees nothing
ham,Just chill for another 6hrs. If you could sleep the pain is not a surgical emergency so see how it unfolds. Okay,0,chill another hrs could sleep pain surgical emergency see unfolds okay
ham,Going thru a very different feeling.wavering decisions and coping up with the same is the same individual.time will heal everything i believe.,0,going thru different feeling wavering decisions coping individual time heal everything believe
spam,"Got what it takes 2 take part in the WRC Rally in Oz? U can with Lucozade Energy! Text RALLY LE to 61200 (25p), see packs or lucozade.co.uk/wrc & itcould be u!",1,got takes take part wrc rally oz lucozade energy text rally le see packs lucozade co uk wrc itcould
ham,I will come tomorrow di,0,come tomorrow di
ham,Really dun bluff me leh... U sleep early too. Nite...,0,really dun bluff leh sleep early nite
ham,S but mostly not like that.,0,mostly like
spam,"To review and KEEP the fantastic Nokia N-Gage game deck with Club Nokia, go 2 www.cnupdates.com/newsletter. unsubscribe from alerts reply with the word OUT",1,review keep fantastic nokia gage game deck club nokia go www cnupdates com newsletter unsubscribe alerts reply word
ham,At the funeral home with Audrey and dad,0,funeral home audrey dad
ham,staff.science.nus.edu.sg/~phyhcmk/teaching/pc1323,0,staff science nus edu sg phyhcmk teaching pc
ham,"Jay wants to work out first, how's 4 sound?",0,jay wants work first sound
ham,great princess! I love giving and receiving oral. Doggy style is my fave position. How about you? I enjoy making love  &lt;#&gt;  times per night :),0,great princess love giving receiving oral doggy style fave position enjoy making love lt gt times per night
ham,Thats cool. How was your day?,0,thats cool day
ham,"swhrt how u dey,hope ur ok, tot about u 2day.love n miss.take care.",0,swhrt dey hope ur ok tot day love miss take care
spam,"URGENT! Your mobile was awarded a £1,500 Bonus Caller Prize on 27/6/03. Our final attempt 2 contact U! Call 08714714011",1,urgent mobile awarded bonus caller prize final attempt contact call
spam,"You have won ?1,000 cash or a ?2,000 prize! To claim, call09050000327. T&C: RSTM, SW7 3SS. 150ppm",1,cash prize claim call rstm sw ss ppm
ham,All day working day:)except saturday and sunday..,0,day working day except saturday sunday
ham,"No, I was trying it all weekend ;V",0,trying weekend
ham,Bring tat cd don forget,0,bring tat cd forget
ham,"Sorry, I'll call later",0,sorry call later
ham,"Good afternoon loverboy ! How goes you day ? Any luck come your way? I think of you, sweetie and send my love across the sea to make you smile and happy",0,good afternoon loverboy goes day luck come way think sweetie send love across sea make smile happy
ham,Done it but internet connection v slow and can‘t send it. Will try again later or first thing tomo.,0,done internet connection slow send try later first thing tomo
ham,"Yo, call me when you get the chance, a friend of mine wanted me to ask you about a big order",0,yo call get chance friend mine wanted ask big order
ham,I had it already..sabarish asked me to go..,0,already sabarish asked go
ham,You are right though. I can't give you the space you want and need. This is really starting to become an issue. I was going to suggest setting a definite move out--if i'm still there-- after greece. But maybe you are ready and should do it now.,0,right though give space want need really starting become issue going suggest setting definite move still greece maybe ready
ham,There r many model..sony ericson also der.. &lt;#&gt; ..it luks good bt i forgot modl no,0,many model sony ericson also der lt gt luks good bt forgot modl
spam,4mths half price Orange line rental & latest camera phones 4 FREE. Had your phone 11mths+? Call MobilesDirect free on 08000938767 to update now! or2stoptxt T&Cs,1,mths half price orange line rental latest camera phones free phone mths call mobilesdirect free update stoptxt cs
ham,"Time n Smile r the two crucial things in our life. Sometimes time makes us to forget smile, and sometimes someone's smile makes us to forget time gud noon",0,time smile two crucial things life sometimes time makes us forget smile sometimes someone smile makes us forget time gud noon
spam,"Do you ever notice that when you're driving, anyone going slower than you is an idiot and everyone driving faster than you is a maniac?",1,ever notice driving anyone going slower idiot everyone driving faster maniac
ham,Yeah. I got a list with only u and Joanna if I'm feeling really anti social,0,yeah got list joanna feeling really anti social
ham,Match started.india  &lt;#&gt;  for 2,0,match started india lt gt
spam,Hello. We need some posh birds and chaps to user trial prods for champneys. Can i put you down? I need your address and dob asap. Ta r,1,hello need posh birds chaps user trial prods champneys put need address dob asap ta
ham,"Dude. What's up. How Teresa. Hope you have been okay. When i didnt hear from these people, i called them and they had received the package since dec  &lt;#&gt; . Just thot you'ld like to know. Do have a fantastic year and all the best with your reading. Plus if you can really really Bam first aid for Usmle, then your work is done.",0,dude teresa hope okay didnt hear people called received package since dec lt gt thot ld like know fantastic year best reading plus really really bam first aid usmle work done
ham,U meet other fren dun wan meet me ah... Muz b a guy rite...,0,meet fren dun wan meet ah muz guy rite
ham,Well there's a pattern emerging of my friends telling me to drive up and come smoke with them and then telling me that I'm a weed fiend/make them smoke too much/impede their doing other things so you see how I'm hesitant,0,well pattern emerging friends telling drive come smoke telling weed fiend make smoke much impede things see hesitant
spam,"This is the 2nd time we have tried 2 contact u. U have won the 750 Pound prize. 2 claim is easy, call 08712101358 NOW! Only 10p per min. BT-national-rate",1,nd time tried contact pound prize claim easy call per min bt national rate
spam,"Congrats! 1 year special cinema pass for 2 is yours. call 09061209465 now! C Suprman V, Matrix3, StarWars3, etc all 4 FREE! bx420-ip4-5we. 150pm. Dont miss out!",1,congrats year special cinema pass call suprman matrix starwars etc free bx ip pm dont miss
ham,"Sweetheart, hope you are not having that kind of day! Have one with loads of reasons to smile. Biola",0,sweetheart hope kind day one loads reasons smile biola
ham,"If you want to mapquest it or something look up ""usf dogwood drive"", that's the tiny street where the parking lot is",0,want mapquest something look usf dogwood drive tiny street parking lot
ham,"sry can't talk on phone, with parents",0,sry talk phone parents
spam,"Shop till u Drop, IS IT YOU, either 10K, 5K, £500 Cash or £100 Travel voucher, Call now, 09064011000. NTT PO Box CR01327BT fixedline Cost 150ppm mobile vary",1,shop till drop either cash travel voucher call ntt po box cr bt fixedline cost ppm mobile vary
ham,All these nice new shirts and the only thing I can wear them to is nudist themed ;_; you in mu?,0,nice new shirts thing wear nudist themed mu
spam,"Fantasy Football is back on your TV. Go to Sky Gamestar on Sky Active and play £250k Dream Team. Scoring starts on Saturday, so register now!SKY OPT OUT to 88088",1,fantasy football back tv go sky gamestar sky active play dream team scoring starts saturday register sky opt
ham,Yeah sure I'll leave in a min,0,yeah sure leave min
ham,"I have 2 sleeping bags, 1 blanket and paper and  phone details. Anything else?",0,sleeping bags blanket paper phone details anything else
ham,I just cooked a rather nice salmon a la you,0,cooked rather nice salmon la
ham,She doesnt need any test.,0,doesnt need test
ham,U can call me now...,0,call
ham,Oooh bed ridden ey? What are YOU thinking of?,0,oooh bed ridden ey thinking
ham,Am i that much dirty fellow?,0,much dirty fellow
spam,Hi I'm sue. I am 20 years old and work as a lapdancer. I love sex. Text me live - I'm i my bedroom now. text SUE to 89555. By TextOperator G2 1DA 150ppmsg 18+,1,hi sue years old work lapdancer love sex text live bedroom text sue textoperator da ppmsg
ham,"You might want to pull out more just in case and just plan on not spending it if you can, I don't have much confidence in derek and taylor's money management",0,might want pull case plan spending much confidence derek taylor money management
spam,INTERFLORA - It's not too late to order Interflora flowers for christmas call 0800 505060 to place your order before Midnight tomorrow.,1,interflora late order interflora flowers christmas call place order midnight tomorrow
ham,Got it..mail panren paru..,0,got mail panren paru
ham,Yup. Thk of u oso boring wat.,0,yup thk oso boring wat
ham,WHEN THE FIRST STRIKE IS A RED ONE. THE BIRD + ANTELOPE BEGIN TOPLAY IN THE FIELDOF SELFINDEPENDENCE BELIEVE THIS + THE FLOWER OF CONTENTION WILL GROW.RANDOM!,0,first strike red one bird antelope begin toplay fieldof selfindependence believe flower contention grow random
ham,Yes watching footie but worried we're going to blow it - Phil Neville?,0,yes watching footie worried going blow phil neville
ham,Yes. Nigh you cant aha.,0,yes nigh cant aha
ham,Great. I was getting worried about you. Just know that a wonderful and caring person like you will have only the best in life. Know that u r wonderful and God's love is yours.,0,great getting worried know wonderful caring person like best life know wonderful god love
ham,I wish things were different. I wonder when i will be able to show you how much i value you. Pls continue the brisk walks no drugs without askin me please and find things to laugh about. I love you dearly.,0,wish things different wonder able show much value pls continue brisk walks drugs without askin please find things laugh love dearly
ham,Then get some cash together and I'll text jason,0,get cash together text jason
spam,"You are being contacted by our dating service by someone you know! To find out who it is, call from a land line 09050000878. PoBox45W2TG150P",1,contacted dating service someone know find call land line pobox tg
ham,"When people see my msgs, They think Iam addicted to msging... They are wrong, Bcoz They don\'t know that Iam addicted to my sweet Friends..!! BSLVYL",0,people see msgs think iam addicted msging wrong bcoz know iam addicted sweet friends bslvyl
spam,"YOU VE WON! Your 4* Costa Del Sol Holiday or £5000 await collection. Call 09050090044 Now toClaim. SAE, TC s, POBox334, Stockport, SK38xh, Cost£1.50/pm, Max10mins",1,costa del sol holiday await collection call toclaim sae tc pobox stockport sk xh cost pm max mins
ham,Wat r u doing?,0,wat
spam,FreeMsg: Txt: CALL to No: 86888 & claim your reward of 3 hours talk time to use from your phone now! Subscribe6GBP/mnth inc 3hrs 16 stop?txtStop,1,freemsg txt call claim reward hours talk time use phone subscribe gbp mnth inc hrs stop txtstop
ham,"see, i knew giving you a break a few times woul lead to you always wanting to miss curfew. I was gonna gibe you 'til one, but a MIDNIGHT movie is not gonna get out til after 2. You need to come home. You need to getsleep and, if anything, you need to b studdying ear training.",0,see knew giving break times woul lead always wanting miss curfew gon na gibe til one midnight movie gon na get til need come home need getsleep anything need studdying ear training
ham,My sister going to earn more than me da.,0,sister going earn da
ham,Yes princess! I want to make you happy...,0,yes princess want make happy
ham,"The guy (kadeem) hasn't been selling since the break, I know one other guy but he's paranoid as fuck and doesn't like selling without me there and I can't be up there til late tonight",0,guy kadeem selling since break know one guy paranoid fuck like selling without til late tonight
ham,How are you. Wish you a great semester,0,wish great semester
ham,Call me when u're done...,0,call done
ham,"Yo, you around? Just got my car back",0,yo around got car back
ham,Die... I accidentally deleted e msg i suppose 2 put in e sim archive. Haiz... I so sad...,0,die accidentally deleted msg suppose put sim archive haiz sad
ham,"Haha better late than ever, any way I could swing by?",0,haha better late ever way could swing
ham,As per your request 'Melle Melle (Oru Minnaminunginte Nurungu Vettam)' has been set as your callertune for all Callers. Press *9 to copy your friends Callertune,0,per request melle melle oru minnaminunginte nurungu vettam set callertune callers press copy friends callertune
ham,Got meh... When?,0,got meh
ham,"Good afternoon, my love! How goes that day ? I hope maybe you got some leads on a job. I think of you, boytoy and send you a passionate kiss from across the sea",0,good afternoon love goes day hope maybe got leads job think boytoy send passionate kiss across sea
spam,Sexy Singles are waiting for you! Text your AGE followed by your GENDER as wither M or F E.G.23F. For gay men text your AGE followed by a G. e.g.23G.,1,sexy singles waiting text age followed gender wither gay men text age followed
ham,Yup i'm still having coffee wif my frens... My fren drove she'll give me a lift...,0,yup still coffee wif frens fren drove give lift
ham,Hope you are having a great new semester. Do wish you the very best. You are made for greatness.,0,hope great new semester wish best made greatness
ham,S....s...india going to draw the series after many years in south african soil..,0,india going draw series many years south african soil
ham,Dnt worry...use ice pieces in a cloth pack.also take 2 tablets.,0,dnt worry use ice pieces cloth pack also take tablets
ham,i cant talk to you now.i will call when i can.dont keep calling.,0,cant talk call dont keep calling
ham,Amazing : If you rearrange these letters it gives the same meaning... Dormitory = Dirty room Astronomer = Moon starer The eyes = They see Election results = Lies lets recount Mother-in-law = Woman Hitler Eleven plus two =Twelve plus one Its Amazing... !:-),0,amazing rearrange letters gives meaning dormitory dirty room astronomer moon starer eyes see election results lies lets recount mother law woman hitler eleven plus two twelve plus one amazing
spam,"Your free ringtone is waiting to be collected. Simply text the password ""MIX"" to 85069 to verify. Get Usher and Britney. FML, PO Box 5249, MK17 92H. 450Ppw 16",1,free ringtone waiting collected simply text password mix verify get usher britney fml po box mk ppw
ham,Please dont say like that. Hi hi hi,0,please dont say like hi hi hi
ham,My uncles in Atlanta. Wish you guys a great semester.,0,uncles atlanta wish guys great semester
ham,"Height of Confidence: All the Aeronautics professors wer calld &amp; they wer askd 2 sit in an aeroplane. Aftr they sat they wer told dat the plane ws made by their students. Dey all hurried out of d plane.. Bt only 1 didnt move... He said:""if it is made by my students,this wont even start........ Datz confidence..",0,height confidence aeronautics professors wer calld amp wer askd sit aeroplane aftr sat wer told dat plane ws made students dey hurried plane bt didnt move said made students wont even start datz confidence
ham,I'm at work. Please call,0,work please call
ham,Ok not a problem will get them a taxi. C ing  tomorrow and tuesday. On tuesday think we r all going to the cinema. ,0,ok problem get taxi ing tomorrow tuesday tuesday think going cinema
ham,"MOON has come to color your dreams, STARS to make them musical and my SMS to give you warm and Peaceful Sleep. Good Night",0,moon come color dreams stars make musical sms give warm peaceful sleep good night
ham,Eh u send wrongly lar...,0,eh send wrongly lar
ham,I will take care of financial problem.i will help:),0,take care financial problem help
ham,What time. I‘m out until prob 3 or so,0,time prob
ham,Hi its Kate how is your evening? I hope i can see you tomorrow for a bit but i have to bloody babyjontet! Txt back if u can. :) xxx,0,hi kate evening hope see tomorrow bit bloody babyjontet txt back xxx
ham,"That way transport is less problematic than on sat night. By the way, if u want to ask  n  to join my bday, feel free. But need to know definite nos as booking on fri. ",0,way transport less problematic sat night way want ask join bday feel free need know definite nos booking fri
ham,"Better than bb. If he wont use it, his wife will or them doctor",0,better bb wont use wife doctor
spam,-PLS STOP bootydelious (32/F) is inviting you to be her friend. Reply YES-434 or NO-434 See her: www.SMS.ac/u/bootydelious STOP? Send STOP FRND to 62468,1,pls stop bootydelious inviting friend reply yes see www sms ac bootydelious stop send stop frnd
ham,"K, wat s tht incident?",0,wat tht incident
ham,Up to ü... Ü wan come then come lor... But i din c any stripes skirt...,0,wan come come lor din stripes skirt
ham,Sorry completely forgot * will pop em round this week if your still here?,0,sorry completely forgot pop em round week still
ham,How's it feel? Mr. Your not my real Valentine just my yo Valentine even tho u hardly play!!,0,feel mr real valentine yo valentine even tho hardly play
ham,Ya had just now.onion roast.,0,ya onion roast
ham,Oh unintentionally not bad timing. Great. Fingers  the trains play along! Will give fifteen min warning.,0,oh unintentionally bad timing great fingers trains play along give fifteen min warning
ham,"In case you wake up wondering where I am, I forgot I have to take care of something for grandma today, should be done before the parade",0,case wake wondering forgot take care something grandma today done parade
ham,Then she dun believe wat?,0,dun believe wat
ham,Yes.i'm in office da:),0,yes office da
ham,Tell me whos this pls:-),0,tell whos pls
ham,Even if he my friend he is a priest call him now,0,even friend priest call
ham,I'm thinking that chennai forgot to come for auction..,0,thinking chennai forgot come auction
ham,"Awesome, plan to get here any time after like  &lt;#&gt; , I'll text you details in a wee bit",0,awesome plan get time like lt gt text details wee bit
ham,Ok try to do week end course in coimbatore.,0,ok try week end course coimbatore
spam,<Forwarded from 21870000>Hi - this is your Mailbox Messaging SMS alert. You have 40 matches. Please call back on 09056242159 to retrieve your messages and matches cc100p/min,1,forwarded hi mailbox messaging sms alert matches please call back retrieve messages matches cc min
ham,Cheers for the message Zogtorius. Ive been staring at my phone for an age deciding whether to text or not.,0,cheers message zogtorius staring phone age deciding whether text
ham,So how many days since then?,0,many days since
ham,"1.20 that call cost. Which i guess isnt bad. Miss ya, need ya, want ya, love ya",0,call cost guess isnt bad miss ya need ya want ya love ya
ham,No current and food here. I am alone also,0,current food alone also
ham,Just got to  &lt;#&gt;,0,got lt gt
ham,So your telling me I coulda been your real Valentine and I wasn't? U never pick me for NOTHING!!,0,telling coulda real valentine never pick nothing
spam,"FREE NOKIA Or Motorola with upto 12mths 1/2price linerental, 500 FREE x-net mins&100txt/mth FREE B'tooth*. Call Mobileupd8 on 08001950382 or call 2optout/D3WV",1,free nokia motorola upto mths price linerental free net mins txt mth free tooth call mobileupd call optout wv
spam,"FREE2DAY sexy St George's Day pic of Jordan!Txt PIC to 89080 dont miss out, then every wk a saucy celeb!4 more pics c PocketBabe.co.uk 0870241182716 £3/wk",1,free day sexy st george day pic jordan txt pic dont miss every wk saucy celeb pics pocketbabe co uk wk
ham,You getting back any time soon?,0,getting back time soon
ham,Dad says hurry the hell up,0,dad says hurry hell
ham,Now get step 2 outta the way. Congrats again.,0,get step outta way congrats
ham,"Hello lover! How goes that new job? Are you there now? Are you happy? Do you think of me? I wake, my slave and send you a teasing kiss from across the sea",0,hello lover goes new job happy think wake slave send teasing kiss across sea
spam,"URGENT!! Your 4* Costa Del Sol Holiday or £5000 await collection. Call 09050090044 Now toClaim. SAE, TC s, POBox334, Stockport, SK38xh, Cost£1.50/pm, Max10mins",1,urgent costa del sol holiday await collection call toclaim sae tc pobox stockport sk xh cost pm max mins
spam,A £400 XMAS REWARD IS WAITING FOR YOU! Our computer has randomly picked you from our loyal mobile customers to receive a £400 reward. Just call 09066380611 ,1,xmas reward waiting computer randomly picked loyal mobile customers receive reward call
ham,Today am going to college so am not able to atten the class.,0,today going college able atten class
ham,No. Yes please. Been swimming?,0,yes please swimming
ham,Or ill be a little closer like at the bus stop on the same street,0,ill little closer like bus stop street
spam,Ur TONEXS subscription has been renewed and you have been charged £4.50. You can choose 10 more polys this month. www.clubzed.co.uk *BILLING MSG*,1,ur tonexs subscription renewed charged choose polys month www clubzed co uk billing msg
ham,You also didnt get na hi hi hi hi hi,0,also didnt get na hi hi hi hi hi
ham,Shhhhh nobody is supposed to know!,0,shhhhh nobody supposed know
ham,No let me do the math. Your not good at it.,0,let math good
ham,They are just making it easy to pay back. I have  &lt;#&gt; yrs to say but i can pay back earlier. You get?,0,making easy pay back lt gt yrs say pay back earlier get
ham,"Ya ok, then had dinner?",0,ya ok dinner
ham,Miss call miss call khelate kintu opponenter miss call dhorte lage. Thats d rule. One with great phone receiving quality wins.,0,miss call miss call khelate kintu opponenter miss call dhorte lage thats rule one great phone receiving quality wins
spam,U have a secret admirer. REVEAL who thinks U R So special. Call 09065174042. To opt out Reply REVEAL STOP. 1.50 per msg recd. Cust care 07821230901,1,secret admirer reveal thinks special call opt reply reveal stop per msg recd cust care
ham,"Good morning, im suffering from fever and dysentry ..will not be able to come to office today.",0,good morning im suffering fever dysentry able come office today
ham,"Probably gonna be here for a while, see you later tonight &lt;)",0,probably gon na see later tonight lt
ham,I enjoy watching and playing football and basketball. Anything outdoors. And you?,0,enjoy watching playing football basketball anything outdoors
ham,Not to worry. I'm sure you'll get it.,0,worry sure get
ham,Realy sorry-i don't recognise this number and am now confused :) who r u please?! ,0,realy sorry recognise number confused please
ham,No it's waiting in e car dat's bored wat. Cos wait outside got nothing 2 do. At home can do my stuff or watch tv wat.,0,waiting car dat bored wat cos wait outside got nothing home stuff watch tv wat
ham,Where are you ? What are you doing ? Are yuou working on getting the pc to your mom's ? Did you find a spot that it would work ? I need you,0,yuou working getting pc mom find spot would work need
ham,Try neva mate!!,0,try neva mate
spam,"accordingly. I repeat, just text the word ok on your mobile phone and send",1,accordingly repeat text word ok mobile phone send
ham,This weekend is fine (an excuse not to do too much decorating),0,weekend fine excuse much decorating
ham,"Playin space poker, u?",0,playin space poker
spam,"Free entry to the gr8prizes wkly comp 4 a chance to win the latest Nokia 8800, PSP or £250 cash every wk.TXT GREAT to 80878 http//www.gr8prizes.com 08715705022",1,free entry gr prizes wkly comp chance win latest nokia psp cash every wk txt great http www gr prizes com
ham,"Yar lor he wan 2 go c horse racing today mah, so eat earlier lor. I ate chicken rice. U?",0,yar lor wan go horse racing today mah eat earlier lor ate chicken rice
ham,I will see in half an hour,0,see half hour
ham,Thankyou so much for the call. I appreciate your care.,0,thankyou much call appreciate care
spam,"ou are guaranteed the latest Nokia Phone, a 40GB iPod MP3 player or a £500 prize! Txt word: COLLECT to No: 83355! IBHltd LdnW15H 150p/Mtmsgrcvd18",1,ou guaranteed latest nokia phone gb ipod mp player prize txt word collect ibhltd ldnw mtmsgrcvd
ham,How will I creep on you now? ;_;,0,creep
ham,Pls send me the correct name da.,0,pls send correct name da
ham,"Sad story of a Man - Last week was my b'day. My Wife did'nt wish me. My Parents forgot n so did my Kids . I went to work. Even my Colleagues did not wish. As I entered my cabin my PA said, '' Happy B'day Boss !!''. I felt special. She askd me 4 lunch. After lunch she invited me to her apartment. We went there. She said,'' do u mind if I go into the bedroom for a minute ? '' ''OK'', I sed in a sexy mood. She came out 5 minuts latr wid a cake...n My Wife, My Parents, My Kidz, My Friends n My Colleagues. All screaming.. SURPRISE !! and I was waiting on the sofa.. ... ..... ' NAKED...!",0,sad story man last week day wife nt wish parents forgot kids went work even colleagues wish entered cabin pa said happy day boss felt special askd lunch lunch invited apartment went said mind go bedroom minute ok sed sexy mood came minuts latr wid cake wife parents kidz friends colleagues screaming surprise waiting sofa naked
ham,I am thinking of going down to reg for pract lessons.. Flung my advance.. Haha wat time u going?,0,thinking going reg pract lessons flung advance haha wat time going
ham,East coast,0,east coast
ham,"Damn, can you make it tonight or do you want to just wait til tomorrow",0,damn make tonight want wait til tomorrow
spam,22 days to kick off! For Euro2004 U will be kept up to date with the latest news and results daily. To be removed send GET TXT STOP to 83222,1,days kick euro kept date latest news results daily removed send get txt stop
ham,Am i that much bad to avoid like this?,0,much bad avoid like
ham,"The sign of maturity is not when we start saying big things.. But actually it is, when we start understanding small things... *HAVE A NICE EVENING* BSLVYL",0,sign maturity start saying big things actually start understanding small things nice evening bslvyl
ham,LOL ... Have you made plans for new years?,0,lol made plans new years
ham,"Well, I have to leave for my class babe ... You never came back to me ... :-( ... Hope you have a nice sleep, my love",0,well leave class babe never came back hope nice sleep love
ham,I'm really sorry I lit your hair on fire,0,really sorry lit hair fire
ham,Nice line said by a broken heart- Plz don't cum 1 more times infront of me... Other wise once again I ll trust U... Good 9t:),0,nice line said broken heart plz cum times infront wise trust good
ham,"Good afternoon, babe. How goes that day ? Any job prospects yet ? I miss you, my love ... *sighs* ... :-(",0,good afternoon babe goes day job prospects yet miss love sighs
ham,Yup i shd haf ard 10 pages if i add figures... Ü all got how many pages?,0,yup shd haf ard pages add figures got many pages
ham,Thanks honey but still haven't heard anything I will leave it a bit longer so not 2 crowd him and will try later - great advice thanks hope cardiff is still there!,0,thanks honey still heard anything leave bit longer crowd try later great advice thanks hope cardiff still
ham,Gimme a few was  &lt;#&gt;  minutes ago,0,gim lt gt minutes ago
ham,Pick you up bout 7.30ish? What time are  and that going?,0,pick bout ish time going
ham,Leave it wif me lar... Ü wan to carry meh so heavy... Is da num 98321561 familiar to ü?,0,leave wif lar wan carry meh heavy da num familiar
ham,have got * few things to do. may be in * pub later.,0,got things may pub later
ham,"What do you do, my dog ? Must I always wait till the end of your day to have word from you ? Did you run out of time on your cell already?",0,dog must always wait till end day word run time cell already
ham,Are you comingdown later?,0,comingdown later
ham,Gudnite....tc...practice going on,0,gudnite tc practice going
ham,"[…] anyway, many good evenings to u! s",0,anyway many good evenings
ham,So is there anything specific I should be doing with regards to jaklin or what because idk what the fuck,0,anything specific regards jaklin idk fuck
ham,Lol! U drunkard! Just doing my hair at d moment. Yeah still up 4 tonight. Wats the plan? ,0,lol drunkard hair moment yeah still tonight wats plan
spam,Bored housewives! Chat n date now! 0871750.77.11! BT-national rate 10p/min only from landlines!,1,bored housewives chat date bt national rate min landlines
spam,Great NEW Offer - DOUBLE Mins & DOUBLE Txt on best Orange tariffs AND get latest camera phones 4 FREE! Call MobileUpd8 free on 08000839402 NOW! or 2stoptxt T&Cs,1,great new offer double mins double txt best orange tariffs get latest camera phones free call mobileupd free stoptxt cs
ham,Carlos'll be here in a minute if you still need to buy,0,carlos minute still need buy
ham,Haha i think i did too,0,haha think
spam,Get the official ENGLAND poly ringtone or colour flag on yer mobile for tonights game! Text TONE or FLAG to 84199. Optout txt ENG STOP Box39822 W111WX £1.50,1,get official england poly ringtone colour flag yer mobile tonights game text tone flag optout txt eng stop box wx
ham,She's fine. Sends her greetings,0,fine sends greetings
ham,Excellent! Are you ready to moan and scream in ecstasy?,0,excellent ready moan scream ecstasy
ham,How abt making some of the pics bigger?,0,abt making pics bigger
ham,That means from february to april i'll be getting a place to stay down there so i don't have to hustle back and forth during audition season as i have since my sister moved away from harlem.,0,means february april getting place stay hustle back forth audition season since sister moved away harlem
ham,"SYMPTOMS when U are in love: ""1.U like listening songs 2.U get stopped where u see the name of your beloved 3.U won't get angry when your",0,symptoms love like listening songs get stopped see name beloved get angry
ham,My love ! How come it took you so long to leave for Zaher's? I got your words on ym and was happy to see them but was sad you had left. I miss you,0,love come took long leave zaher got words ym happy see sad left miss
ham,Well then you have a great weekend!,0,well great weekend
ham,Mmmmmmm *snuggles into you* ...*deep contented sigh* ... *whispers* ... I fucking love you so much I can barely stand it ...,0,mmmmmmm snuggles deep contented sigh whispers fucking love much barely stand
ham,"Sorry, I'll call later",0,sorry call later
ham,Oh. U must have taken your REAL Valentine out shopping first.,0,oh must taken real valentine shopping first
ham,MAKE SURE ALEX KNOWS HIS BIRTHDAY IS OVER IN FIFTEEN MINUTES AS FAR AS YOU'RE CONCERNED,0,make sure alex knows birthday fifteen minutes far concerned
ham,I want to see your pretty pussy...,0,want see pretty pussy
ham,Orh i tot u say she now still dun believe.,0,orh tot say still dun believe
ham,After completed degree. There is no use in joining finance.,0,completed degree use joining finance
ham,I dont know exactly could you ask chechi.,0,dont know exactly could ask chechi
ham,"Good morning, my Love ... I go to sleep now and wish you a great day full of feeling better and opportunity ... You are my last thought babe, I LOVE YOU *kiss*",0,good morning love go sleep wish great day full feeling better opportunity last thought babe love kiss
spam,Cashbin.co.uk (Get lots of cash this weekend!) www.cashbin.co.uk Dear Welcome to the weekend We have got our biggest and best EVER cash give away!! These..,1,cashbin co uk get lots cash weekend www cashbin co uk dear welcome weekend got biggest best ever cash give away
ham,What's your room number again? Wanna make sure I'm knocking on the right door,0,room number wan na make sure knocking right door
ham,Me too! Have a lovely night xxx,0,lovely night xxx
ham,"Solve d Case : A Man Was Found Murdered On  &lt;DECIMAL&gt; . &lt;#&gt;  AfterNoon. 1,His wife called Police. 2,Police questioned everyone. 3,Wife: Sir,I was sleeping, when the murder took place. 4.Cook: I was cooking. 5.Gardener: I was picking vegetables. 6.House-Maid: I went 2 d post office. 7.Children: We went 2 play. 8.Neighbour: We went 2 a marriage. Police arrested d murderer Immediately. Who's It? Reply With Reason, If U r Brilliant.",0,solve case man found murdered lt decimal gt lt gt afternoon wife called police police questioned everyone wife sir sleeping murder took place cook cooking gardener picking vegetables house maid went post office children went play neighbour went marriage police arrested murderer immediately reply reason brilliant
spam,"Got what it takes 2 take part in the WRC Rally in Oz? U can with Lucozade Energy! Text RALLY LE to 61200 (25p), see packs or lucozade.co.uk/wrc & itcould be u!",1,got takes take part wrc rally oz lucozade energy text rally le see packs lucozade co uk wrc itcould
spam,Valentines Day Special! Win over £1000 in our quiz and take your partner on the trip of a lifetime! Send GO to 83600 now. 150p/msg rcvd. CustCare:08718720201.,1,valentines day special win quiz take partner trip lifetime send go msg rcvd custcare
ham,Finally the match heading towards draw as your prediction.,0,finally match heading towards draw prediction
ham,Now project pa. After that only i can come.,0,project pa come
ham,I dont have any of your file in my bag..i was in work when you called me.i 'll tell you if i find anything in my room.,0,dont file bag work called tell find anything room
ham,Im just wondering what your doing right now?,0,im wondering right
spam,Last chance 2 claim ur £150 worth of discount vouchers-Text YES to 85023 now!SavaMob-member offers mobile T Cs 08717898035. £3.00 Sub. 16 . Remove txt X or STOP,1,last chance claim ur worth discount vouchers text yes savamob member offers mobile cs sub remove txt stop
ham,What is your record for one night? :),0,record one night
spam,Ever thought about living a good life with a perfect partner? Just txt back NAME and AGE to join the mobile community. (100p/SMS),1,ever thought living good life perfect partner txt back name age join mobile community sms
ham,"Dizzamn, aight I'll ask my suitemates when I get back",0,dizzamn aight ask suitemates get back
ham,Beerage?,0,beerage
ham,Hey mate. Spoke to the mag people. We‘re on.  the is deliver by the end of the month. Deliver on the 24th sept. Talk later. ,0,hey mate spoke mag people deliver end month deliver th sept talk later
ham,I'm in town now so i'll jus take mrt down later.,0,town jus take mrt later
ham,Ok...,0,ok
ham,"Sir, good morning. Hope you had a good weekend. I called to let you know that i was able to raise  &lt;#&gt;  from my dad. He however said he would make the rest available by mid feb. This amount is still quite short and i was hoping you would help. Do have a good day. Abiola",0,sir good morning hope good weekend called let know able raise lt gt dad however said would make rest available mid feb amount still quite short hoping would help good day abiola
ham,Kallis is ready for bat in 2nd innings,0,kallis ready bat nd innings
ham,"I've got ten bucks, jay is being noncomittal",0,got ten bucks jay noncomittal
ham,"Good evening Sir, Al Salam Wahleykkum.sharing a happy news.By the grace of God, i got an offer from Tayseer,TISSCO and i joined.Hope you are fine.Inshah Allah,meet you sometime.Rakhesh,visitor from India.",0,good evening sir al salam wahleykkum sharing happy news grace god got offer tayseer tissco joined hope fine inshah allah meet sometime rakhesh visitor india
ham,Jus ans me lar. U'll noe later.,0,jus ans lar noe later
ham,"As I entered my cabin my PA said, '' Happy B'day Boss !!''. I felt special. She askd me 4 lunch. After lunch she invited me to her apartment. We went there.",0,entered cabin pa said happy day boss felt special askd lunch lunch invited apartment went
ham,Yo! Howz u? girls never rang after india. L,0,yo howz girls never rang india
ham,Home so we can always chat,0,home always chat
ham,None of that's happening til you get here though,0,none happening til get though
ham,You lifted my hopes with the offer of money. I am in need. Especially when the end of the month approaches and it hurts my studying. Anyways have a gr8 weekend,0,lifted hopes offer money need especially end month approaches hurts studying anyways gr weekend
ham,"Yep, by the pretty sculpture",0,yep pretty sculpture
ham,Ok. Not sure what time tho as not sure if can get to library before class. Will try. See you at some point! Have good eve.,0,ok sure time tho sure get library class try see point good eve
ham,Been up to ne thing interesting. Did you have a good birthday? When are u wrking nxt? I started uni today.,0,ne thing interesting good birthday wrking nxt started uni today
ham,How come?,0,come
ham,Headin towards busetop,0,headin towards busetop
ham,Tell where you reached,0,tell reached
ham,Well i will watch shrek in 3D!!B),0,well watch shrek
ham,Ok.,0,ok
ham,This single single answers are we fighting? Plus i said am broke and you didnt reply,0,single single answers fighting plus said broke didnt reply
ham,So what did the bank say about the money?,0,bank say money
ham,Am on a train back from northampton so i'm afraid not! I'm staying skyving off today ho ho! Will be around wednesday though. Do you fancy the comedy club this week by the way?,0,train back northampton afraid staying skyving today ho ho around wednesday though fancy comedy club week way
ham,Get me out of this dump heap. My mom decided to come to lowes. BORING.,0,get dump heap mom decided come lowes boring
ham,My tuition is at 330. Hm we go for the 1120 to 1205 one? Do you mind?,0,tuition hm go one mind
spam,Natalie (20/F) is inviting you to be her friend. Reply YES-165 or NO-165 See her: www.SMS.ac/u/natalie2k9 STOP? Send STOP FRND to 62468,1,natalie inviting friend reply yes see www sms ac natalie stop send stop frnd
ham,Fuck babe ... What happened to you ? How come you never came back?,0,fuck babe happened come never came back
ham,Nah im goin 2 the wrks with j wot bout u?,0,nah im goin wrks wot bout
ham,"Ill call u 2mrw at ninish, with my address that icky American freek wont stop callin me 2 bad Jen k eh?",0,ill call mrw ninish address icky american freek wont stop callin bad jen eh
spam,"Bears Pic Nick, and Tom, Pete and ... Dick. In fact, all types try gay chat with photo upload call 08718730666 (10p/min). 2 stop texts call 08712460324",1,bears pic nick tom pete dick fact types try gay chat photo upload call min stop texts call
ham,"Alright omw, gotta change my order to a half8th",0,alright omw got ta change order half th
ham,Watching tv lor... Y she so funny we bluff her 4 wat. Izzit because she thk it's impossible between us?,0,watching tv lor funny bluff wat izzit thk impossible us
ham,"Party's at my place at usf, no charge (but if you can contribute in any way it is greatly appreciated) and yeah, we got room for one more",0,party place usf charge contribute way greatly appreciated yeah got room one
ham,Have your lunch and come quickly and open the door:),0,lunch come quickly open door
ham,Thanx 4 e brownie it's v nice...,0,thanx brownie nice
ham,"Honeybee Said: *I'm d Sweetest in d World* God Laughed &amp; Said: *Wait,U Havnt Met d Person Reading This Msg* MORAL: Even GOD Can Crack Jokes! GM+GN+GE+GN:)",0,honeybee said sweetest world god laughed amp said wait havnt met person reading msg moral even god crack jokes gm gn ge gn
ham,Aah bless! How's your arm?,0,aah bless arm
ham,Are we doing the norm tomorrow? I finish just a 4.15 cos of st tests. Need to sort library stuff out at some point tomo - got letter from today - access til end march so i better get move on!,0,norm tomorrow finish cos st tests need sort library stuff point tomo got letter today access til end march better get move
ham,"New Theory: Argument wins d SITUATION, but loses the PERSON. So dont argue with ur friends just.. . . . kick them &amp; say, I'm always correct.!",0,new theory argument wins situation loses person dont argue ur friends kick amp say always correct
ham,Ok... Take ur time n enjoy ur dinner...,0,ok take ur time enjoy ur dinner
ham,How dare you stupid. I wont tell anything to you. Hear after i wont talk to you:-.,0,dare stupid wont tell anything hear wont talk
ham,Yes :)it completely in out of form:)clark also utter waste.,0,yes completely form clark also utter waste
ham,X2  &lt;#&gt; . Are you going to get that,0,lt gt going get
ham,Maybe i could get book out tomo then return it immediately ..? Or something.,0,maybe could get book tomo return immediately something
spam,URGENT! Your Mobile number has been awarded with a £2000 prize GUARANTEED. Call 09061790121 from land line. Claim 3030. Valid 12hrs only 150ppm,1,urgent mobile number awarded prize guaranteed call land line claim valid hrs ppm
ham,Hey i will be really pretty late... You want to go for the lesson first? I will join you. I'm only reaching tp mrt,0,hey really pretty late want go lesson first join reaching tp mrt
ham,I see the letter B on my car,0,see letter car
ham,Somebody should go to andros and steal ice,0,somebody go andros steal ice
ham,I can ask around but there's not a lot in terms of mids up here,0,ask around lot terms mids
ham,Ok... But they said i've got wisdom teeth hidden inside n mayb need 2 remove.,0,ok said got wisdom teeth hidden inside mayb need remove
ham,Probably a couple hours tops,0,probably couple hours tops
ham,"I love you !!! You know? Can you feel it? Does it make your belly warm? I wish it does, my love ... I shall meet you in your dreams, Ahmad ... *adoring kiss*",0,love know feel make belly warm wish love shall meet dreams ahmad adoring kiss
ham,If we win its really no 1 side for long time.,0,win really side long time
ham,Your pussy is perfect!,0,pussy perfect
ham,Hey.. Something came up last min.. Think i wun be signing up tmr.. Hee,0,hey something came last min think wun signing tmr hee
ham,Only once then after ill obey all yours.,0,ill obey
ham,I'll text you when I drop x off,0,text drop
ham,"Awesome, text me when you're restocked",0,awesome text restocked
ham,"Wen ur lovable bcums angry wid u, dnt take it seriously.. Coz being angry is d most childish n true way of showing deep affection, care n luv!.. kettoda manda... Have nice day da.",0,wen ur lovable bcums angry wid dnt take seriously coz angry childish true way showing deep affection care luv kettoda manda nice day da
ham,All done? All handed in? Celebrations in full swing yet?,0,done handed celebrations full swing yet
ham,K... Must book a not huh? so going for yoga basic on sunday?,0,must book huh going yoga basic sunday
ham,Good evening! How are you?,0,good evening
ham,"Buzz! Hey, my Love ! I think of you and hope your day goes well. Did you sleep in ? I miss you babe. I long for the moment we are together again*loving smile*",0,buzz hey love think hope day goes well sleep miss babe long moment together loving smile
ham,I can take you at like noon,0,take like noon
ham,Great. So should i send you my account number.,0,great send account number
spam,"Thanks for your ringtone order, ref number K718. Your mobile will be charged £4.50. Should your tone not arrive please call customer services on 09065069120",1,thanks ringtone order ref number mobile charged tone arrive please call customer services
ham,Good afternoon my boytoy. How goes that walking here and there day ? Did you get that police abstract? Are you still out and about? I wake and miss you babe,0,good afternoon boytoy goes walking day get police abstract still wake miss babe
ham,"Yes..but they said its IT.,",0,yes said
spam,"Call 09094100151 to use ur mins! Calls cast 10p/min (mob vary). Service provided by AOM, just GBP5/month. AOM Box61,M60 1ER until u stop. Ages 18+ only!",1,call use ur mins calls cast min mob vary service provided aom gbp month aom box er stop ages
ham,I liked the new mobile,0,liked new mobile
spam,"Congrats 2 mobile 3G Videophones R yours. call 09063458130 now! videochat wid ur mates, play java games, Dload polypH music, noline rentl. bx420. ip4. 5we. 150p",1,congrats mobile videophones call videochat wid ur mates play java games dload polyph music noline rentl bx ip
ham,Thinkin about someone is all good. No drugs for that,0,thinkin someone good drugs
spam,Warner Village 83118 C Colin Farrell in SWAT this wkend @Warner Village & get 1 free med. Popcorn!Just show msg+ticket@kiosk.Valid 4-7/12. C t&c @kiosk. Reply SONY 4 mre film offers,1,warner village colin farrell swat wkend warner village get free med popcorn show msg ticket kiosk valid kiosk reply sony mre film offers
ham,Yes:)here tv is always available in work place..,0,yes tv always available work place
ham,"Good afternoon sexy buns! How goes the job search ? I wake and you are my first thought as always, my love. I wish your fine and happy and know I adore you!",0,good afternoon sexy buns goes job search wake first thought always love wish fine happy know adore
ham,"Ya they are well and fine., BBD(pooja) full pimples..even she become quite black..and ur rite here its too cold, wearing sweatter..",0,ya well fine bbd pooja full pimples even become quite black ur rite cold wearing sweatter
ham,When ü login dat time... Dad fetching ü home now?,0,login dat time dad fetching home
ham,No da if you run that it activate the full version da.,0,da run activate full version da
ham,"Night sweet, sleep well! I've just been to see The Exorcism of Emily Rose and may never sleep again! Hugs and snogs! ",0,night sweet sleep well see exorcism emily rose may never sleep hugs snogs
ham,Jesus armand really is trying to tell everybody he can find,0,jesus armand really trying tell everybody find
ham,Lmao. Take a pic and send it to me.,0,lmao take pic send
ham,For The First Time In The History 'Need' 'Comfort' And 'Luxury' Are Sold At Same Price In India..!! Onion-Rs. &lt;#&gt;  Petrol-Rs. &lt;#&gt;  Beer-Rs. &lt;#&gt;  SHESIL  &lt;#&gt;,0,first time history need comfort luxury sold price india onion rs lt gt petrol rs lt gt beer rs lt gt shesil lt gt
ham,Are your freezing ? Are you home yet ? Will you remember to kiss your mom in the morning? Do you love me ? Do you think of me ? Are you missing me yet ?,0,freezing home yet remember kiss mom morning love think missing yet
ham,Friendship poem: Dear O Dear U R Not Near But I Can Hear Dont Get Fear Live With Cheer No More Tear U R Always my Dear. Gud ni8,0,friendship poem dear dear near hear dont get fear live cheer tear always dear gud ni
ham,Oops I was in the shower when u called. Hey a parking garage collapsed at university hospital. See I'm not crazy. Stuff like that DOES happen.,0,oops shower called hey parking garage collapsed university hospital see crazy stuff like happen
ham,Don no da:)whats you plan?,0,da whats plan
ham,Yeah just open chat and click friend lists. Then make the list. Easy as pie,0,yeah open chat click friend lists make list easy pie
ham,"I‘ve got some salt, you can rub it in my open wounds if you like!",0,got salt rub open wounds like
ham,Once free call me sir.,0,free call sir
ham,Kallis wont bat in 2nd innings.,0,kallis wont bat nd innings
ham,Thanx a lot 4 ur help!,0,thanx lot ur help
ham,"Sorry, I'll call later",0,sorry call later
ham,"Hey, can you tell me blake's address? Carlos wanted me to meet him there but I got lost and he's not answering his phone",0,hey tell blake address carlos wanted meet got lost answering phone
ham,I dont have any of your file in my bag..i was in work when you called me.i 'll tell you if i find anything in my room.,0,dont file bag work called tell find anything room
ham,Not yet chikku..wat abt u?,0,yet chikku wat abt
ham,Sac will score big hundred.he is set batsman:-),0,sac score big hundred set batsman
ham,Long after I quit. I get on only like 5 minutes a day as it is.,0,long quit get like minutes day
ham,K:)all the best:)congrats...,0,best congrats
spam,"Urgent UR awarded a complimentary trip to EuroDisinc Trav, Aco&Entry41 Or £1000. To claim txt DIS to 87121 18+6*£1.50(moreFrmMob. ShrAcomOrSglSuplt)10, LS1 3AJ",1,urgent ur awarded complimentary trip eurodisinc trav aco entry claim txt dis morefrmmob shracomorsglsuplt ls aj
spam,from www.Applausestore.com MonthlySubscription@50p/msg max6/month T&CsC web age16 2stop txt stop,1,www applausestore com monthlysubscription msg max month csc web age stop txt stop
ham,"Until 545 lor... Ya, can go 4 dinner together...",0,lor ya go dinner together
ham,"Cool, I'll text you in a few",0,cool text
ham,K.k:)apo k.good movie.,0,apo good movie
ham,If you don't respond imma assume you're still asleep and imma start calling n shit,0,respond imma assume still asleep imma start calling shit
ham,Ok i thk i got it. Then u wan me 2 come now or wat?,0,ok thk got wan come wat
ham,I cant pick the phone right now. Pls send a message,0,cant pick phone right pls send message
ham,I'm ok. Will do my part tomorrow,0,ok part tomorrow
ham,"Sorry, I'll call later",0,sorry call later
ham,"I got like $ &lt;#&gt; , I can get some more later though. Get whatever you feel like",0,got like lt gt get later though get whatever feel like
ham,Send to someone else :-),0,send someone else
ham,Then cant get da laptop? My matric card wif ü lei... ,0,cant get da laptop matric card wif lei
ham,Cbe is really good nowadays:)lot of shop and showrooms:)city is shaping good.,0,cbe really good nowadays lot shop showrooms city shaping good
spam,"BangBabes Ur order is on the way. U SHOULD receive a Service Msg 2 download UR content. If U do not, GoTo wap. bangb. tv on UR mobile internet/service menu",1,bangbabes ur order way receive service msg download ur content goto wap bangb tv ur mobile internet service menu
ham,If you are not coughing then its nothing,0,coughing nothing
ham,Shall i ask one thing if you dont mistake me.,0,shall ask one thing dont mistake
ham,Why must we sit around and wait for summer days to celebrate. Such a magical sight when the worlds dressed in white. Oooooh let there be snow.,0,must sit around wait summer days celebrate magical sight worlds dressed white oooooh let snow
ham,Wewa is 130. Iriver 255. All 128 mb.,0,wewa iriver mb
ham,Fine if thats the way u feel. Thats the way its gota b,0,fine way feel way gota
ham,Just checking in on you. Really do miss seeing Jeremiah. Do have a great month,0,checking really miss seeing jeremiah great month
ham,Today is ACCEPT DAY..U Accept me as? Brother Sister Lover Dear1 Best1 Clos1 Lvblefrnd Jstfrnd Cutefrnd Lifpartnr Belovd Swtheart Bstfrnd No rply means enemy,0,today accept day accept brother sister lover dear best clos lvblefrnd jstfrnd cutefrnd lifpartnr belovd swtheart bstfrnd rply means enemy
spam,"Thanks for your ringtone order, reference number X49.Your mobile will be charged 4.50. Should your tone not arrive please call customer services 09065989182",1,thanks ringtone order reference number mobile charged tone arrive please call customer services
ham,I always chat with you. In fact i need money can you raise me?,0,always chat fact need money raise
ham,Well. Balls. Time to make calls,0,well balls time make calls
ham,Discussed with your mother ah?,0,discussed mother ah
ham,I love ya too but try and budget your money better babe. Gary would freak on me if he knew,0,love ya try budget money better babe gary would freak knew
ham,"&lt;#&gt; , that's all? Guess that's easy enough",0,lt gt guess easy enough
ham,"Yo, you gonna still be in stock tomorrow/today? I'm trying to get a dubsack",0,yo gon na still stock tomorrow today trying get dubsack
ham,With my sis lor... We juz watched italian job.,0,sis lor juz watched italian job
ham,I've been trying to reach him without success,0,trying reach without success
spam,3. You have received your mobile content. Enjoy,1,received mobile content enjoy
ham,I didnt get anything da,0,didnt get anything da
ham,Well that must be a pain to catch,0,well must pain catch
ham,Nt yet chikku..simple habba..hw abt u?,0,nt yet chikku simple habba hw abt
ham,There is no sense in my foot and penis.,0,sense foot penis
ham,Dude while were makin those weirdy brownies my sister made awesome cookies. I took pics.,0,dude makin weirdy brownies sister made awesome cookies took pics
ham,Those ducking chinchillas,0,ducking chinchillas
ham,"I had been hoping i would not have to send you this message. My rent is due and i dont have enough for it. My reserves are completely gone. Its a loan i need and was hoping you could her. The balance is  &lt;#&gt; . Is there a way i could get that from you, till mid march when i hope to pay back.",0,hoping would send message rent due dont enough reserves completely gone loan need hoping could balance lt gt way could get till mid march hope pay back
spam,Gr8 new service - live sex video chat on your mob - see the sexiest dirtiest girls live on ur phone - 4 details text horny to 89070 to cancel send STOP to 89070,1,gr new service live sex video chat mob see sexiest dirtiest girls live ur phone details text horny cancel send stop
ham,Ok lor but not too early. Me still having project meeting now.,0,ok lor early still project meeting
spam,Txt: CALL to No: 86888 & claim your reward of 3 hours talk time to use from your phone now! Subscribe6GBP/mnth inc 3hrs 16 stop?txtStop www.gamb.tv,1,txt call claim reward hours talk time use phone subscribe gbp mnth inc hrs stop txtstop www gamb tv
ham,"… we r stayin here an extra week, back next wed. How did we do in the rugby this weekend? Hi to and and , c u soon """,0,stayin extra week back next wed rugby weekend hi soon
ham,Pls give her the food preferably pap very slowly with loads of sugar. You can take up to an hour to give it. And then some water. Very very slowly.,0,pls give food preferably pap slowly loads sugar take hour give water slowly
spam,"Thank you, winner notified by sms. Good Luck! No future marketing reply STOP to 84122 customer services 08450542832",1,thank winner notified sms good luck future marketing reply stop customer services
ham,"awesome, how do I deal with the gate? Charles told me last night but, uh, yeah",0,awesome deal gate charles told last night uh yeah
ham,I tot it's my group mate... Lucky i havent reply... Wat time do ü need to leave... ,0,tot group mate lucky havent reply wat time need leave
ham,Oh ok wait 4 me there... My lect havent finish,0,oh ok wait lect havent finish
ham,"Call me, i am senthil from hsbc.",0,call senthil hsbc
ham,Lol yeah at this point I guess not,0,lol yeah point guess
ham,Anything lor. Juz both of us lor.,0,anything lor juz us lor
ham,I wish that I was with you. Holding you tightly. Making you see how important you are. How much you mean to me ... How much I need you ... In my life ...,0,wish holding tightly making see important much mean much need life
spam,Are you unique enough? Find out from 30th August. www.areyouunique.co.uk,1,unique enough find th august www areyouunique co uk
spam,FREE MSG:We billed your mobile number by mistake from shortcode 83332.Please call 08081263000 to have charges refunded.This call will be free from a BT landline,1,free msg billed mobile number mistake shortcode please call charges refunded call free bt landline
ham,"Goodmorning, today i am late for 1hr.",0,goodmorning today late hr
ham,Ok... U enjoy ur shows...,0,ok enjoy ur shows
ham,"Wen u miss someone, the person is definitely special for u..... But if the person is so special, why to miss them, just Keep-in-touch gdeve..",0,wen miss someone person definitely special person special miss keep touch gdeve
ham,I cant keep talking to people if am not sure i can pay them if they agree to price. So pls tell me what you want to really buy and how much you are willing to pay,0,cant keep talking people sure pay agree price pls tell want really buy much willing pay
ham,You call times job today ok umma and ask them to speed up,0,call times job today ok umma ask speed
ham,Hmmm...k...but i want to change the field quickly da:-)i wanna get system administrator or network administrator..,0,hmmm want change field quickly da wan na get system administrator network administrator
ham,You can never do NOTHING,0,never nothing
ham,I will send them to your email. Do you mind  &lt;#&gt;  times per night?,0,send email mind lt gt times per night
spam,"FREE MESSAGE Activate your 500 FREE Text Messages by replying to this message with the word FREE For terms & conditions, visit www.07781482378.com",1,free message activate free text messages replying message word free terms conditions visit www com
ham,"Aight no rush, I'll ask jay",0,aight rush ask jay
ham,Mm not entirely sure i understood that text but hey. Ho. Which weekend?,0,mm entirely sure understood text hey ho weekend
ham,Y ü wan to go there? C doctor?,0,wan go doctor
spam,HMV BONUS SPECIAL 500 pounds of genuine HMV vouchers to be won. Just answer 4 easy questions. Play Now! Send HMV to 86688 More info:www.100percent-real.com,1,hmv bonus special pounds genuine hmv vouchers answer easy questions play send hmv info www percent real com
ham,Not tonight mate. Catching up on some sleep. This is my new number by the way. ,0,tonight mate catching sleep new number way
ham,Long time. You remember me today.,0,long time remember today
ham,Fine am simply sitting.,0,fine simply sitting
ham,"* Was a nice day and, impressively, i was sensible, went home early and now feel fine. Or am i just boring?! When's yours, i can't remember.",0,nice day impressively sensible went home early feel fine boring remember
ham,"Oops, I'll let you know when my roommate's done",0,oops let know roommate done
ham,Hi' Test on  &lt;#&gt; rd ....,0,hi test lt gt rd
ham,"Ooh, 4got, i'm gonna start belly dancing in moseley weds 6.30 if u want 2 join me, they have a cafe too. ",0,ooh got gon na start belly dancing moseley weds want join cafe
ham,"Fuuuuck I need to stop sleepin, sup",0,fuuuuck need stop sleepin sup
ham,"Sez, hows u & de arab boy? Hope u r all good give my love 2 evry1 love ya eshxxxxxxxxxxx",0,sez hows de arab boy hope good give love evry love ya eshxxxxxxxxxxx
spam,U have won a nokia 6230 plus a free digital camera. This is what u get when u win our FREE auction. To take part send NOKIA to 83383 now. POBOX114/14TCR/W1 16,1,nokia plus free digital camera get win free auction take part send nokia pobox tcr
ham,"Derp. Which is worse, a dude who always wants to party or a dude who files a complaint about the three drug abusers he lives with",0,derp worse dude always wants party dude files complaint three drug abusers lives
ham,ok. I am a gentleman and will treat you with dignity and respect.,0,ok gentleman treat dignity respect
spam,<Forwarded from 21870000>Hi - this is your Mailbox Messaging SMS alert. You have 4 messages. You have 21 matches. Please call back on 09056242159 to retrieve your messages and matches,1,forwarded hi mailbox messaging sms alert messages matches please call back retrieve messages matches
ham,"4 tacos + 1 rajas burrito, right?",0,tacos rajas burrito right
ham, &lt;#&gt;  mins but i had to stop somewhere first.,0,lt gt mins stop somewhere first
ham,I meant middle left or right?,0,meant middle left right
ham,"I can. But it will tell quite long, cos i haven't finish my film yet...",0,tell quite long cos finish film yet
ham,I meant as an apology from me for texting you to get me drugs at  &lt;#&gt; at night,0,meant apology texting get drugs lt gt night
spam,"Auction round 4. The highest bid is now £54. Next maximum bid is £71. To bid, send BIDS e. g. 10 (to bid £10) to 83383. Good luck.",1,auction round highest bid next maximum bid bid send bids bid good luck
ham,Okie,0,okie
ham,Tell me something. Thats okay.,0,tell something thats okay
ham,I told your number to gautham..,0,told number gautham
ham,And of course you should make a stink!,0,course make stink
ham,Huh so slow i tot u reach long ago liao... U 2 more days only i 4 more leh...,0,huh slow tot reach long ago liao days leh
ham,How's ur paper?,0,ur paper
spam,"Dear Voucher Holder, To claim this weeks offer, at your PC please go to http://www.wtlp.co.uk/text. Ts&Cs apply.",1,dear voucher holder claim weeks offer pc please go http www wtlp co uk text ts cs apply
spam,Well done ENGLAND! Get the official poly ringtone or colour flag on yer mobile! text TONE or FLAG to 84199 NOW! Opt-out txt ENG STOP. Box39822 W111WX £1.50,1,well done england get official poly ringtone colour flag yer mobile text tone flag opt txt eng stop box wx
ham,U call me alter at 11 ok.,0,call alter ok
ham,Lol wtf random. Btw is that your lunch break,0,lol wtf random btw lunch break
ham,You still at grand prix?,0,still grand prix
ham,I was at bugis juz now wat... But now i'm walking home oredi... Ü so late then reply... I oso saw a top dat i like but din buy... Where r ü now? ,0,bugis juz wat walking home oredi late reply oso saw top dat like din buy
ham,"How's my loverboy doing ? What does he do that keeps him from coming to his Queen, hmmm ? Doesn't he ache to speak to me ? Miss me desparately ?",0,loverboy keeps coming queen hmmm ache speak miss desparately
ham,"Goodmorning, Today i am late for  &lt;#&gt; min.",0,goodmorning today late lt gt min
ham,What can i do? Might accidant tookplace between somewhere ghodbandar rd. Traffic moves slovely. So plz slip &amp; don't worry.,0,might accidant tookplace somewhere ghodbandar rd traffic moves slovely plz slip amp worry
ham,I doubt you could handle 5 times per night in any case...,0,doubt could handle times per night case
spam,"Our dating service has been asked 2 contact U by someone shy! CALL 09058091870 NOW all will be revealed. POBox84, M26 3UZ 150p",1,dating service asked contact someone shy call revealed pobox uz
spam,"Oh my god! I've found your number again! I'm so glad, text me back xafter this msgs cst std ntwk chg £1.50",1,oh god found number glad text back xafter msgs cst std ntwk chg
ham,He says hi and to get your ass back to south tampa (preferably at a kegger),0,says hi get ass back south tampa preferably kegger
ham,"We have sent JD for Customer Service cum Accounts Executive to ur mail id, For details contact us",0,sent jd customer service cum accounts executive ur mail id details contact us
ham,Lol well don't do it without me. We could have a big sale together.,0,lol well without could big sale together
ham,Is ur changes 2 da report big? Cos i've already made changes 2 da previous report.,0,ur changes da report big cos already made changes da previous report
ham,Thx. All will be well in a few months,0,thx well months
ham,U having lunch alone? I now so bored...,0,lunch alone bored
ham,"sorry, no, have got few things to do. may be in pub later.",0,sorry got things may pub later
ham,But if she.s drinkin i'm ok.,0,drinkin ok
ham,Do you still have the grinder?,0,still grinder
ham,"Hi Jon, Pete here, Ive bin 2 Spain recently & hav sum dinero left, Bill said u or ur rents mayb interested in it, I hav 12,000pes, so around £48, tb, James.",0,hi jon pete ive bin spain recently hav sum dinero left bill said ur rents mayb interested hav pes around tb james
ham,Just taste fish curry :-P,0,taste fish curry
ham,Am in film ill call you later.,0,film ill call later
ham,"Its ok, if anybody asks abt me, u tel them..:-P",0,ok anybody asks abt tel
ham,In that case I guess I'll see you at campus lodge,0,case guess see campus lodge
ham,You are gorgeous! keep those pix cumming :) thank you!,0,gorgeous keep pix cumming thank
ham,Where at were hungry too,0,hungry
ham,Lol great now im getting hungry.,0,lol great im getting hungry
spam,We have new local dates in your area - Lots of new people registered in YOUR AREA. Reply DATE to start now! 18 only www.flirtparty.us REPLYS150,1,new local dates area lots new people registered area reply date start www flirtparty us replys
ham,"Tunde, how are you doing. This is just wishing you a great day. Abiola.",0,tunde wishing great day abiola
ham,Did either of you have any idea's? Do you know of anyplaces doing something?,0,either idea know anyplaces something
ham,"Its good, we'll find a way",0,good find way
ham,"By the way, 'rencontre' is to meet again. Mountains dont....",0,way rencontre meet mountains dont
ham,"Abeg, make profit. But its a start. Are you using it to get sponsors for the next event?",0,abeg make profit start using get sponsors next event
ham,"I sent my scores to sophas and i had to do secondary application for a few schools. I think if you are thinking of applying, do a research on cost also. Contact joke ogunrinde, her school is one me the less expensive ones",0,sent scores sophas secondary application schools think thinking applying research cost also contact joke ogunrinde school one less expensive ones
spam,Ur cash-balance is currently 500 pounds - to maximize ur cash-in now send GO to 86688 only 150p/msg. CC: 08718720201 PO BOX 114/14 TCR/W1,1,ur cash balance currently pounds maximize ur cash send go msg cc po box tcr
spam,Todays Vodafone numbers ending with 4882 are selected to a receive a £350 award. If your number matches call 09064019014 to receive your £350 award.,1,todays vodafone numbers ending selected receive award number matches call receive award
ham,Haf u found him? I feel so stupid da v cam was working.,0,haf found feel stupid da cam working
ham,No way I'm going back there!,0,way going back
ham,Sure! I am driving but will reach my destination soon.,0,sure driving reach destination soon
ham,No you'll just get a headache trying to figure it out. U can trust me to do the math. I promise. O:-),0,get headache trying figure trust math promise
ham,My uncles in Atlanta. Wish you guys a great semester.,0,uncles atlanta wish guys great semester
ham,Oh dang! I didn't mean o send that to you! Lol!,0,oh dang mean send lol
spam,74355 XMAS iscoming & ur awarded either £500 CD gift vouchers & free entry 2 r £100 weekly draw txt MUSIC to 87066 TnC,1,xmas iscoming ur awarded either cd gift vouchers free entry weekly draw txt music tnc
ham,Nothing lor... A bit bored too... Then y dun u go home early 2 sleep today...,0,nothing lor bit bored dun go home early sleep today
ham,"Cool, what time you think you can get here?",0,cool time think get
ham,"Wen ur lovable bcums angry wid u, dnt take it seriously.. Coz being angry is d most childish n true way of showing deep affection, care n luv!.. kettoda manda... Have nice day da.",0,wen ur lovable bcums angry wid dnt take seriously coz angry childish true way showing deep affection care luv kettoda manda nice day da
ham,I want  &lt;#&gt;  rs da:)do you have it?,0,want lt gt rs da
ham,Ü called dad oredi...,0,called dad oredi
spam,You are awarded a SiPix Digital Camera! call 09061221061 from landline. Delivery within 28days. T Cs Box177. M221BP. 2yr warranty. 150ppm. 16 . p p£3.99,1,awarded sipix digital camera call landline delivery within days cs box bp yr warranty ppm
spam,Hard LIVE 121 chat just 60p/min. Choose your girl and connect LIVE. Call 09094646899 now! Cheap Chat UK's biggest live service. VU BCM1896WC1N3XX,1,hard live chat min choose girl connect live call cheap chat uk biggest live service vu bcm wc xx
ham,what are your new years plans?,0,new years plans
ham,Dont talk to him ever ok its my word.,0,dont talk ever ok word
ham,meet you in corporation st outside gap … you can see how my mind is working!,0,meet corporation st outside gap see mind working
ham,will you like to be spoiled? :),0,like spoiled
spam,GSOH? Good with SPAM the ladies?U could b a male gigolo? 2 join the uk's fastest growing mens club reply ONCALL. mjzgroup. 08714342399.2stop reply STOP. msg@£1.50rcvd,1,gsoh good spam ladies could male gigolo join uk fastest growing mens club reply oncall mjzgroup stop reply stop msg rcvd
ham,I'm job profile seems like bpo..,0,job profile seems like bpo
spam,Bored housewives! Chat n date now! 0871750.77.11! BT-national rate 10p/min only from landlines!,1,bored housewives chat date bt national rate min landlines
ham,MMM ... Fuck .... Merry Christmas to me,0,mmm fuck merry christmas
ham,Oh wow thats gay. Will firmware update help,0,oh wow thats gay firmware update help
ham,Mm umma ask vava also to come tell him can play later together,0,mm umma ask vava also come tell play later together
ham,Please leave this topic..sorry for telling that..,0,please leave topic sorry telling
ham,No need to say anything to me. I know i am an outsider,0,need say anything know outsider
ham,Like a personal sized or what,0,like personal sized
ham,I ask if u meeting da ge tmr nite...,0,ask meeting da ge tmr nite
ham,A guy who gets used but is too dumb to realize it.,0,guy gets used dumb realize
spam,Todays Voda numbers ending 5226 are selected to receive a ?350 award. If you hava a match please call 08712300220 quoting claim code 1131 standard rates app ,1,todays voda numbers ending selected receive award hava match please call quoting claim code standard rates app
ham,Sure but since my parents will be working on Tuesday I don't really need a cover story,0,sure since parents working tuesday really need cover story
ham,"Open rebtel with firefox. When it loads just put plus sign in the user name place, and it will show you two numbers. The lower number is my number. Once you pick that number the pin will display okay!",0,open rebtel firefox loads put plus sign user name place show two numbers lower number number pick number pin display okay
ham,Thats cool. I want to please you...,0,thats cool want please
ham,No screaming means shouting..,0,screaming means shouting
ham,"Aight fuck it, I'll get it later",0,aight fuck get later
ham,Our Prasanth ettans mother passed away last night. Just pray for her and family.,0,prasanth ettans mother passed away last night pray family
ham,hanks lotsly!,0,hanks lotsly
ham,"FRAN I DECIDED 2 GO N E WAY IM COMPLETELY BROKE AN KNACKERED I GOT UP BOUT 3 C U 2MRW LOVE JANX P.S THIS IS MY DADS FONE, -NO CREDIT",0,fran decided go way im completely broke knackered got bout mrw love janx dads fone credit
ham,"TODAY is Sorry day.! If ever i was angry with you, if ever i misbehaved or hurt you? plz plz JUST SLAP URSELF Bcoz, Its ur fault, I'm basically GOOD",0,today sorry day ever angry ever misbehaved hurt plz plz slap urself bcoz ur fault basically good
ham,Will do. Have a good day,0,good day
spam,You have won a guaranteed £200 award or even £1000 cashto claim UR award call free on 08000407165 (18+) 2 stop getstop on 88222 PHP,1,guaranteed award even cashto claim ur award call free stop getstop php
ham,I'm in office now . I will call you  &lt;#&gt;  min:),0,office call lt gt min
ham,"Yeah we wouldn't leave for an hour at least, how's 4 sound?",0,yeah leave hour least sound
ham,Yunny i'm walking in citylink now ü faster come down... Me very hungry...,0,yunny walking citylink faster come hungry
ham,Hi Harish's rent has been transfred to ur Acnt.,0,hi harish rent transfred ur acnt
ham,Hello which the site to download songs its urgent pls,0,hello site download songs urgent pls
ham,Sry da..jst nw only i came to home..,0,sry da jst nw came home
ham,Waiting in e car 4 my mum lor. U leh? Reach home already?,0,waiting car mum lor leh reach home already
spam,Your B4U voucher w/c 27/03 is MARSMS. Log onto www.B4Utele.com for discount credit. To opt out reply stop. Customer care call 08717168528,1,voucher marsms log onto www utele com discount credit opt reply stop customer care call
spam,"Urgent UR awarded a complimentary trip to EuroDisinc Trav, Aco&Entry41 Or £1000. To claim txt DIS to 87121 18+6*£1.50(moreFrmMob. ShrAcomOrSglSuplt)10, LS1 3AJ",1,urgent ur awarded complimentary trip eurodisinc trav aco entry claim txt dis morefrmmob shracomorsglsuplt ls aj
ham,Does not operate after  &lt;#&gt;  or what,0,operate lt gt
spam,RT-KIng Pro Video Club>> Need help? info@ringtoneking.co.uk or call 08701237397 You must be 16+ Club credits redeemable at www.ringtoneking.co.uk! Enjoy!,1,rt king pro video club need help info ringtoneking co uk call must club credits redeemable www ringtoneking co uk enjoy
ham,When you guys planning on coming over?,0,guys planning coming
ham,"Sure, if I get an acknowledgement from you that it's astoundingly tactless and generally faggy to demand a blood oath fo",0,sure get acknowledgement astoundingly tactless generally faggy demand blood oath fo
ham,I am back. Bit long cos of accident on a30. Had to divert via wadebridge.I had a brilliant weekend thanks. Speak soon. Lots of love,0,back bit long cos accident divert via wadebridge brilliant weekend thanks speak soon lots love
ham,"My life Means a lot to me, Not because I love my life, But because I love the people in my life, The world calls them friends, I call them my World:-).. Ge:-)..",0,life means lot love life love people life world calls friends call world ge
ham,"Hello baby, did you get back to your mom's ? Are you setting up the computer now ? Filling your belly ? How goes it loverboy ? I miss you already ... *sighs*",0,hello baby get back mom setting computer filling belly goes loverboy miss already sighs
ham,You should get more chicken broth if you want ramen unless there's some I don't know about,0,get chicken broth want ramen unless know
ham,"Rose for red,red for blood,blood for heart,heart for u. But u for me.... Send tis to all ur friends.. Including me.. If u like me.. If u get back, 1-u r poor in relation! 2-u need some 1 to support 3-u r frnd 2 many 4-some1 luvs u 5+- some1 is praying god to marry u.:-) try it....",0,rose red red blood blood heart heart send tis ur friends including like get back poor relation need support frnd many luvs praying god marry try
ham,In fact when do you leave? I think addie goes back to school tues or wed,0,fact leave think addie goes back school tues wed
ham,Hi there. We have now moved in2 our pub . Would be great 2 c u if u cud come up.,0,hi moved pub would great cud come
ham,"Hmm well, night night ",0,hmm well night night
ham,"Sorry, I'll call later in meeting",0,sorry call later meeting
ham,Jay is snickering and tells me that x is totally fucking up the chords as we speak,0,jay snickering tells totally fucking chords speak
ham,Hey r ü still online? I've finished the formatting...,0,hey still online finished formatting
ham,"Hi Shanil,Rakhesh here.thanks,i have exchanged the uncut diamond stuff.leaving back. Excellent service by Dino and Prem.",0,hi shanil rakhesh thanks exchanged uncut diamond stuff leaving back excellent service dino prem
ham,"Dear all, as we know  &lt;#&gt; th is the  &lt;#&gt; th birthday of our loving Gopalettan. We are planning to give a small gift on that day. Those who like to participate in that you are welcome. Please contact our admin team for more details",0,dear know lt gt th lt gt th birthday loving gopalettan planning give small gift day like participate welcome please contact admin team details
spam,wamma get laid?want real doggin locations sent direct to your mobile? join the UKs largest dogging network. txt dogs to 69696 now!nyt. ec2a. 3lp £1.50/msg.,1,wamma get laid want real doggin locations sent direct mobile join uks largest dogging network txt dogs nyt ec lp msg
ham,"Sometimes we put walls around our hearts,not just to be safe from getting hurt.. But to find out who cares enough to break the walls &amp; get closer.. GOODNOON:)",0,sometimes put walls around hearts safe getting hurt find cares enough break walls amp get closer goodnoon
ham,Also andros ice etc etc,0,also andros ice etc etc
ham,You got called a tool?,0,got called tool
spam,"Win the newest Harry Potter and the Order of the Phoenix (Book 5) reply HARRY, answer 5 questions - chance to be the first among readers!",1,win newest harry potter order phoenix book reply harry answer questions chance first among readers
ham,Enjoy ur life. . Good night,0,enjoy ur life good night
ham,"Say this slowly.? GOD,I LOVE YOU &amp; I NEED YOU,CLEAN MY HEART WITH YOUR BLOOD.Send this to Ten special people &amp; u c miracle tomorrow, do it,pls,pls do it...",0,say slowly god love amp need clean heart blood send ten special people amp miracle tomorrow pls pls
ham,Take us out shopping and Mark will distract Isaiah.=D,0,take us shopping mark distract isaiah
ham,So do you have samus shoulders yet,0,samus shoulders yet
ham,"Hello, my love ! How went your day ? Are you alright ? I think of you, my sweet and send a jolt to your heart to remind you ... I LOVE YOU! Can you hear it ? I screamed it across the sea for all the world to hear. Ahmad al Hallaq is loved ! and owned ! *possessive passionate kiss*",0,hello love went day alright think sweet send jolt heart remind love hear screamed across sea world hear ahmad al hallaq loved owned possessive passionate kiss
ham,i dnt wnt to tlk wid u,0,dnt wnt tlk wid
ham,Hi my email address has changed now it is ,0,hi email address changed
ham,How many licks does it take to get to the center of a tootsie pop?,0,many licks take get center tootsie pop
ham,Hi. || Do u want | to join me with sts later? || Meeting them at five. || Call u after class.,0,hi want join sts later meeting five call class
ham,Hey sexy buns! What of that day? No word from you this morning on YM ... :-( ... I think of you,0,hey sexy buns day word morning ym think
spam,"Shop till u Drop, IS IT YOU, either 10K, 5K, £500 Cash or £100 Travel voucher, Call now, 09064011000. NTT PO Box CR01327BT fixedline Cost 150ppm mobile vary",1,shop till drop either cash travel voucher call ntt po box cr bt fixedline cost ppm mobile vary
ham,Hey what how about your project. Started aha da.,0,hey project started aha da
ham,I dunno lei... Like dun haf...,0,dunno lei like dun haf
ham,I love u 2 babe! R u sure everything is alrite. Is he being an idiot? Txt bak girlie,0,love babe sure everything alrite idiot txt bak girlie
ham,You're not sure that I'm not trying to make xavier smoke because I don't want to smoke after being told I smoke too much?,0,sure trying make xavier smoke want smoke told smoke much
ham,it's really getting me down just hanging around.,0,really getting hanging around
ham,Mode men or have you left.,0,mode men left
ham,Eh den sat u book e kb liao huh...,0,eh den sat book kb liao huh
ham,University of southern california.,0,university southern california
ham,When you are big..| God will bring success.,0,big god bring success
ham,Let me know how to contact you. I've you settled in a room. Lets know you are ok.,0,let know contact settled room lets know ok
ham,"Sorry,in meeting I'll call later",0,sorry meeting call later
ham,S:-)if we have one good partnership going we will take lead:),0,one good partnership going take lead
ham,Quite lor. But dun tell him wait he get complacent...,0,quite lor dun tell wait get complacent
ham,Hope you are feeling great. Pls fill me in. Abiola,0,hope feeling great pls fill abiola
ham,After the drug she will be able to eat.,0,drug able eat
ham,What year. And how many miles.,0,year many miles
ham,Ok lor...,0,ok lor
ham,Tomorrow i am not going to theatre. . . So i can come wherever u call me. . . Tell me where and when to come tomorrow,0,tomorrow going theatre come wherever call tell come tomorrow
ham,And several to you sir.,0,several sir
ham,"Oops I did have it,  &lt;#&gt; ?",0,oops lt gt
spam,18 days to Euro2004 kickoff! U will be kept informed of all the latest news and results daily. Unsubscribe send GET EURO STOP to 83222.,1,days euro kickoff kept informed latest news results daily unsubscribe send get euro stop
ham,I want snow. It's just freezing and windy.,0,want snow freezing windy
ham,oh ya... Got hip hop open. Haha i was thinking can go for jazz then zoom to cine... Actually tonight i'm free leh... And there's a kb lesson tonight,0,oh ya got hip hop open haha thinking go jazz zoom cine actually tonight free leh kb lesson tonight
ham,Of course ! Don't tease me ... You know I simply must see ! *grins* ... Do keep me posted my prey ... *loving smile* *devouring kiss*,0,course tease know simply must see grins keep posted prey loving smile devouring kiss
ham,"Machan you go to gym tomorrow,  i wil come late goodnight.",0,machan go gym tomorrow wil come late goodnight
ham,Printer is cool. I mean groovy. Wine is groovying,0,printer cool mean groovy wine groovying
spam,"44 7732584351, Do you want a New Nokia 3510i colour phone DeliveredTomorrow? With 300 free minutes to any mobile + 100 free texts + Free Camcorder reply or call 08000930705.",1,want new nokia colour phone deliveredtomorrow free minutes mobile free texts free camcorder reply call
ham,K.:)do it at evening da:)urgent:),0,evening da urgent
ham,I think asking for a gym is the excuse for lazy people. I jog.,0,think asking gym excuse lazy people jog
ham,I liked your new house,0,liked new house
ham,Yep then is fine 7.30 or 8.30 for ice age.,0,yep fine ice age
ham,I love working from home :),0,love working home
spam,"URGENT! Your mobile No 077xxx WON a £2,000 Bonus Caller Prize on 02/06/03! This is the 2nd attempt to reach YOU! Call 09066362206 ASAP! BOX97N7QP, 150ppm",1,urgent mobile xxx bonus caller prize nd attempt reach call asap box qp ppm
ham,"What do u reckon as need 2 arrange transport if u can't do it, thanks",0,reckon need arrange transport thanks
ham,You're gonna have to be way more specific than that,0,gon na way specific
ham,That's a shame! Maybe cld meet for few hrs tomo?,0,shame maybe cld meet hrs tomo
ham,DO NOT B LATE LOVE MUM,0,late love mum
ham,The 2 oz guy is being kinda flaky but one friend is interested in picking up $ &lt;#&gt;  worth tonight if possible,0,oz guy kinda flaky one friend interested picking lt gt worth tonight possible
ham,NOT ENUFCREDEIT TOCALL.SHALL ILEAVE UNI AT 6 +GET A BUS TO YOR HOUSE?,0,enufcredeit tocall shall ileave uni get bus yor house
ham,Must come later.. I normally bathe him in da afternoon mah..,0,must come later normally bathe da afternoon mah
ham,Just buy a pizza. Meat lovers or supreme. U get to pick.,0,buy pizza meat lovers supreme get pick
ham,Ee msg na poortiyagi odalebeku: Hanumanji 7 name 1-Hanuman 2-Bajarangabali 3-Maruti 4-Pavanaputra 5-Sankatmochan 6-Ramaduth 7-Mahaveer ee 7 name  &lt;#&gt;  janarige ivatte kalisidare next saturday olage ondu good news keluviri...! Maretare inde 1 dodda problum nalli siguviri idu matra  &lt;#&gt; % true.. Don't neglet.,0,ee msg na poortiyagi odalebeku hanumanji name hanuman bajarangabali maruti pavanaputra sankatmochan ramaduth mahaveer ee name lt gt janarige ivatte kalisidare next saturday olage ondu good news keluviri maretare inde dodda problum nalli siguviri idu matra lt gt true neglet
ham,Thanks for understanding. I've been trying to tell sura that.,0,thanks understanding trying tell sura
spam,You are now unsubscribed all services. Get tons of sexy babes or hunks straight to your phone! go to http://gotbabes.co.uk. No subscriptions.,1,unsubscribed services get tons sexy babes hunks straight phone go http gotbabes co uk subscriptions
ham,"Ah, well that confuses things, doesnt it? I thought was friends with now. Maybe i did the wrong thing but i already sort of invited -tho he may not come cos of money.",0,ah well confuses things doesnt thought friends maybe wrong thing already sort invited tho may come cos money
ham,Oic cos me n my sis got no lunch today my dad went out... So dunno whether 2 eat in sch or wat...,0,oic cos sis got lunch today dad went dunno whether eat sch wat
ham,Do you always celebrate NY's with your family ?,0,always celebrate ny family
ham,Ok give me 5 minutes I think I see her. BTW you're my alibi. You were cutting my hair the whole time.,0,ok give minutes think see btw alibi cutting hair whole time
ham,Its on in engalnd! But telly has decided it won't let me watch it and mia and elliot were kissing! Damn it!,0,engalnd telly decided let watch mia elliot kissing damn
ham,Ok...,0,ok
ham,WE REGRET TO INFORM U THAT THE NHS HAS MADE A MISTAKE.U WERE NEVER ACTUALLY BORN.PLEASE REPORT 2 YOR LOCAL HOSPITAL 2B TERMINATED.WE R SORRY 4 THE INCONVENIENCE,0,regret inform nhs made mistake never actually born please report yor local hospital terminated sorry inconvenience
ham,So wats ur opinion abt him and how abt is character?,0,wats ur opinion abt abt character
ham,Wen did you get so spiritual and deep. That's great,0,wen get spiritual deep great
spam,Free entry in 2 a weekly comp for a chance to win an ipod. Txt POD to 80182 to get entry (std txt rate) T&C's apply 08452810073 for details 18+,1,free entry weekly comp chance win ipod txt pod get entry std txt rate apply details
ham,ALRITE HUNNY!WOT U UP 2 2NITE? DIDNT END UP GOIN DOWN TOWN JUS DA PUB INSTEAD! JUS CHILLIN AT DA MO IN ME BEDROOM!LOVE JEN XXX.,0,alrite hunny wot nite didnt end goin town jus da pub instead jus chillin da mo bedroom love jen xxx
spam,As one of our registered subscribers u can enter the draw 4 a 100 G.B. gift voucher by replying with ENTER. To unsubscribe text STOP,1,one registered subscribers enter draw gift voucher replying enter unsubscribe text stop
ham,Or maybe my fat fingers just press all these buttons and it doesn't know what to do.,0,maybe fat fingers press buttons know
ham,Hello handsome ! Are you finding that job ? Not being lazy ? Working towards getting back that net for mummy ? Where's my boytoy now ? Does he miss me ?,0,hello handsome finding job lazy working towards getting back net mummy boytoy miss
ham,"no, i *didn't* mean to post it. I wrote it, and like so many other times i've ritten stuff to you, i let it sit there. it WAS what i was feeling at the time. I was angry. Before i left, i hit send, then stop. It wasn't there. I checked on my phone when i got to my car. It wasn't there. You said you didn't sleep, you were bored. So why wouldn't THAT be the time to clean, fold laundry, etc.? At least make the bed?",0,mean post wrote like many times ritten stuff let sit feeling time angry left hit send stop checked phone got car said sleep bored time clean fold laundry etc least make bed
ham,"wow. You're right! I didn't mean to do that. I guess once i gave up on boston men and changed my search location to nyc, something changed. Cuz on my signin page it still says boston.",0,wow right mean guess gave boston men changed search location nyc something changed cuz signin page still says boston
ham,Sun ah... Thk mayb can if dun have anythin on... Thk have to book e lesson... E pilates is at orchard mrt u noe hor...  ,0,sun ah thk mayb dun anythin thk book lesson pilates orchard mrt noe hor
spam,CLAIRE here am havin borin time & am now alone U wanna cum over 2nite? Chat now 09099725823 hope 2 C U Luv CLAIRE xx Calls£1/minmoremobsEMSPOBox45PO139WA,1,claire havin borin time alone wan na cum nite chat hope luv claire xx calls minmoremobsemspobox po wa
spam,Reply to win £100 weekly! What professional sport does Tiger Woods play? Send STOP to 87239 to end service,1,reply win weekly professional sport tiger woods play send stop end service
ham,Sorry. You never hear unless you book it. One was kinda a joke--thet were really looking for skinny white girls. The other was one line--you can only do so much on camera with that. Something like that they're casting on the look.,0,sorry never hear unless book one kinda joke thet really looking skinny white girls one line much camera something like casting look
ham,Me too watching surya movie only. . .after 6 pm vijay movie POKKIRI,0,watching surya movie pm vijay movie pokkiri
spam,Sunshine Quiz Wkly Q! Win a top Sony DVD player if u know which country the Algarve is in? Txt ansr to 82277. £1.50 SP:Tyrone,1,sunshine quiz wkly win top sony dvd player know country algarve txt ansr sp tyrone
ham,We can make a baby in yo tho,0,make baby yo tho
ham,My computer just fried the only essential part we don't keep spares of because my fucking idiot roommates looovvve leaving the thing running on full  &lt;#&gt; /7,0,computer fried essential part keep spares fucking idiot roommates looovvve leaving thing running full lt gt
ham,R u here yet? I'm wearing blue shirt n black pants.,0,yet wearing blue shirt black pants
spam,Freemsg: 1-month unlimited free calls! Activate SmartCall Txt: CALL to No: 68866. Subscriptn3gbp/wk unlimited calls Help: 08448714184 Stop?txt stop landlineonly,1,freemsg month unlimited free calls activate smartcall txt call subscriptn gbp wk unlimited calls help stop txt stop landlineonly
ham,"Alright if you're sure, let me know when you're leaving",0,alright sure let know leaving
ham,Hey you still want to go for yogasana? Coz if we end at cine then can go bathe and hav the steam bath,0,hey still want go yogasana coz end cine go bathe hav steam bath
ham,Captain vijaykanth is doing comedy in captain tv..he is drunken :),0,captain vijaykanth comedy captain tv drunken
ham,I not busy juz dun wan 2 go so early.. Hee.. ,0,busy juz dun wan go early hee
ham,Oh baby of the house. How come you dont have any new pictures on facebook,0,oh baby house come dont new pictures facebook
ham,I.ll get there tomorrow and send it to you,0,get tomorrow send
ham,The greatest test of courage on earth is to bear defeat without losing heart....gn tc,0,greatest test courage earth bear defeat without losing heart gn tc
ham,I am joining today formally.Pls keep praying.will talk later.,0,joining today formally pls keep praying talk later
ham,Eh ur laptop got no stock lei... He say mon muz come again to take a look c got a not...,0,eh ur laptop got stock lei say mon muz come take look got
ham,What's up my own oga. Left my phone at home and just saw ur messages. Hope you are good. Have a great weekend.,0,oga left phone home saw ur messages hope good great weekend
ham,Am in gobi arts college,0,gobi arts college
ham,Mm have some kanji dont eat anything heavy ok,0,mm kanji dont eat anything heavy ok
ham,Unfortunately i've just found out that we have to pick my sister up from the airport that evening so don't think i'll be going out at all. We should try to go out one of th,0,unfortunately found pick sister airport evening think going try go one th
ham,U still havent got urself a jacket ah?,0,still havent got urself jacket ah
ham,Yo do you know anyone  &lt;#&gt;  or otherwise able to buy liquor? Our guy flaked and right now if we don't get a hold of somebody its just 4 loko all night,0,yo know anyone lt gt otherwise able buy liquor guy flaked right get hold somebody loko night
ham,LOL what happens in Vegas stays in vegas,0,lol happens vegas stays vegas
ham,alright. Thanks for the advice. Enjoy your night out. I'ma try to get some sleep...,0,alright thanks advice enjoy night try get sleep
ham,"As usual..iam fine, happy &amp; doing well..:)",0,usual iam fine happy amp well
spam,"Spook up your mob with a Halloween collection of a logo & pic message plus a free eerie tone, txt CARD SPOOK to 8007 zed 08701417012150p per logo/pic",1,spook mob halloween collection logo pic message plus free eerie tone txt card spook zed per logo pic
ham,Lol no. U can trust me.,0,lol trust
spam,"Last Chance! Claim ur £150 worth of discount vouchers today! Text SHOP to 85023 now! SavaMob, offers mobile! T Cs SavaMob POBOX84, M263UZ. £3.00 Sub. 16",1,last chance claim ur worth discount vouchers today text shop savamob offers mobile cs savamob pobox uz sub
ham,I can make lasagna for you... vodka...,0,make lasagna vodka
ham,"Piggy, r u awake? I bet u're still sleeping. I'm going 4 lunch now...",0,piggy awake bet still sleeping going lunch
ham,I love to cuddle! I want to hold you in my strong arms right now...,0,love cuddle want hold strong arms right
ham,"alright babe, justthought id sayhey! how u doin?nearly the endof me wk offdam nevamind!We will have 2Hook up sn if uwant m8? loveJen x.",0,alright babe justthought sayhey doin nearly endof wk offdam nevamind hook sn uwant lovejen
ham,No drama Pls.i have had enough from you and family while i am struggling in the hot sun in a strange place.No reason why there should be an ego of not going 'IF NOT INVITED' when actually its necessity to go.wait for very serious reppurcussions.,0,drama pls enough family struggling hot sun strange place reason ego going invited actually necessity go wait serious reppurcussions
ham,"Now, whats your house # again ? And do you have any beer there ?",0,whats house beer
ham,You should know now. So how's anthony. Are you bringing money. I've school fees to pay and rent and stuff like that. Thats why i need your help. A friend in need....|,0,know anthony bringing money school fees pay rent stuff like thats need help friend need
ham,Are you there in room.,0,room
ham,"Maybe westshore or hyde park village, the place near my house?",0,maybe westshore hyde park village place near house
ham,"Wen ur lovable bcums angry wid u, dnt take it seriously.. Coz being angry is d most childish n true way of showing deep affection, care n luv!.. kettoda manda... Have nice day da.",0,wen ur lovable bcums angry wid dnt take seriously coz angry childish true way showing deep affection care luv kettoda manda nice day da
ham,I'm home.,0,home
ham,"A Boy loved a gal. He propsd bt she didnt mind. He gv lv lttrs, Bt her frnds threw thm. Again d boy decided 2 aproach d gal , dt time a truck was speeding towards d gal. Wn it was about 2 hit d girl,d boy ran like hell n saved her. She asked 'hw cn u run so fast?' D boy replied ""Boost is d secret of my energy"" n instantly d girl shouted ""our energy"" n Thy lived happily 2gthr drinking boost evrydy Moral of d story:- I hv free msgs:D;): gud ni8",0,boy loved gal propsd bt didnt mind gv lv lttrs bt frnds threw thm boy decided aproach gal dt time truck speeding towards gal wn hit girl boy ran like hell saved asked hw cn run fast boy replied boost secret energy instantly girl shouted energy thy lived happily gthr drinking boost evrydy moral story hv free msgs gud ni
ham,As per your request 'Maangalyam (Alaipayuthe)' has been set as your callertune for all Callers. Press *9 to copy your friends Callertune,0,per request maangalyam alaipayuthe set callertune callers press copy friends callertune
ham,1's reach home call me.,0,reach home call
ham,Call to the number which is available in appointment. And ask to connect the call to waheed fathima.,0,call number available appointment ask connect call waheed fathima
ham,"That's what I love to hear :V see you sundayish, then",0,love hear see sundayish
ham,How much is torch in 9ja.,0,much torch ja
ham,I want to tell you how bad I feel that basically the only times I text you lately are when I need drugs,0,want tell bad feel basically times text lately need drugs
ham,"Probably not, I'm almost out of gas and I get some cash tomorrow",0,probably almost gas get cash tomorrow
ham,You bad girl. I can still remember them,0,bad girl still remember
ham,Havent.,0,havent
ham,Ok then no need to tell me anything i am going to sleep good night,0,ok need tell anything going sleep good night
ham,Hey no I ad a crap nite was borin without ya 2 boggy with me u boring biatch! Thanx but u wait til nxt time il ave ya ,0,hey ad crap nite borin without ya boggy boring biatch thanx wait til nxt time il ave ya
ham,Forgot to tell ü smth.. Can ü like number the sections so that it's clearer..,0,forgot tell smth like number sections clearer
spam,"SMS. ac JSco: Energy is high, but u may not know where 2channel it. 2day ur leadership skills r strong. Psychic? Reply ANS w/question. End? Reply END JSCO",1,sms ac jsco energy high may know channel day ur leadership skills strong psychic reply ans question end reply end jsco
ham,I not at home now lei...,0,home lei
ham,Please attend the phone:),0,please attend phone
ham,Hi darlin im on helens fone im gonna b up the princes 2 nite please come up tb love Kate,0,hi darlin im helens fone im gon na princes nite please come tb love kate
ham,I dont thnk its a wrong calling between us,0,dont thnk wrong calling us
ham,Now only i reached home. . . I am very tired now. . I will come tomorro,0,reached home tired come tomorro
ham,At WHAT TIME should i come tomorrow,0,time come tomorrow
ham,"To the wonderful Okors, have a great month. We cherish you guys and wish you well each day. MojiBiola",0,wonderful okors great month cherish guys wish well day mojibiola
ham,"K, want us to come by now?",0,want us come
ham,aathi..where are you dear..,0,aathi dear
ham,"Bill, as in: Are there any letters for me. i’m expecting one from orange that isn’t a bill but may still say orange on it.",0,bill letters expecting one orange bill may still say orange
ham,He like not v shock leh. Cos telling shuhui is like telling leona also. Like dat almost all know liao. He got ask me abt ur reaction lor.,0,like shock leh cos telling shuhui like telling leona also like dat almost know liao got ask abt ur reaction lor
ham,"Doing nothing, then u not having dinner w us?",0,nothing dinner us
spam,Phony £350 award - Todays Voda numbers ending XXXX are selected to receive a £350 award. If you have a match please call 08712300220 quoting claim code 3100 standard rates app,1,phony award todays voda numbers ending xxxx selected receive award match please call quoting claim code standard rates app
spam,"For ur chance to win a £250 cash every wk TXT: ACTION to 80608. T's&C's www.movietrivia.tv custcare 08712405022, 1x150p/wk",1,ur chance win cash every wk txt action www movietrivia tv custcare wk
ham,Annoying isn't it.,0,annoying
ham,Do you know when the result.,0,know result
ham,"If you're still up, maybe leave the credit card so I can get gas when I get back like he told me to",0,still maybe leave credit card get gas get back like told
ham,"Jane babes not goin 2 wrk, feel ill after lst nite. Foned in already cover 4 me chuck.:-)",0,jane babes goin wrk feel ill lst nite foned already cover chuck
spam,Hi its LUCY Hubby at meetins all day Fri & I will B alone at hotel U fancy cumin over? Pls leave msg 2day 09099726395 Lucy x Calls£1/minMobsmoreLKPOBOX177HP51FL,1,hi lucy hubby meetins day fri alone hotel fancy cumin pls leave msg day lucy calls minmobsmorelkpobox hp fl
ham,"A cute thought for friendship: ""Its not necessary to share every secret with ur close Frnd, but watever u shared should be true""....",0,cute thought friendship necessary share every secret ur close frnd watever shared true
ham,Umma my life and vava umma love you lot dear,0,umma life vava umma love lot dear
ham,ME 2 BABE I FEEL THE SAME LETS JUST 4GET ABOUT IT+BOTH TRY +CHEER UP+NOT FIT SOO MUCHXXLOVE U LOCAXX,0,babe feel lets get try cheer fit soo muchxxlove locaxx
ham,"Aight, text me tonight and we'll see what's up",0,aight text tonight see
ham,Hahaha..use your brain dear,0,hahaha use brain dear
ham,"Yeah, in fact he just asked if we needed anything like an hour ago. When and how much?",0,yeah fact asked needed anything like hour ago much
ham,Ok...,0,ok
ham,U calling me right? Call my hand phone...,0,calling right call hand phone
ham,I went to project centre,0,went project centre
ham,HI DARLIN I HOPE YOU HAD A NICE NIGHT I WISH I HAD COME CANT WAIT TO SEE YOU LOVE FRAN PS I WANT DIRTY ANAL SEX AND I WANT A 10 MAN GANG BANG,0,hi darlin hope nice night wish come cant wait see love fran ps want dirty anal sex want man gang bang
ham,"Finally it has happened..! Aftr decades..! BEER is now cheaper than PETROL! The goverment expects us to ""DRINK"". . . But don't ""DRIVE """,0,finally happened aftr decades beer cheaper petrol goverment expects us drink drive
spam,"Free-message: Jamster!Get the crazy frog sound now! For poly text MAD1, for real text MAD2 to 88888. 6 crazy sounds for just 3 GBP/week! 16+only! T&C's apply",1,free message jamster get crazy frog sound poly text mad real text mad crazy sounds gbp week apply
ham,Am only searching for good dual sim mobile pa.,0,searching good dual sim mobile pa
ham,There generally isn't one. It's an uncountable noun - u in the dictionary. pieces of research?,0,generally one uncountable noun dictionary pieces research
ham,Any pain on urination any thing else?,0,pain urination thing else
ham,All will come alive.better correct any good looking figure there itself..,0,come alive better correct good looking figure
ham,Can u look 4 me in da lib i got stuff havent finish yet.,0,look da lib got stuff havent finish yet
ham,Anything lor if they all go then i go lor...,0,anything lor go go lor
ham,Lol you won't feel bad when I use her money to take you out to a steak dinner =D,0,lol feel bad use money take steak dinner
ham,Tomarrow final hearing on my laptop case so i cant.,0,tomarrow final hearing laptop case cant
ham,"I av a new number,  . Wil u only use this one,ta.",0,av new number wil use one ta
ham,Rofl betta invest in some  anti aging products,0,rofl betta invest anti aging products
ham,Shall i start from hear.,0,shall start hear
ham,Ok good then i later come find ü... C lucky i told ü to go earlier... Later pple take finish ü no more again...,0,ok good later come find lucky told go earlier later pple take finish
ham,"Please protect yourself from e-threats. SIB never asks for sensitive information like Passwords,ATM/SMS PIN thru email. Never share your password with anybody.",0,please protect threats sib never asks sensitive information like passwords atm sms pin thru email never share password anybody
ham,"Ups which is 3days also, and the shipping company that takes 2wks. The other way is usps which takes a week but when it gets to lag you may have to bribe nipost to get your stuff.",0,ups days also shipping company takes wks way usps takes week gets lag may bribe nipost get stuff
ham,Convey my regards to him,0,convey regards
spam,Ur balance is now £500. Ur next question is: Who sang 'Uptown Girl' in the 80's ? 2 answer txt ur ANSWER to 83600. Good luck!,1,ur balance ur next question sang uptown girl answer txt ur answer good luck
ham,"Wishing you and your family Merry ""X"" mas and HAPPY NEW Year in advance..",0,wishing family merry mas happy new year advance
ham,"Very hurting n meaningful lines ever: ""I compromised everything for my love, But at d end my love compromised me for everything:-("".. Gud mornin:-)",0,hurting meaningful lines ever compromised everything love end love compromised everything gud mornin
ham,You are right. Meanwhile how's project twins comin up,0,right meanwhile project twins comin
ham,"Night has ended for another day, morning has come in a special way. May you smile like the sunny rays and leaves your worries at the blue blue bay.",0,night ended another day morning come special way may smile like sunny rays leaves worries blue blue bay
ham,how are you? I miss you!,0,miss
ham,Normally i use to drink more water daily:),0,normally use drink water daily
spam,"Today's Offer! Claim ur £150 worth of discount vouchers! Text YES to 85023 now! SavaMob, member offers mobile! T Cs 08717898035. £3.00 Sub. 16 . Unsub reply X",1,today offer claim ur worth discount vouchers text yes savamob member offers mobile cs sub unsub reply
ham,"It's ok, at least armand's still around",0,ok least armand still around
ham,Dear are you angry i was busy dear,0,dear angry busy dear
ham,I cant pick the phone right now. Pls send a message,0,cant pick phone right pls send message
ham,Weightloss! No more girl friends. Make loads of money on ebay or something. And give thanks to God.,0,weightloss girl friends make loads money ebay something give thanks god
ham,Boy; I love u Grl: Hogolo Boy: gold chain kodstini Grl: Agalla Boy: necklace madstini Grl: agalla Boy: Hogli 1 mutai eerulli kodthini! Grl: I love U kano;-),0,boy love grl hogolo boy gold chain kodstini grl agalla boy necklace madstini grl agalla boy hogli mutai eerulli kodthini grl love kano
ham,"Nah can't help you there, I've never had an iphone",0,nah help never iphone
ham,", how's things? Just a quick question.",0,things quick question
ham,Thank god they are in bed!,0,thank god bed
ham,Dude we should go sup again,0,dude go sup
ham,Dont worry. I guess he's busy.,0,dont worry guess busy
ham,"I'm in a meeting, call me later at",0,meeting call later
ham,"I met you as a stranger and choose you as my friend. As long as the world stands, our friendship never ends. Lets be Friends forever!!! Gud nitz...",0,met stranger choose friend long world stands friendship never ends lets friends forever gud nitz
ham,S..antha num corrct dane,0,antha num corrct dane
ham,That's y we haf to combine n c how lor...,0,haf combine lor
ham,Hi Dear Call me its urgnt. I don't know whats your problem. You don't want to work or if you have any other problem at least tell me. Wating for your reply.,0,hi dear call urgnt know whats problem want work problem least tell wating reply
ham,So what about you. What do you remember,0,remember
ham,"Haha get used to driving to usf man, I know a lot of stoners",0,haha get used driving usf man know lot stoners
ham,Dear where you will be when i reach there,0,dear reach
ham,You call him now ok i said call him,0,call ok said call
spam,"Did you hear about the new ""Divorce Barbie""? It comes with all of Ken's stuff!",1,hear new divorce barbie comes ken stuff
ham,Aslamalaikkum....insha allah tohar beeen muht albi mufti mahfuuz...meaning same here....,0,aslamalaikkum insha allah tohar beeen muht albi mufti mahfuuz meaning
ham,Are you driving or training?,0,driving training
ham,Hey so whats the plan this sat? ,0,hey whats plan sat
ham,"Ok that would b lovely, if u r sure. Think about wot u want to do, drinkin, dancin, eatin, cinema, in, out, about... Up to u! Wot about ? ",0,ok would lovely sure think wot want drinkin dancin eatin cinema wot
ham,When're you guys getting back? G said you were thinking about not staying for mcr,0,guys getting back said thinking staying mcr
ham,Am slow in using biola's fne,0,slow using biola fne
ham,My supervisor find 4 me one lor i thk his students. I havent ask her yet. Tell u aft i ask her.,0,supervisor find one lor thk students havent ask yet tell aft ask
spam,PRIVATE! Your 2004 Account Statement for 07742676969 shows 786 unredeemed Bonus Points. To claim call 08719180248 Identifier Code: 45239 Expires,1,private account statement shows unredeemed bonus points claim call identifier code expires
spam,"URGENT! Your mobile number *************** WON a £2000 Bonus Caller prize on 10/06/03! This is the 2nd attempt to reach you! Call 09066368753 ASAP! Box 97N7QP, 150ppm",1,urgent mobile number bonus caller prize nd attempt reach call asap box qp ppm
ham,Lol they were mad at first but then they woke up and gave in.,0,lol mad first woke gave
ham,U coming back 4 dinner rite? Dad ask me so i re confirm wif u...,0,coming back dinner rite dad ask confirm wif
ham,Ay wana meet on sat?ü wkg on sat?,0,ay wana meet sat wkg sat
ham,Oh did you charge camera,0,oh charge camera
ham,"Haha... Where got so fast lose weight, thk muz go 4 a month den got effect... Gee,later we go aust put bk e weight.",0,haha got fast lose weight thk muz go month den got effect gee later go aust put bk weight
ham,But i'm really really broke oh. No amount is too small even  &lt;#&gt; ,0,really really broke oh amount small even lt gt
spam,Not heard from U4 a while. Call 4 rude chat private line 01223585334 to cum. Wan 2C pics of me gettin shagged then text PIX to 8552. 2End send STOP 8552 SAM xxx,1,heard call rude chat private line cum wan pics gettin shagged text pix end send stop sam xxx
ham,Have you heard from this week?,0,heard week
ham,"No! But we found a diff farm shop to buy some cheese. On way back now, can i call in?",0,found diff farm shop buy cheese way back call
ham,U repeat e instructions again. Wat's e road name of ur house?,0,repeat instructions wat road name ur house
ham,I see a cup of coffee animation,0,see cup coffee animation
ham,K..k:)where are you?how did you performed?,0,performed
ham,Do you know what Mallika Sherawat did yesterday? Find out now @  &lt;URL&gt;,0,know mallika sherawat yesterday find lt url gt
ham,Is ur paper in e morn or aft tmr?,0,ur paper morn aft tmr
ham,Where do you need to go to get it?,0,need go get
ham,What you thinked about me. First time you saw me in class.,0,thinked first time saw class
ham,Yar he quite clever but aft many guesses lor. He got ask me 2 bring but i thk darren not so willing 2 go. Aiya they thk leona still not attach wat.,0,yar quite clever aft many guesses lor got ask bring thk darren willing go aiya thk leona still attach wat
ham,When did you get to the library,0,get library
ham,"New Theory: Argument wins d SITUATION, but loses the PERSON. So dont argue with ur friends just.. . . . kick them &amp; say, I'm always correct.!",0,new theory argument wins situation loses person dont argue ur friends kick amp say always correct
ham,You call him and tell now infront of them. Call him now.,0,call tell infront call
ham,"Sorry battery died, yeah I'm here",0,sorry battery died yeah
ham,"Thk shld b can... Ya, i wana go 4 lessons... Haha, can go for one whole stretch...",0,thk shld ya wana go lessons haha go one whole stretch
ham,"Have a lovely night and when you wake up to see this message, i hope you smile knowing all is as should be. Have a great morning",0,lovely night wake see message hope smile knowing great morning
ham,I am late. I will be there at,0,late
ham,"Arngd marriage is while u r walkin unfortuntly a snake bites u. bt love marriage is dancing in frnt of d snake &amp; sayin Bite me, bite me.",0,arngd marriage walkin unfortuntly snake bites bt love marriage dancing frnt snake amp sayin bite bite
ham,"Hmmm ... I thought we said 2 hours slave, not 3 ... You are late ... How should I punish you ?",0,hmmm thought said hours slave late punish
ham,Eat jap done oso aft ur lect wat... Ü got lect at 12 rite... ,0,eat jap done oso aft ur lect wat got lect rite
ham,Where's my boytoy? I miss you ... What happened?,0,boytoy miss happened
ham,"It‘s reassuring, in this crazy world.",0,reassuring crazy world
spam,Save money on wedding lingerie at www.bridal.petticoatdreams.co.uk Choose from a superb selection with national delivery. Brought to you by WeddingFriend,1,save money wedding lingerie www bridal petticoatdreams co uk choose superb selection national delivery brought weddingfriend
ham,U GOIN OUT 2NITE?,0,goin nite
ham,I have gone into get info bt dont know what to do,0,gone get info bt dont know
ham,Now i'm going for lunch.,0,going lunch
ham,"Usf I guess, might as well take 1 car",0,usf guess might well take car
ham,No we sell it all so we'll have tons if coins. Then sell our coins to someone thru paypal. Voila! Money back in life pockets:),0,sell tons coins sell coins someone thru paypal voila money back life pockets
ham,Then mum's repent how?,0,mum repent
ham,Aiyar sorry lor forgot 2 tell u...,0,aiyar sorry lor forgot tell
ham,No..he joined today itself.,0,joined today
ham,You busy or can I come by at some point and figure out what we're doing tomorrow,0,busy come point figure tomorrow
ham,aathi..where are you dear..,0,aathi dear
ham,"It'll be tough, but I'll do what I have to",0,tough
ham,Are you this much buzy,0,much buzy
ham,He says he'll give me a call when his friend's got the money but that he's definitely buying before the end of the week,0,says give call friend got money definitely buying end week
ham,I am waiting machan. Call me once you free.,0,waiting machan call free
ham,*deep sigh* ... I miss you :-( ... I am really surprised you haven't gone to the net cafe yet to get to me ... Don't you miss me?,0,deep sigh miss really surprised gone net cafe yet get miss
ham,Hope you are having a great day.,0,hope great day
ham,Lol yes. But it will add some spice to your day.,0,lol yes add spice day
ham,Ü neva tell me how i noe... I'm not at home in da aft wat... ,0,neva tell noe home da aft wat
ham,"Good afternoon, my boytoy ... How are you feeling today ? Better I hope? Are you being my good boy? Are you my obedient, slave? Do you please your Queen?",0,good afternoon boytoy feeling today better hope good boy obedient slave please queen
ham,How are you babes. Hope your doing ok. I had a shit nights sleep. I fell asleep at 5.Im knackered and im dreading work tonight. What are thou upto tonight. X,0,babes hope ok shit nights sleep fell asleep knackered dreading work tonight thou upto tonight
ham,"Yeah hopefully, if tyler can't do it I could maybe ask around a bit",0,yeah hopefully tyler could maybe ask around bit
ham,What r u cooking me for dinner?,0,cooking dinner
ham,What are youdoing later? Sar xxx,0,youdoing later sar xxx
ham,"Oh yes, why is it like torture watching england?",0,oh yes like torture watching england
ham,"Ha ha nan yalrigu heltini..Iyo kothi chikku, u shared many things wit me..so far i didn't told any body and even uttered a word abt u.. If ur trusting me so much how can i tell these to others.. Plz nxt time dont use those words to me..ok, chikku:-);-)B-)",0,ha ha nan yalrigu heltini iyo kothi chikku shared many things wit far told body even uttered word abt ur trusting much tell others plz nxt time dont use words ok chikku
ham,Yoyyooo u know how to change permissions for a drive in mac. My usb flash drive,0,yoyyooo know change permissions drive mac usb flash drive
ham,Ya but it cant display internal subs so i gotta extract them,0,ya cant display internal subs got ta extract
ham,Then ur physics get a-?,0,ur physics get
ham,Wat time u finish ur lect today?,0,wat time finish ur lect today
ham,Full heat pa:-) i have applyed oil pa.,0,full heat pa applyed oil pa
ham,Then. You are eldest know.,0,eldest know
ham,"Ok omw now, you at castor?",0,ok omw castor
ham,How much it will cost approx . Per month.,0,much cost approx per month
ham,Tell my  bad character which u Dnt lik in me. I'll try to change in  &lt;#&gt; . I ll add tat 2 my new year resolution. Waiting for ur reply.Be frank...good morning.,0,tell bad character dnt lik try change lt gt add tat new year resolution waiting ur reply frank good morning
ham,Were somewhere on Fredericksburg,0,somewhere fredericksburg
ham,Yes I posted a couple of pics on fb. There's still snow outside too. I'm just waking up :),0,yes posted couple pics fb still snow outside waking
ham,No i am not having not any movies in my laptop,0,movies laptop
ham,Who were those people ? Were you in a tour ? I thought you were doing that sofa thing you sent me ? Your curious sugar,0,people tour thought sofa thing sent curious sugar
ham,Is there any training tomorrow?,0,training tomorrow
ham,So gd got free ice cream... I oso wan...,0,gd got free ice cream oso wan
ham,Waiting 4 my tv show 2 start lor... U leh still busy doing ur report?,0,waiting tv show start lor leh still busy ur report
ham,"Okey dokey, i‘ll be over in a bit just sorting some stuff out.",0,okey dokey bit sorting stuff
ham,&lt;#&gt;  am I think? Should say on syllabus,0,lt gt think say syllabus
ham,Haven't left yet so probably gonna be here til dinner,0,left yet probably gon na til dinner
ham,For real when u getting on yo? I only need 2 more tickets and one more jacket and I'm done. I already used all my multis.,0,real getting yo need tickets one jacket done already used multis
ham,Or better still can you catch her and let ask her if she can sell  &lt;#&gt;  for me.,0,better still catch let ask sell lt gt
ham,What's ur pin?,0,ur pin
spam,"HOT LIVE FANTASIES call now 08707500020 Just 20p per min NTT Ltd, PO Box 1327 Croydon CR9 5WB 0870 is a national rate call",1,hot live fantasies call per min ntt ltd po box croydon cr wb national rate call
ham,Probably earlier than that if the station's where I think it is,0,probably earlier station think
ham,Gud mrng dear have a nice day,0,gud mrng dear nice day
ham,Meanwhile in the shit suite: xavier decided to give us  &lt;#&gt;  seconds of warning that samantha was coming over and is playing jay's guitar to impress her or some shit. Also I don't think doug realizes I don't live here anymore,0,meanwhile shit suite xavier decided give us lt gt seconds warning samantha coming playing jay guitar impress shit also think doug realizes live anymore
ham,And miss vday the parachute and double coins??? U must not know me very well...,0,miss vday parachute double coins must know well
ham,"Just checked out, heading out to drop off my stuff now",0,checked heading drop stuff
ham,I have to take exam with march 3,0,take exam march
ham,I cant pick the phone right now. Pls send a message,0,cant pick phone right pls send message
ham,I am taking you for italian food. How about a pretty dress with no panties? :),0,taking italian food pretty dress panties
ham,Pansy! You've been living in a jungle for two years! Its my driving you should be more worried about!,0,pansy living jungle two years driving worried
ham,Ok... Let u noe when i leave my house.,0,ok let noe leave house
ham,So u workin overtime nigpun?,0,workin overtime nigpun
ham,"K, if u bored up just come to my home..",0,bored come home
ham,Are u awake? Is there snow there?,0,awake snow
ham,Oh you got many responsibilities.,0,oh got many responsibilities
ham,I am not sure about night menu. . . I know only about noon menu,0,sure night menu know noon menu
ham,Shopping lor. Them raining mah hard 2 leave orchard.,0,shopping lor raining mah hard leave orchard
spam,"Get 3 Lions England tone, reply lionm 4 mono or lionp 4 poly. 4 more go 2 www.ringtones.co.uk, the original n best. Tones 3GBP network operator rates apply",1,get lions england tone reply lionm mono lionp poly go www ringtones co uk original best tones gbp network operator rates apply
ham,"7 wonders in My WORLD 7th You 6th Ur style 5th Ur smile 4th Ur Personality 3rd Ur Nature 2nd Ur SMS and 1st ""Ur Lovely Friendship""... good morning dear",0,wonders world th th ur style th ur smile th ur personality rd ur nature nd ur sms st ur lovely friendship good morning dear
spam,You have WON a guaranteed £1000 cash or a £2000 prize. To claim yr prize call our customer service representative on 08714712412 between 10am-7pm Cost 10p,1,guaranteed cash prize claim yr prize call customer service representative pm cost
spam,Todays Vodafone numbers ending with 4882 are selected to a receive a £350 award. If your number matches call 09064019014 to receive your £350 award.,1,todays vodafone numbers ending selected receive award number matches call receive award
ham,"Do 1 thing! Change that sentence into: ""Because i want 2 concentrate in my educational career im leaving here..""",0,thing change sentence want concentrate educational career im leaving
ham,Do you hide anythiing or keeping distance from me,0,hide anythiing keeping distance
ham,Ard 6 like dat lor.,0,ard like dat lor
ham,R u over scratching it?,0,scratching
ham,Hey tmr meet at bugis 930 ?,0,hey tmr meet bugis
ham,I'll probably be around mu a lot,0,probably around mu lot
spam,U 447801259231 have a secret admirer who is looking 2 make contact with U-find out who they R*reveal who thinks UR so special-call on 09058094597,1,secret admirer looking make contact find reveal thinks ur special call
ham,Just got outta class gonna go gym.,0,got outta class gon na go gym
ham,"Turns out my friends are staying for the whole show and won't be back til ~ &lt;#&gt; , so feel free to go ahead and smoke that $ &lt;#&gt;  worth",0,turns friends staying whole show back til lt gt feel free go ahead smoke lt gt worth
ham,Then wat r u doing now? Busy wif work?,0,wat busy wif work
ham,"Tick, tick, tick .... Where are you ? I could die of loneliness you know ! *pouts* *stomps feet* I need you ...",0,tick tick tick could die loneliness know pouts stomps feet need
ham,U in town alone?,0,town alone
ham,"Hi, wkend ok but journey terrible. Wk not good as have huge back log of marking to do",0,hi wkend ok journey terrible wk good huge back log marking
ham,We stopped to get ice cream and will go back after,0,stopped get ice cream go back
ham,Joy's father is John. Then John is the NAME of Joy's father. Mandan,0,joy father john john name joy father mandan
ham,Okie,0,okie
ham,Well I'm going to be an aunty!,0,well going aunty
ham,"Haha awesome, I might need to take you up on that, what you doin tonight?",0,haha awesome might need take doin tonight
ham,Lol I know! Hey someone did a great inpersonation of flea on the forums. I love it!,0,lol know hey someone great inpersonation flea forums love
ham,I'm going 4 lunch now wif my family then aft dat i go str 2 orchard lor.,0,going lunch wif family aft dat go str orchard lor
ham,Aww you must be nearly dead!Well Jez isComing over toDo some workAnd that whillTake forever!,0,aww must nearly dead well jez iscoming todo workand whilltake forever
ham,So its to be poking man everyday that they teach you in canada abi! How are you. Just saying hi.,0,poking man everyday teach canada abi saying hi
spam,Please call our customer service representative on FREEPHONE 0808 145 4742 between 9am-11pm as you have WON a guaranteed £1000 cash or £5000 prize!,1,please call customer service representative freephone pm guaranteed cash prize
ham,Erutupalam thandiyachu,0,erutupalam thandiyachu
spam,Customer service annoncement. You have a New Years delivery waiting for you. Please call 07046744435 now to arrange delivery,1,customer service annoncement new years delivery waiting please call arrange delivery
ham,yay! finally lol. i missed our cinema trip last week :-(,0,yay finally lol missed cinema trip last week
ham,"Come round, it's . ",0,come round
ham,Dude how do you like the buff wind.,0,dude like buff wind
ham,Nationwide auto centre (or something like that) on Newport road. I liked them there,0,nationwide auto centre something like newport road liked
ham,"Hmph. Go head, big baller.",0,hmph go head big baller
ham,Anything lar then ü not going home 4 dinner?,0,anything lar going home dinner
ham,"HEY KATE, HOPE UR OK... WILL GIVE U A BUZ WEDLUNCH. GO OUTSOMEWHERE 4 ADRINK IN TOWN..CUD GO 2WATERSHD 4 A BIT? PPL FROMWRK WILL BTHERE. LOVE PETEXXX.",0,hey kate hope ur ok give buz wedlunch go outsomewhere adrink town cud go watershd bit ppl fromwrk bthere love petexxx
ham,"Life is nothing wen v get everything. But ""life is everything wen v miss something "". Real value of people wil be realized only in their absence.... gud mrng",0,life nothing wen get everything life everything wen miss something real value people wil realized absence gud mrng
spam,"3 FREE TAROT TEXTS! Find out about your love life now! TRY 3 FOR FREE! Text CHANCE to 85555 16 only! After 3 Free, Msgs £1.50 each",1,free tarot texts find love life try free text chance free msgs
ham,Don't necessarily expect it to be done before you get back though because I'm just now headin out,0,necessarily expect done get back though headin
ham,God's love has no limit. God's grace has no measure. God's power has no boundaries. May u have God's endless blessings always in ur life...!! Gud ni8,0,god love limit god grace measure god power boundaries may god endless blessings always ur life gud ni
ham,I fetch yun or u fetch?,0,fetch yun fetch
ham,Thanks for being there for me just to talk to on saturday. You are very dear to me. I cherish having you as a brother and role model.,0,thanks talk saturday dear cherish brother role model
ham,"The world suffers a lot... Not because of the violence of bad people. But because of the silence of good people!, Gud night....",0,world suffers lot violence bad people silence good people gud night
ham,"Oh... I was thkin of goin yogasana at 10 den no nd to go at 3 den can rush to parco 4 nb... Okie lor, u call me when ready...",0,oh thkin goin yogasana den nd go den rush parco nb okie lor call ready
ham,No did you check? I got his detailed message now,0,check got detailed message
ham,So dont use hook up any how,0,dont use hook
ham,Oh all have to come ah?,0,oh come ah
ham,"Hello my boytoy ... Geeee I miss you already and I just woke up. I wish you were here in bed with me, cuddling me. I love you ...",0,hello boytoy geeee miss already woke wish bed cuddling love
ham,"Oh... Icic... K lor, den meet other day...",0,oh icic lor den meet day
ham,Kothi print out marandratha.,0,kothi print marandratha
ham,Would me smoking you out help us work through this difficult time,0,would smoking help us work difficult time
ham,Well obviously not because all the people in my cool college life went home ;_;,0,well obviously people cool college life went home
ham,The greatest test of courage on earth is to bear defeat without losing heart....gn tc,0,greatest test courage earth bear defeat without losing heart gn tc
ham,Cool. So how come you havent been wined and dined before?,0,cool come havent wined dined
ham,Heehee that was so funny tho,0,heehee funny tho
ham,"I want to show you the world, princess :) how about europe?",0,want show world princess europe
ham,do u think that any girl will propose u today by seing ur bloody funky shit fucking face...............asssssholeeee................,0,think girl propose today seing ur bloody funky shit fucking face asssssholeeee
spam,Kit Strip - you have been billed 150p. Netcollex Ltd. PO Box 1013 IG11 OJA,1,kit strip billed netcollex ltd po box ig oja
spam,Get your garden ready for summer with a FREE selection of summer bulbs and seeds worth £33:50 only with The Scotsman this Saturday. To stop go2 notxt.co.uk,1,get garden ready summer free selection summer bulbs seeds worth scotsman saturday stop go notxt co uk
ham,K..k...from tomorrow onwards started ah?,0,tomorrow onwards started ah
ham,There's no point hangin on to mr not right if he's not makin u happy,0,point hangin mr right makin happy
spam,U are subscribed to the best Mobile Content Service in the UK for £3 per ten days until you send STOP to 83435. Helpline 08706091795.,1,subscribed best mobile content service uk per ten days send stop helpline
ham,Then u ask darren go n pick u lor... But i oso sian tmr haf 2 meet lect...,0,ask darren go pick lor oso sian tmr haf meet lect
ham,"Hello! Just got here, st andrews-boy its a long way! Its cold. I will keep you posted",0,hello got st andrews boy long way cold keep posted
ham,"Dear,regret i cudnt pick call.drove down frm ctla now at cochin home.left mobile in car..ente style ishtamayoo?happy bakrid!",0,dear regret cudnt pick call drove frm ctla cochin home left mobile car ente style ishtamayoo happy bakrid
spam,todays vodafone numbers ending with 0089(my last four digits) are selected to received a £350 award. If your number matches please call 09063442151 to claim your £350 award,1,todays vodafone numbers ending last four digits selected received award number matches please call claim award
ham,They will pick up and drop in car.so no problem..,0,pick drop car problem
spam,"Welcome to UK-mobile-date this msg is FREE giving you free calling to 08719839835. Future mgs billed at 150p daily. To cancel send ""go stop"" to 89123",1,welcome uk mobile date msg free giving free calling future mgs billed daily cancel send go stop
ham,I was up all night too worrying about this appt. It's a shame we missed a girls night out with quizzes popcorn and you doing my hair.,0,night worrying appt shame missed girls night quizzes popcorn hair
ham,Carlos is taking his sweet time as usual so let me know when you and patty are done/want to smoke and I'll tell him to haul ass,0,carlos taking sweet time usual let know patty done want smoke tell haul ass
ham,Me hungry buy some food good lei... But mum n yun dun wan juz buy a little bit... ,0,hungry buy food good lei mum yun dun wan juz buy little bit
ham,"Hey, a guy I know is breathing down my neck to get him some bud, anyway you'd be able to get a half track to usf tonight?",0,hey guy know breathing neck get bud anyway able get half track usf tonight
ham,Nope... Think i will go for it on monday... Sorry i replied so late,0,nope think go monday sorry replied late
spam,U have a secret admirer who is looking 2 make contact with U-find out who they R*reveal who thinks UR so special-call on 09058094565,1,secret admirer looking make contact find reveal thinks ur special call
ham,"Honeybee Said: *I'm d Sweetest in d World* God Laughed &amp; Said: *Wait,U Havnt Met d Person Reading This Msg* MORAL: Even GOD Can Crack Jokes! GM+GN+GE+GN:)",0,honeybee said sweetest world god laughed amp said wait havnt met person reading msg moral even god crack jokes gm gn ge gn
ham,I did. One slice and one breadstick. Lol,0,one slice one breadstick lol
ham,To day class is there are no class.,0,day class class
ham,Oi. Ami parchi na re. Kicchu kaaj korte iccha korche na. Phone ta tul na. Plz. Plz.,0,oi ami parchi na kicchu kaaj korte iccha korche na phone ta tul na plz plz
ham,Call me when you get the chance plz &lt;3,0,call get chance plz lt
ham,Dai  &lt;#&gt;  naal eruku.,0,dai lt gt naal eruku
ham,Have you always been saying welp?,0,always saying welp
ham,Boo what time u get out? U were supposed to take me shopping today. :(,0,boo time get supposed take shopping today
ham,No that just means you have a fat head,0,means fat head
ham,Your account has been refilled successfully by INR  &lt;DECIMAL&gt; . Your KeralaCircle prepaid account balance is Rs  &lt;DECIMAL&gt; . Your Transaction ID is KR &lt;#&gt; .,0,account refilled successfully inr lt decimal gt keralacircle prepaid account balance rs lt decimal gt transaction id kr lt gt
ham,"I jus hope its true that  missin me cos i'm really missin him! You haven't done anything to feel guilty about, yet.",0,jus hope true missin cos really missin done anything feel guilty yet
ham,"Its ok chikku, and its my 1 of favourite song..:-)",0,ok chikku favourite song
ham,Pandy joined 4w technologies today.he got job..,0,pandy joined technologies today got job
ham,I dunno until when... Lets go learn pilates...,0,dunno lets go learn pilates
ham,I HAVE A DATE ON SUNDAY WITH WILL!!,0,date sunday
ham,Mum not going robinson already.,0,mum going robinson already
ham,Are you coming to day for class.,0,coming day class
ham,"Yeah go on then, bored and depressed sittin waitin for phone to ring... Hope the wind drops though, scary",0,yeah go bored depressed sittin waitin phone ring hope wind drops though scary
ham,"Merry Christmas to you too babe, i love ya *kisses*",0,merry christmas babe love ya kisses
spam,"Text82228>> Get more ringtones, logos and games from www.txt82228.com. Questions: info@txt82228.co.uk",1,text get ringtones logos games www txt com questions info txt co uk
ham,I'm working technical support :)voice process.networking field.,0,working technical support voice process networking field
ham,"Each Moment in a day,has its own value-Morning brings hope,afternoon brings faith,Evening brings luv,Night brings rest,Wish u find them all today.Good Morning",0,moment day value morning brings hope afternoon brings faith evening brings luv night brings rest wish find today good morning
ham,"Aight, lemme know what's up",0,aight lem know
ham,U attend ur driving lesson how many times a wk n which day?,0,attend ur driving lesson many times wk day
ham,What happen to her tell the truth,0,happen tell truth
ham,"I'll see if I can swing by in a bit, got some things to take care of here firsg",0,see swing bit got things take care firsg
ham,"Yeah, we can probably swing by once my roommate finishes up with his girl",0,yeah probably swing roommate finishes girl
ham,Where u been hiding stranger?,0,hiding stranger
spam,"Mila, age23, blonde, new in UK. I look sex with UK guys. if u like fun with me. Text MTALK to 69866.18 . 30pp/txt 1st 5free. £1.50 increments. Help08718728876",1,mila age blonde new uk look sex uk guys like fun text mtalk pp txt st free increments help
ham,Hey... are you going to quit soon? Xuhui and i working till end of the month ,0,hey going quit soon xuhui working till end month
ham,Yes! How is a pretty lady like you single?,0,yes pretty lady like single
ham,Good afternoon starshine! How's my boytoy? Does he crave me yet? Ache to fuck me ? *sips cappuccino* I miss you babe *teasing kiss*,0,good afternoon starshine boytoy crave yet ache fuck sips cappuccino miss babe teasing kiss
ham,Why didn't u call on your lunch?,0,call lunch
ham,"Dont worry, 1 day very big lambu ji vl come..til then enjoy batchlor party:-)",0,dont worry day big lambu ji vl come til enjoy batchlor party
ham,Company is very good.environment is terrific and food is really nice:),0,company good environment terrific food really nice
spam,You will recieve your tone within the next 24hrs. For Terms and conditions please see Channel U Teletext Pg 750,1,recieve tone within next hrs terms conditions please see channel teletext pg
ham,Have you started in skye,0,started skye
ham,"Sure, whenever you show the fuck up &gt;:(",0,sure whenever show fuck gt
spam,Please CALL 08712402972 immediately as there is an urgent message waiting for you,1,please call immediately urgent message waiting
ham,Have a safe trip to Nigeria. Wish you happiness and very soon company to share moments with,0,safe trip nigeria wish happiness soon company share moments
ham,Hope you are having a good week. Just checking in,0,hope good week checking
ham,And by when you're done I mean now,0,done mean
ham,Oh ic. I thought you meant mary jane.,0,oh ic thought meant mary jane
ham,Oh just getting even with u.... u?,0,oh getting even
ham,Yup ok...,0,yup ok
spam,Double Mins & Double Txt & 1/2 price Linerental on Latest Orange Bluetooth mobiles. Call MobileUpd8 for the very latest offers. 08000839402 or call2optout/LF56,1,double mins double txt price linerental latest orange bluetooth mobiles call mobileupd latest offers call optout lf
ham,"Sun cant come to earth but send luv as rays. cloud cant come to river but send luv as rain. I cant come to meet U, but can send my care as msg to U. Gud evng",0,sun cant come earth send luv rays cloud cant come river send luv rain cant come meet send care msg gud evng
ham,"Hey doc pls I want to get nice t shirt for my hubby nice fiting ones my budget is  &lt;#&gt; k help pls I will load d card abi hw,keep me posted luv. 2 mj",0,hey doc pls want get nice shirt hubby nice fiting ones budget lt gt help pls load card abi hw keep posted luv mj
ham,Not a lot has happened here. Feels very quiet. Beth is at her aunts and charlie is working lots. Just me and helen in at the mo. How have you been? ,0,lot happened feels quiet beth aunts charlie working lots helen mo
spam,Dear U've been invited to XCHAT. This is our final attempt to contact u! Txt CHAT to 86688 150p/MsgrcvdHG/Suite342/2Lands/Row/W1J6HL LDN 18 yrs,1,dear invited xchat final attempt contact txt chat msgrcvdhg suite lands row hl ldn yrs
ham,You were supposed to wake ME up &gt;:(,0,supposed wake gt
ham,(That said can you text him one more time?),0,said text one time
ham,Thank you princess! You are so sexy...,0,thank princess sexy
ham,Ok thanx...,0,ok thanx
ham,Nope... C ü then...,0,nope
ham,Bishan lar nearer... No need buy so early cos if buy now i gotta park my car...,0,bishan lar nearer need buy early cos buy got ta park car
ham,"Waqt se pehle or naseeb se zyada kisi ko kuch nahi milta,Zindgi wo nahi he jo hum sochte hai Zindgi wo hai jo ham jeetey hai..........",0,waqt se pehle naseeb se zyada kisi ko kuch nahi milta zindgi wo nahi jo hum sochte hai zindgi wo hai jo ham jeetey hai
ham,Yavnt tried yet and never played original either,0,yavnt tried yet never played original either
ham,I cant pick the phone right now. Pls send a message,0,cant pick phone right pls send message
ham,"Christmas is An occasion that is Celebrated as a Reflection of UR... Values..., Desires..., Affections...&amp; Traditions.... Have an ideal Christmas...",0,christmas occasion celebrated reflection ur values desires affections amp traditions ideal christmas
ham,I'm home. Doc gave me pain meds says everything is fine.,0,home doc gave pain meds says everything fine
ham,Here got ur favorite oyster... N got my favorite sashimi... Ok lar i dun say already... Wait ur stomach start rumbling...,0,got ur favorite oyster got favorite sashimi ok lar dun say already wait ur stomach start rumbling
ham,Super msg da:)nalla timing.,0,super msg da nalla timing
ham,No no. I will check all rooms befor activities,0,check rooms befor activities
ham,I tot u reach liao. He said t-shirt.,0,tot reach liao said shirt
spam,You are a winner U have been specially selected 2 receive £1000 or a 4* holiday (flights inc) speak to a live operator 2 claim 0871277810910p/min (18+) ,1,winner specially selected receive holiday flights inc speak live operator claim min
ham,No rushing. I'm not working. I'm in school so if we rush we go hungry.,0,rushing working school rush go hungry
ham,"Sir, I need Velusamy sir's date of birth and company bank facilities details.",0,sir need velusamy sir date birth company bank facilities details
ham,Have you been practising your curtsey?,0,practising curtsey
spam,Ur ringtone service has changed! 25 Free credits! Go to club4mobiles.com to choose content now! Stop? txt CLUB STOP to 87070. 150p/wk Club4 PO Box1146 MK45 2WT,1,ur ringtone service changed free credits go club mobiles com choose content stop txt club stop wk club po box mk wt
ham,I am going to sleep. I am tired of travel.,0,going sleep tired travel
ham,Hey hun-onbus goin 2 meet him. He wants 2go out 4a meal but I donyt feel like it cuz have 2 get last bus home!But hes sweet latelyxxx,0,hey hun onbus goin meet wants go meal donyt feel like cuz get last bus home hes sweet latelyxxx
ham,U're welcome... Caught u using broken english again...,0,welcome caught using broken english
ham,So that means you still think of teju,0,means still think teju
spam,What do U want for Xmas? How about 100 free text messages & a new video phone with half price line rental? Call free now on 0800 0721072 to find out more!,1,want xmas free text messages new video phone half price line rental call free find
ham,U reach orchard already? U wan 2 go buy tickets first?,0,reach orchard already wan go buy tickets first
ham,Same as u... Dun wan... Y u dun like me already ah... Wat u doing now? Still eating?,0,dun wan dun like already ah wat still eating
ham,Well i know Z will take care of me. So no worries.,0,well know take care worries
ham,Pls i wont belive god.not only jesus.,0,pls wont belive god jesus
ham,Hey! There's veggie pizza... :/,0,hey veggie pizza
ham,We walked from my moms. Right on stagwood pass right on winterstone left on victors hill. Address is &lt;#&gt;,0,walked moms right stagwood pass right winterstone left victors hill address lt gt
ham,My friends use to call the same.,0,friends use call
spam,Ur cash-balance is currently 500 pounds - to maximize ur cash-in now send GO to 86688 only 150p/meg. CC: 08718720201 HG/Suite342/2lands Row/W1j6HL,1,ur cash balance currently pounds maximize ur cash send go meg cc hg suite lands row hl
ham,We have to pick rayan macleran there.,0,pick rayan macleran
spam,FreeMsg: Hey - I'm Buffy. 25 and love to satisfy men. Home alone feeling randy. Reply 2 C my PIX! QlynnBV Help08700621170150p a msg Send stop to stop txts,1,freemsg hey buffy love satisfy men home alone feeling randy reply pix qlynnbv help msg send stop stop txts
ham,I dont know why she.s not getting your messages,0,dont know getting messages
ham,"Yeah, where's your class at?",0,yeah class
spam,"SMS. ac Blind Date 4U!: Rodds1 is 21/m from Aberdeen, United Kingdom. Check Him out http://img. sms. ac/W/icmb3cktz8r7!-4 no Blind Dates send HIDE",1,sms ac blind date rodds aberdeen united kingdom check http img sms ac icmb cktz blind dates send hide
ham,The hair cream has not been shipped.,0,hair cream shipped
ham,"Storming msg: Wen u lift d phne, u say ""HELLO"" Do u knw wt is d real meaning of HELLO?? . . . It's d name of a girl..! . . . Yes.. And u knw who is dat girl?? ""Margaret Hello"" She is d girlfrnd f Grahmbell who invnted telphone... . . . . Moral:One can 4get d name of a person, bt not his girlfrnd... G o o d n i g h t . . .@",0,storming msg wen lift phne say hello knw wt real meaning hello name girl yes knw dat girl margaret hello girlfrnd grahmbell invnted telphone moral one get name person bt girlfrnd
ham,G wants to know where the fuck you are,0,wants know fuck
ham,Now got tv 2 watch meh? U no work today?,0,got tv watch meh work today
ham,"Madam,regret disturbance.might receive a reference check from DLF Premarica.kindly be informed.Rgds,Rakhesh,Kerala.",0,madam regret disturbance might receive reference check dlf premarica kindly informed rgds rakhesh kerala
ham,"I know where the  &lt;#&gt;  is, I'll be there around 5",0,know lt gt around
spam,"Congrats! 1 year special cinema pass for 2 is yours. call 09061209465 now! C Suprman V, Matrix3, StarWars3, etc all 4 FREE! bx420-ip4-5we. 150pm. Dont miss out!",1,congrats year special cinema pass call suprman matrix starwars etc free bx ip pm dont miss
ham,if you text on your way to cup stop that should work. And that should be BUS,0,text way cup stop work bus
spam,Congratulations ur awarded either £500 of CD gift vouchers & Free entry 2 our £100 weekly draw txt MUSIC to 87066 TnCs www.Ldew.com 1 win150ppmx3age16,1,congratulations ur awarded either cd gift vouchers free entry weekly draw txt music tncs www ldew com win ppmx age
ham,"That's good, because I need drugs",0,good need drugs
ham,He fucking chickened out. He messaged me he would be late and woould buzz me and then I didn't hear a word from him,0,fucking chickened messaged would late woould buzz hear word
ham,Today is ACCEPT DAY..U Accept me as? Brother Sister Lover Dear1 Best1 Clos1 Lvblefrnd Jstfrnd Cutefrnd Lifpartnr Belovd Swtheart Bstfrnd No rply means enemy,0,today accept day accept brother sister lover dear best clos lvblefrnd jstfrnd cutefrnd lifpartnr belovd swtheart bstfrnd rply means enemy
ham,Watch lor. I saw a few swatch one i thk quite ok. Ard 116 but i need 2nd opinion leh...,0,watch lor saw swatch one thk quite ok ard need nd opinion leh
ham,I anything lor.,0,anything lor
ham,"Hmmm.. Thk sure got time to hop ard... Ya, can go 4 free abt... Muz call u to discuss liao... ",0,hmmm thk sure got time hop ard ya go free abt muz call discuss liao
ham,Babes I think I got ur brolly I left it in English wil bring it in 2mrw 4 u luv Franxx,0,babes think got ur brolly left english wil bring mrw luv franxx
ham,Lol! Nah wasn't too bad thanks. Its good to b home but its been quite a reality check. Hows ur day been? Did u do anything with website?,0,lol nah bad thanks good home quite reality check hows ur day anything website
ham,My exam is for february 4. Wish you a great day.,0,exam february wish great day
ham,Ok cool. See ya then.,0,ok cool see ya
ham,Yes princess! I want to catch you with my big strong hands...,0,yes princess want catch big strong hands
ham,I'll let you know when it kicks in,0,let know kicks
ham,"Fighting with the world is easy, u either win or lose bt fightng with some1 who is close to u is dificult if u lose - u lose if u win - u still lose.",0,fighting world easy either win lose bt fightng close dificult lose lose win still lose
ham,No calls..messages..missed calls,0,calls messages missed calls
spam,Congratulations ur awarded 500 of CD vouchers or 125gift guaranteed & Free entry 2 100 wkly draw txt MUSIC to 87066 TnCs www.Ldew.com1win150ppmx3age16,1,congratulations ur awarded cd vouchers gift guaranteed free entry wkly draw txt music tncs www ldew com win ppmx age
ham,Is ur paper today in e morn or aft?,0,ur paper today morn aft
ham,No but the bluray player can,0,bluray player
ham,"Come around  &lt;DECIMAL&gt; pm vikky..i'm otside nw, il come by tht time",0,come around lt decimal gt pm vikky otside nw il come tht time
ham,Guess which pub im in? Im as happy as a pig in clover or whatever the saying is! ,0,guess pub im im happy pig clover whatever saying
ham,:-( sad puppy noise,0,sad puppy noise
ham,Still i have not checked it da. . .,0,still checked da
spam,85233 FREE>Ringtone!Reply REAL,1,free ringtone reply real
ham,Prabha..i'm soryda..realy..frm heart i'm sory,0,prabha soryda realy frm heart sory
ham,Ok how you dear. Did you call chechi,0,ok dear call chechi
ham,Sorry * was at the grocers.,0,sorry grocers
ham,You are not bothering me but you have to trust my answers. Pls.,0,bothering trust answers pls
ham,"Thanx 4 the time weve spent 2geva, its bin mint! Ur my Baby and all I want is u!xxxx",0,thanx time spent geva bin mint ur baby want xxxx
ham,You best watch what you say cause I get drunk as a motherfucker,0,best watch say cause get drunk motherfucker
spam,"Spook up your mob with a Halloween collection of a logo & pic message plus a free eerie tone, txt CARD SPOOK to 8007 zed 08701417012150p per logo/pic ",1,spook mob halloween collection logo pic message plus free eerie tone txt card spook zed per logo pic
ham,Hey whats up? U sleeping all morning?,0,hey whats sleeping morning
ham,"I'm an actor. When i work, i work in the evening and sleep late. Since i'm unemployed at the moment, i ALWAYS sleep late. When you're unemployed, every day is saturday.",0,actor work work evening sleep late since unemployed moment always sleep late unemployed every day saturday
ham,Do we have any spare power supplies,0,spare power supplies
ham,"Its ok, called mom instead have fun",0,ok called mom instead fun
spam,"SIX chances to win CASH! From 100 to 20,000 pounds txt> CSH11 and send to 87575. Cost 150p/day, 6days, 16+ TsandCs apply Reply HL 4 info",1,six chances win cash pounds txt csh send cost day days tsandcs apply reply hl info
ham,That's the way you should stay oh.,0,way stay oh
ham,Lol no ouch but wish i'd stayed out a bit longer,0,lol ouch wish stayed bit longer
ham,"Pity, * was in mood for that. So...any other suggestions?",0,pity mood suggestions
ham,You intrepid duo you! Have a great time and see you both soon. ,0,intrepid duo great time see soon
ham,No he didn't. Spring is coming early yay!,0,spring coming early yay
ham,"What part of ""don't initiate"" don't you understand",0,part initiate understand
ham,Ok...,0,ok
ham,Which channel:-):-):):-).,0,channel
ham,Hi darlin i cantdo anythingtomorrow as myparents aretaking me outfor a meal. when are u free? Katexxx,0,hi darlin cantdo anythingtomorrow myparents aretaking outfor meal free katexxx
spam,"TheMob> Check out our newest selection of content, Games, Tones, Gossip, babes and sport, Keep your mobile fit and funky text WAP to 82468",1,themob check newest selection content games tones gossip babes sport keep mobile fit funky text wap
ham,I think its far more than that but find out. Check google maps for a place from your dorm.,0,think far find check google maps place dorm
ham,I am in tirupur.  call you da.,0,tirupur call da
ham,"A swt thought: ""Nver get tired of doing little things 4 lovable persons.."" Coz..somtimes those little things occupy d biggest part in their Hearts.. Gud ni8",0,swt thought nver get tired little things lovable persons coz somtimes little things occupy biggest part hearts gud ni
ham,Its sunny in california. The weather's just cool,0,sunny california weather cool
ham,"He said that he had a right giggle when he saw u again! You would possibly be the first person2die from NVQ, but think how much you could for! ",0,said right giggle saw would possibly first person die nvq think much could
ham,Lol. Well quality aint bad at all so i aint complaining,0,lol well quality aint bad aint complaining
ham,"Beautiful tomorrow never comes.. When it comes, it's already TODAY.. In the hunt of beautiful tomorrow don't waste your wonderful TODAY.. GOODMORNING:)",0,beautiful tomorrow never comes comes already today hunt beautiful tomorrow waste wonderful today goodmorning
ham,"Hello.How u doing?What u been up 2?When will u b moving out of the flat, cos I will need to arrange to pick up the lamp, etc. Take care. Hello caroline!",0,hello moving flat cos need arrange pick lamp etc take care hello caroline
spam,"SMS SERVICES. for your inclusive text credits, pls goto www.comuk.net login= ***** unsubscribe with STOP. no extra charge. help:08700469649. PO BOX420. IP4 5WE",1,sms services inclusive text credits pls goto www comuk net login unsubscribe stop extra charge help po box ip
ham,Still i have not checked it da. . .,0,still checked da
spam,Summers finally here! Fancy a chat or flirt with sexy singles in yr area? To get MATCHED up just reply SUMMER now. Free 2 Join. OptOut txt STOP Help08714742804,1,summers finally fancy chat flirt sexy singles yr area get matched reply summer free join optout txt stop help
ham,Yar i wanted 2 scold u yest but late already... I where got zhong se qing you? If u ask me b4 he ask me then i'll go out w u all lor. N u still can act so real.,0,yar wanted scold yest late already got zhong se qing ask ask go lor still act real
spam,"Double Mins & 1000 txts on Orange tariffs. Latest Motorola, SonyEricsson & Nokia with Bluetooth FREE! Call MobileUpd8 on 08000839402 or call2optout/HF8",1,double mins txts orange tariffs latest motorola sonyericsson nokia bluetooth free call mobileupd call optout hf
ham,Prakesh is there know.,0,prakesh know
ham,Don know..wait i will check it.,0,know wait check
ham,"Wa, ur openin sentence very formal... Anyway, i'm fine too, juz tt i'm eatin too much n puttin on weight...Haha... So anythin special happened?",0,wa ur openin sentence formal anyway fine juz tt eatin much puttin weight haha anythin special happened
ham,"Just looked it up and addie goes back Monday, sucks to be her",0,looked addie goes back monday sucks
ham,"And that's fine, I got enough bud to last most of the night at least",0,fine got enough bud last night least
ham,Really? I crashed out cuddled on my sofa.,0,really crashed cuddled sofa
spam,"Today's Offer! Claim ur £150 worth of discount vouchers! Text YES to 85023 now! SavaMob, member offers mobile! T Cs 08717898035. £3.00 Sub. 16 . Unsub reply X",1,today offer claim ur worth discount vouchers text yes savamob member offers mobile cs sub unsub reply
ham,Meeting u is my work. . . Tel me when shall i do my work tomorrow,0,meeting work tel shall work tomorrow
ham,There are no other charges after transfer charges and you can withdraw anyhow you like,0,charges transfer charges withdraw anyhow like
ham,What not under standing.,0,standing
ham,No:-)i got rumour that you going to buy apartment in chennai:-),0,got rumour going buy apartment chennai
ham,There are many company. Tell me the language.,0,many company tell language
ham,When should I come over?,0,come
ham,"I hav almost reached. Call, i m unable to connect u.",0,hav almost reached call unable connect
ham,How u doin baby girl ?? hope u are okay every time I call ure phone is off! I miss u get in touch,0,doin baby girl hope okay every time call ure phone miss get touch
ham,Now am free call me pa.,0,free call pa
ham,Will you be here for food,0,food
ham,Height of recycling: Read twice- People spend time for earning money and the same money is spent for spending time!;-) Good morning.. keep smiling:-),0,height recycling read twice people spend time earning money money spent spending time good morning keep smiling
ham,Huh so early.. Then ü having dinner outside izzit?,0,huh early dinner outside izzit
ham,Or u ask they all if next sat can a not. If all of them can make it then i'm ok lor.,0,ask next sat make ok lor
ham,Yup ü not comin :-(,0,yup comin
ham,That one week leave i put know that time. Why.,0,one week leave put know time
ham,Not thought bout it... || Drink in tap & spile at seven. || Is that pub on gas st off broad st by canal. || Ok?,0,thought bout drink tap spile seven pub gas st broad st canal ok
ham,Are there TA jobs available? Let me know please cos i really need to start working,0,ta jobs available let know please cos really need start working
spam,Camera - You are awarded a SiPix Digital Camera! call 09061221066 fromm landline. Delivery within 28 days.,1,camera awarded sipix digital camera call fromm landline delivery within days
ham,Nutter. Cutter. Ctter. Cttergg. Cttargg. Ctargg. Ctagg. ie you,0,nutter cutter ctter cttergg cttargg ctargg ctagg ie
ham,here is my new address -apples&pairs&all that malarky,0,new address apples pairs malarky
spam,WOW! The Boys R Back. TAKE THAT 2007 UK Tour. Win VIP Tickets & pre-book with VIP Club. Txt CLUB to 81303. Trackmarque Ltd info@vipclub4u.,1,wow boys back take uk tour win vip tickets pre book vip club txt club trackmarque ltd info vipclub
ham,Oh k. . I will come tomorrow,0,oh come tomorrow
ham,Your account has been refilled successfully by INR  &lt;DECIMAL&gt; . Your KeralaCircle prepaid account balance is Rs  &lt;DECIMAL&gt; . Your Transaction ID is KR &lt;#&gt; .,0,account refilled successfully inr lt decimal gt keralacircle prepaid account balance rs lt decimal gt transaction id kr lt gt
spam,Burger King - Wanna play footy at a top stadium? Get 2 Burger King before 1st Sept and go Large or Super with Coca-Cola and walk out a winner,1,burger king wan na play footy top stadium get burger king st sept go large super coca cola walk winner
spam,Reminder: You have not downloaded the content you have already paid for. Goto http://doit. mymoby. tv/ to collect your content.,1,reminder downloaded content already paid goto http doit mymoby tv collect content
ham,"1) Go to write msg 2) Put on Dictionary mode 3)Cover the screen with hand, 4)Press  &lt;#&gt; . 5)Gently remove Ur hand.. Its interesting..:)",0,go write msg put dictionary mode cover screen hand press lt gt gently remove ur hand interesting
ham,"It's cool, we can last a little while. Getting more any time soon?",0,cool last little getting time soon
ham,"Argh my 3g is spotty, anyway the only thing I remember from the research we did was that province and sterling were the only problem-free places we looked at",0,argh spotty anyway thing remember research province sterling problem free places looked
ham,Dont think you need yellow card for uk travel. Ask someone that has gone before. If you do its just  &lt;#&gt; bucks,0,dont think need yellow card uk travel ask someone gone lt gt bucks
ham,Miserable. They don't tell u that the side effects of birth control are massive gut wrenching cramps for the first 2 months. I didn't sleep at all last night.,0,miserable tell side effects birth control massive gut wrenching cramps first months sleep last night
ham,"Since when, which side, any fever, any vomitin.",0,since side fever vomitin
ham,Aiyo a bit pai seh ü noe... Scared he dun rem who i am then die... Hee... But he become better lookin oredi leh...,0,aiyo bit pai seh noe scared dun rem die hee become better lookin oredi leh
spam,"XXXMobileMovieClub: To use your credit, click the WAP link in the next txt message or click here>> http://wap. xxxmobilemovieclub.com?n=QJKGIGHJJGCBL",1,xxxmobilemovieclub use credit click wap link next txt message click http wap xxxmobilemovieclub com qjkgighjjgcbl
ham,R we still meeting 4 dinner tonight?,0,still meeting dinner tonight
ham,"Nah it's straight, if you can just bring bud or drinks or something that's actually a little more useful than straight cash",0,nah straight bring bud drinks something actually little useful straight cash
ham,"K, I'll work something out",0,work something
ham,I'm in chennai velachery:),0,chennai velachery
spam,U have a secret admirer who is looking 2 make contact with U-find out who they R*reveal who thinks UR so special-call on 09058094599,1,secret admirer looking make contact find reveal thinks ur special call
spam,Money i have won wining number 946 wot do i do next,1,money wining number wot next
ham,Lmao ok I wont be needing u to do my hair anymore.,0,lmao ok wont needing hair anymore
ham,Two teams waiting for some players,0,two teams waiting players
ham,Wot is u up 2 then bitch?,0,wot bitch
ham,"Mmmmm ... I loved waking to your words this morning ! I miss you too, my Love. I hope your day goes well and you are happy. I wait for us to be together again",0,mmmmm loved waking words morning miss love hope day goes well happy wait us together
ham,Sen told that he is going to join his uncle finance in cbe,0,sen told going join uncle finance cbe
ham,"I'll text carlos and let you know, hang on",0,text carlos let know hang
ham,I am in bus on the way to calicut,0,bus way calicut
ham,Hi kindly give us back our documents which we submitted for loan from STAPATI,0,hi kindly give us back documents submitted loan stapati
ham,"Night has ended for another day, morning has come in a special way. May you smile like the sunny rays and leaves your worries at the blue blue bay. Gud mrng",0,night ended another day morning come special way may smile like sunny rays leaves worries blue blue bay gud mrng
spam,Wanna have a laugh? Try CHIT-CHAT on your mobile now! Logon by txting the word: CHAT and send it to No: 8883 CM PO Box 4217 London W1A 6ZF 16+ 118p/msg rcvd,1,wan na laugh try chit chat mobile logon txting word chat send cm po box london zf msg rcvd
ham,So lets make it saturday or monday as per convenience.,0,lets make saturday monday per convenience
ham,Your opinion about me? 1. Over 2. Jada 3. Kusruthi 4. Lovable 5. Silent 6. Spl character 7. Not matured 8. Stylish 9. Simple Pls reply..,0,opinion jada kusruthi lovable silent spl character matured stylish simple pls reply
spam,LORD OF THE RINGS:RETURN OF THE KING in store NOW!REPLY LOTR by 2 June 4 Chance 2 WIN LOTR soundtrack CDs StdTxtRate. Reply STOP to end txts,1,lord rings return king store reply lotr june chance win lotr soundtrack cds stdtxtrate reply stop end txts
ham,Dont think so. It turns off like randomlly within 5min of opening,0,dont think turns like randomlly within min opening
ham,Have you got Xmas radio times. If not i will get it now,0,got xmas radio times get
ham,"Awesome, lemme know whenever you're around",0,awesome lem know whenever around
ham,"Sorry, I'll call later",0,sorry call later
ham,Rats. Hey did u ever vote for the next themes?,0,rats hey ever vote next themes
ham,1. Tension face 2. Smiling face 3. Waste face 4. Innocent face 5.Terror face 6.Cruel face 7.Romantic face 8.Lovable face 9.decent face  &lt;#&gt; .joker face.,0,tension face smiling face waste face innocent face terror face cruel face romantic face lovable face decent face lt gt joker face
ham,Please da call me any mistake from my side sorry da. Pls da goto doctor.,0,please da call mistake side sorry da pls da goto doctor
ham,i am going to bed now prin,0,going bed prin
ham,"The last thing i ever wanted to do was hurt you. And i didn't think it would have. You'd laugh, be embarassed, delete the tag and keep going. But as far as i knew, it wasn't even up. The fact that you even felt like i would do it to hurt you shows you really don't know me at all. It was messy wednesday, but it wasn't bad. The problem i have with it is you HAVE the time to clean it, but you choose not to. You skype, you take pictures, you sleep, you want to go out. I don't mind a few things here and there, but when you don't make the bed, when you throw laundry on top of it, when i can't have a friend in the house because i'm embarassed that there's underwear and bras strewn on the bed, pillows on the floor, that's something else. You used to be good about at least making the bed.",0,last thing ever wanted hurt think would laugh embarassed delete tag keep going far knew even fact even felt like would hurt shows really know messy wednesday bad problem time clean choose skype take pictures sleep want go mind things make bed throw laundry top friend house embarassed underwear bras strewn bed pillows floor something else used good least making bed
ham,"I guess that's why you re worried. You must know that there's a way the body repairs itself. And i'm quite sure you shouldn't worry. We'll take it slow. First the tests, they will guide when your ovulation is then just relax. Nothing you've said is a reason to worry but i.ll keep on followin you up.",0,guess worried must know way body repairs quite sure worry take slow first tests guide ovulation relax nothing said reason worry keep followin
ham,"We made it! Eta at taunton is 12:30 as planned, hope that‘s still okday?! Good to see you! :-xx",0,made eta taunton planned hope still okday good see xx
ham,Is toshiba portege m100 gd?,0,toshiba portege gd
ham,A bloo bloo bloo I'll miss the first bowl,0,bloo bloo bloo miss first bowl
ham,"No idea, I guess we'll work that out an hour after we're supposed to leave since as usual nobody has any interest in figuring shit out before the last second",0,idea guess work hour supposed leave since usual nobody interest figuring shit last second
ham,"No, I decided that only people who care about stuff vote and caring about stuff is for losers",0,decided people care stuff vote caring stuff losers
spam,okmail: Dear Dave this is your final notice to collect your 4* Tenerife Holiday or #5000 CASH award! Call 09061743806 from landline. TCs SAE Box326 CW25WX 150ppm,1,okmail dear dave final notice collect tenerife holiday cash award call landline tcs sae box cw wx ppm
ham,Pls go there today  &lt;#&gt; . I dont want any excuses,0,pls go today lt gt dont want excuses
ham,Wot u up 2? Thout u were gonna call me!! Txt bak luv K,0,wot thout gon na call txt bak luv
ham,Right it wasnt you who phoned it was someone with a number like yours!,0,right wasnt phoned someone number like
ham,I dont know oh. Hopefully this month.,0,dont know oh hopefully month
ham,"Erm... Woodland avenue somewhere. Do you get the parish magazine, his telephone number will be in there.",0,erm woodland avenue somewhere get parish magazine telephone number
ham,"Watching cartoon, listening music &amp; at eve had to go temple &amp; church.. What about u?",0,watching cartoon listening music amp eve go temple amp church
ham,"Like I made him throw up when we were smoking in our friend's car one time, it was awesome",0,like made throw smoking friend car one time awesome
ham,"I'm back, lemme know when you're ready",0,back lem know ready
spam,No. 1 Nokia Tone 4 ur mob every week! Just txt NOK to 87021. 1st Tone FREE ! so get txtin now and tell ur friends. 150p/tone. 16 reply HL 4info,1,nokia tone ur mob every week txt nok st tone free get txtin tell ur friends tone reply hl info
ham,HAPPY NEW YEAR MY NO.1 MAN,0,happy new year man
ham,WOT STUDENT DISCOUNT CAN U GET ON BOOKS?,0,wot student discount get books
ham,"The affidavit says  &lt;#&gt;  E Twiggs St, division g, courtroom  &lt;#&gt; , &lt;TIME&gt;  AM. I'll double check and text you again tomorrow",0,affidavit says lt gt twiggs st division courtroom lt gt lt time gt double check text tomorrow
ham,"The house is on the water with a dock, a boat rolled up with a newscaster who dabbles in jazz flute behind the wheel",0,house water dock boat rolled newscaster dabbles jazz flute behind wheel
ham,"Em, its olowoyey@ usc.edu have a great time in argentina. Not sad about secretary, everything is a blessing",0,em olowoyey usc edu great time argentina sad secretary everything blessing
ham,He is there. You call and meet him,0,call meet
ham,Oh... Okie lor...We go on sat... ,0,oh okie lor go sat
spam,"Urgent! Please call 0906346330. Your ABTA complimentary 4* Spanish Holiday or £10,000 cash await collection SAE T&Cs BOX 47 PO19 2EZ 150ppm 18+",1,urgent please call abta complimentary spanish holiday cash await collection sae cs box po ez ppm
ham,"I'm there and I can see you, but you can't see me ? Maybe you should reboot ym ? I seen the buzz",0,see see maybe reboot ym seen buzz
ham,Is she replying. Has boye changed his phone number,0,replying boye changed phone number
ham,I.ll hand her my phone to chat wit u,0,hand phone chat wit
ham,You do your studies alone without anyones help. If you cant no need to study.,0,studies alone without anyones help cant need study
spam,We tried to contact you re your reply to our offer of a Video Phone 750 anytime any network mins Half Price Line Rental Camcorder Reply or call 08000930705,1,tried contact reply offer video phone anytime network mins half price line rental camcorder reply call
ham,Oh thanks a lot..i already bought 2 eggs ..,0,oh thanks lot already bought eggs
ham,"Hi, wlcome back, did wonder if you got eaten by a lion or something, nothing much",0,hi wlcome back wonder got eaten lion something nothing much
ham,Thanks love. But am i doing torch or bold.,0,thanks love torch bold
spam,CALL 09090900040 & LISTEN TO EXTREME DIRTY LIVE CHAT GOING ON IN THE OFFICE RIGHT NOW TOTAL PRIVACY NO ONE KNOWS YOUR [sic] LISTENING 60P MIN 24/7MP 0870753331018+,1,call listen extreme dirty live chat going office right total privacy one knows sic listening min mp
ham,Whos this am in class:-),0,whos class
ham,No need for the drug anymore.,0,need drug anymore
ham,"Hi. Hope ur day * good! Back from walk, table booked for half eight. Let me know when ur coming over.",0,hi hope ur day good back walk table booked half eight let know ur coming
ham,Aiyah sorry lor... I watch tv watch until i forgot 2 check my phone.,0,aiyah sorry lor watch tv watch forgot check phone
ham,Huh y lei...,0,huh lei
ham,Good night. Am going to sleep.,0,good night going sleep
ham,"Vikky, come around  &lt;TIME&gt; ..",0,vikky come around lt time gt
ham,Okie,0,okie
spam,lyricalladie(21/F) is inviting you to be her friend. Reply YES-910 or NO-910. See her: www.SMS.ac/u/hmmross STOP? Send STOP FRND to 62468,1,lyricalladie inviting friend reply yes see www sms ac hmmross stop send stop frnd
ham,Your daily text from me – a favour this time,0,daily text favour time
ham,Wat makes some people dearer is not just de happiness dat u feel when u meet them but de pain u feel when u miss dem!!!,0,wat makes people dearer de happiness dat feel meet de pain feel miss dem
ham,Hi this is yijue... It's regarding the 3230 textbook it's intro to algorithms second edition... I'm selling it for $50...,0,hi yijue regarding textbook intro algorithms second edition selling
ham,Shall I bring us a bottle of wine to keep us amused? Only joking! I‘ll bring one anyway,0,shall bring us bottle wine keep us amused joking bring one anyway
spam,Panasonic & BluetoothHdset FREE. Nokia FREE. Motorola FREE & DoubleMins & DoubleTxt on Orange contract. Call MobileUpd8 on 08000839402 or call 2optout,1,panasonic bluetoothhdset free nokia free motorola free doublemins doubletxt orange contract call mobileupd call optout
ham,He dint tell anything. He is angry on me that why you told to abi.,0,dint tell anything angry told abi
ham,"Brainless Baby Doll..:-D;-), vehicle sariyag drive madoke barolla..",0,brainless baby doll vehicle sariyag drive madoke barolla
spam,"Hi, this is Mandy Sullivan calling from HOTMIX FM...you are chosen to receive £5000.00 in our Easter Prize draw.....Please telephone 09041940223 to claim before 29/03/05 or your prize will be transferred to someone else....",1,hi mandy sullivan calling hotmix fm chosen receive easter prize draw please telephone claim prize transferred someone else
ham,Gud ni8.swt drms.take care,0,gud ni swt drms take care
ham,Haf u eaten? Wat time u wan me 2 come?,0,haf eaten wat time wan come
ham,I wnt to buy a BMW car urgently..its vry urgent.but hv a shortage of  &lt;#&gt; Lacs.there is no source to arng dis amt. &lt;#&gt; lacs..thats my prob,0,wnt buy bmw car urgently vry urgent hv shortage lt gt lacs source arng dis amt lt gt lacs thats prob
ham,Idk. I'm sitting here in a stop and shop parking lot right now bawling my eyes out because i feel like i'm a failure in everything. Nobody wants me and now i feel like i'm failing you.,0,idk sitting stop shop parking lot right bawling eyes feel like failure everything nobody wants feel like failing
ham,Can you talk with me..,0,talk
spam,"SMSSERVICES. for yourinclusive text credits, pls goto www.comuk.net login= 3qxj9 unsubscribe with STOP, no extra charge. help 08702840625.COMUK. 220-CM2 9AE",1,smsservices yourinclusive text credits pls goto www comuk net login qxj unsubscribe stop extra charge help comuk cm ae
ham,"Yeah, probably earlier than that",0,yeah probably earlier
ham,Y?WHERE U AT DOGBREATH? ITS JUST SOUNDING LIKE JAN C THATS AL!!!!!!!!!,0,dogbreath sounding like jan al
ham,Ah you see. You have to be in the lingo. I will let you know wot on earth it is when has finished making it!,0,ah see lingo let know wot earth finished making
ham,"OH MR SHEFFIELD! You wanna play THAT game, okay. You're the boss and I'm the nanny. You give me a raise and I'll give YOU one!!",0,oh mr sheffield wan na play game okay boss nanny give raise give one
ham,Havent mus ask if u can 1st wat. Of meet 4 lunch den u n him meet can already lor. Or u wan 2 go ask da ge 1st then confirm w me asap?,0,havent mus ask st wat meet lunch den meet already lor wan go ask da ge st confirm asap
spam,U have a Secret Admirer who is looking 2 make contact with U-find out who they R*reveal who thinks UR so special-call on 09065171142-stopsms-08718727870150ppm,1,secret admirer looking make contact find reveal thinks ur special call stopsms ppm
ham,"I don't have anybody's number, I still haven't thought up a tactful way to ask alex",0,anybody number still thought tactful way ask alex
ham,Where is it. Is there any opening for mca.,0,opening mca
ham,K I'll take care of it,0,take care
ham,"Ah, well that confuses things, doesn‘t it?",0,ah well confuses things
ham,"K will do, addie &amp; I are doing some art so I'll be here when you get home",0,addie amp art get home
ham,"Nope, I'm still in the market",0,nope still market
ham,I'm coming back on Thursday. Yay. Is it gonna be ok to get the money. Cheers. Oh yeah and how are you. Everything alright. Hows school. Or do you call it work now,0,coming back thursday yay gon na ok get money cheers oh yeah everything alright hows school call work
ham,I wanted to ask ü to wait 4 me to finish lect. Cos my lect finishes in an hour anyway.,0,wanted ask wait finish lect cos lect finishes hour anyway
ham,Nothing but we jus tot u would ask cos u ba gua... But we went mt faber yest... Yest jus went out already mah so today not going out... Jus call lor...,0,nothing jus tot would ask cos ba gua went mt faber yest yest jus went already mah today going jus call lor
ham,Ya very nice. . .be ready on thursday,0,ya nice ready thursday
ham,"Yo, you at jp and hungry like a mofo?",0,yo jp hungry like mofo
ham,No dear i do have free messages without any recharge. Hi hi hi,0,dear free messages without recharge hi hi hi
ham,I'm already back home so no probably not,0,already back home probably
ham,Buy one egg for me da..please:),0,buy one egg da please
ham,Ok no prob,0,ok prob
ham,Yeah my usual guy's out of town but there're definitely people around I know,0,yeah usual guy town definitely people around know
ham,No pic. Please re-send.,0,pic please send
ham,Okay same with me. Well thanks for the clarification,0,okay well thanks clarification
ham,Love you aathi..love u lot..,0,love aathi love lot
ham,As per your request 'Maangalyam (Alaipayuthe)' has been set as your callertune for all Callers. Press *9 to copy your friends Callertune,0,per request maangalyam alaipayuthe set callertune callers press copy friends callertune
ham,If i not meeting ü all rite then i'll go home lor. If ü dun feel like comin it's ok.,0,meeting rite go home lor dun feel like comin ok
ham,Also maaaan are you missing out,0,also maaaan missing
ham,Hows the pain dear?y r u smiling?,0,hows pain dear smiling
ham,Shall call now dear having food,0,shall call dear food
ham,I'm reading the text i just sent you. Its meant to be a joke. So read it in that light,0,reading text sent meant joke read light
ham,"Can meh? Thgt some will clash... Really ah, i dun mind... I dun seen to have lost any weight... Gee...",0,meh thgt clash really ah dun mind dun seen lost weight gee
ham,Ok going to sleep. Hope i can meet her.,0,ok going sleep hope meet
ham,Yay! You better not have told that to 5 other girls either.,0,yay better told girls either
ham,"hey, looks like I was wrong and one of the kappa guys numbers is still on my phone, if you want I can text him and see if he's around",0,hey looks like wrong one kappa guys numbers still phone want text see around
ham,About  &lt;#&gt; bucks. The banks fees are fixed. Better to call the bank and find out.,0,lt gt bucks banks fees fixed better call bank find
ham,Uncle boye. I need movies oh. Guide me. Plus you know torrents are not particularly legal here. And the system is slowing down. What should i do. Have a gr8 day. Plus have you started cos i dont meet you online. How was the honey moon.,0,uncle boye need movies oh guide plus know torrents particularly legal system slowing gr day plus started cos dont meet online honey moon
ham,.Please charge my mobile when you get up in morning.,0,please charge mobile get morning
ham,Sorry i missed your call. Can you please call back.,0,sorry missed call please call back
ham,"Good afternoon, my love ! Any job prospects ? Are you missing me ? What do you do ? Are you being lazy and bleak, hmmm ? Or happy and filled with my love ?",0,good afternoon love job prospects missing lazy bleak hmmm happy filled love
ham,I'm at bruce &amp; fowler now but I'm in my mom's car so I can't park (long story),0,bruce amp fowler mom car park long story
ham,Aft i finish my lunch then i go str down lor. Ard 3 smth lor. U finish ur lunch already?,0,aft finish lunch go str lor ard smth lor finish ur lunch already
ham,I am going to film 2day da. At 6pm. Sorry da.,0,going film day da pm sorry da
ham,"see you then, we're all christmassy here!",0,see christmassy
ham,"I'm in solihull, | do you want anything?",0,solihull want anything
ham,Y dun cut too short leh. U dun like ah? She failed. She's quite sad.,0,dun cut short leh dun like ah failed quite sad
ham,K do I need a login or anything,0,need login anything
ham,"My sister in law, hope you are having a great month. Just saying hey. Abiola",0,sister law hope great month saying hey abiola
spam,5p 4 alfie Moon's Children in need song on ur mob. Tell ur m8s. Txt Tone charity to 8007 for Nokias or Poly charity for polys: zed 08701417012 profit 2 charity.,1,alfie moon children need song ur mob tell ur txt tone charity nokias poly charity polys zed profit charity
ham,If u sending her home first it's ok lor. I'm not ready yet.,0,sending home first ok lor ready yet
ham,Ü takin linear algebra today?,0,takin linear algebra today
ham,"Can you tell Shola to please go to college of medicine and visit the academic department, tell the academic secretary what the current situation is and ask if she can transfer there. She should ask someone to check Sagamu for the same thing and lautech. Its vital she completes her medical education in Nigeria. Its less expensive much less expensive. Unless she will be getting citizen rates in new zealand.",0,tell shola please go college medicine visit academic department tell academic secretary current situation ask transfer ask someone check sagamu thing lautech vital completes medical education nigeria less expensive much less expensive unless getting citizen rates new zealand
spam,(Bank of Granite issues Strong-Buy) EXPLOSIVE PICK FOR OUR MEMBERS *****UP OVER 300% *********** Nasdaq Symbol CDGT That is a $5.00 per..,1,bank granite issues strong buy explosive pick members nasdaq symbol cdgt per
ham,Otherwise had part time job na-tuition..,0,otherwise part time job na tuition
ham,"Best line said in Love: . ""I will wait till the day I can forget u Or The day u realize that u cannot forget me.""... Gn",0,best line said love wait till day forget day realize forget gn
ham,How are you doing? Hope you've settled in for the new school year. Just wishin you a gr8 day,0,hope settled new school year wishin gr day
ham,He says hi and to get your ass back to south tampa (preferably at a kegger),0,says hi get ass back south tampa preferably kegger
ham,Yes its possible but dint try. Pls dont tell to any one k,0,yes possible dint try pls dont tell one
ham,No. I meant the calculation is the same. That  &lt;#&gt; units at  &lt;#&gt; . This school is really expensive. Have you started practicing your accent. Because its important. And have you decided if you are doing 4years of dental school or if you'll just do the nmde exam.,0,meant calculation lt gt units lt gt school really expensive started practicing accent important decided years dental school nmde exam
ham,I probably won't eat at all today. I think I'm gonna pop. How was your weekend? Did u miss me?,0,probably eat today think gon na pop weekend miss
ham,"I'm gonna be home soon and i don't want to talk about this stuff anymore tonight, k? I've cried enough today.",0,gon na home soon want talk stuff anymore tonight cried enough today
ham,"I guess you could be as good an excuse as any, lol.",0,guess could good excuse lol
spam,4mths half price Orange line rental & latest camera phones 4 FREE. Had your phone 11mths ? Call MobilesDirect free on 08000938767 to update now! or2stoptxt,1,mths half price orange line rental latest camera phones free phone mths call mobilesdirect free update stoptxt
spam,"URGENT! Your mobile No 07xxxxxxxxx won a £2,000 bonus caller prize on 02/06/03! this is the 2nd attempt to reach YOU! call 09066362231 ASAP! BOX97N7QP, 150PPM",1,urgent mobile xxxxxxxxx bonus caller prize nd attempt reach call asap box qp ppm
ham,Thats cool! Sometimes slow and gentle. Sonetimes rough and hard :),0,thats cool sometimes slow gentle sonetimes rough hard
ham,Oh ho. Is this the first time u use these type of words,0,oh ho first time use type words
ham,Actually i deleted my old website..now i m blogging at magicalsongs.blogspot.com,0,actually deleted old website blogging magicalsongs blogspot com
spam,"TheMob>Hit the link to get a premium Pink Panther game, the new no. 1 from Sugababes, a crazy Zebra animation or a badass Hoody wallpaper-all 4 FREE!",1,themob hit link get premium pink panther game new sugababes crazy zebra animation badass hoody wallpaper free
ham,"It's fine, imma get a drink or somethin. Want me to come find you?",0,fine imma get drink somethin want come find
ham,Beauty sleep can help ur pimples too.,0,beauty sleep help ur pimples
spam,Had your mobile 11mths ? Update for FREE to Oranges latest colour camera mobiles & unlimited weekend calls. Call Mobile Upd8 on freefone 08000839402 or 2StopTx,1,mobile mths update free oranges latest colour camera mobiles unlimited weekend calls call mobile upd freefone stoptx
ham,hope things went well at 'doctors' ;) reminds me i still need 2go.did u c d little thing i left in the lounge?,0,hope things went well doctors reminds still need go little thing left lounge
spam,YES! The only place in town to meet exciting adult singles is now in the UK. Txt CHAT to 86688 now! 150p/Msg.,1,yes place town meet exciting adult singles uk txt chat msg
ham,Yeah I can still give you a ride,0,yeah still give ride
ham,Tomarrow i want to got to court. At  &lt;DECIMAL&gt; . So you come to bus stand at 9.,0,tomarrow want got court lt decimal gt come bus stand
ham,"K, can I pick up another 8th when you're done?",0,pick another th done
ham,Hmmm.still we dont have opener?,0,hmmm still dont opener
ham,Change windows logoff sound..,0,change windows logoff sound
ham,Are you ok. What happen to behave like this,0,ok happen behave like
ham,"its cool but tyler had to take off so we're gonna buy for him and drop it off at his place later tonight. Our total order is a quarter, you got enough?",0,cool tyler take gon na buy drop place later tonight total order quarter got enough
ham,Thanks for sending this mental ability question..,0,thanks sending mental ability question
ham,"I can't keep going through this. It was never my intention to run you out, but if you choose to do that rather than keep the room clean so *I* don't have to say no to visitors, then maybe that's the best choice. Yes, I wanted you to be embarassed, so maybe you'd feel for once how I feel when i have a friend who wants to drop buy and i have to say no, as happened this morning. I've tried everything. I don't know what else to do.",0,keep going never intention run choose rather keep room clean say visitors maybe best choice yes wanted embarassed maybe feel feel friend wants drop buy say happened morning tried everything know else
ham,I am on the way to tirupur.,0,way tirupur
ham,"Just so that you know,yetunde hasn't sent money yet. I just sent her a text not to bother sending. So its over, you dont have to involve yourself in anything. I shouldn't have imposed anything on you in the first place so for that, i apologise.",0,know yetunde sent money yet sent text bother sending dont involve anything imposed anything first place apologise
ham,Y she dun believe leh? I tot i told her it's true already. I thk she muz c us tog then she believe.,0,dun believe leh tot told true already thk muz us tog believe
ham,I will cme i want to go to hos 2morow. After that i wil cme. This what i got from her dear what to do. She didnt say any time,0,cme want go hos morow wil cme got dear didnt say time
ham,Pls pls find out from aunt nike.,0,pls pls find aunt nike
spam,Block Breaker now comes in deluxe format with new features and great graphics from T-Mobile. Buy for just £5 by replying GET BBDELUXE and take the challenge,1,block breaker comes deluxe format new features great graphics mobile buy replying get bbdeluxe take challenge
ham,"(No promises on when though, haven't even gotten dinner yet)",0,promises though even gotten dinner yet
ham,Also remember to get dobby's bowl from your car,0,also remember get dobby bowl car
ham,Sorry i'm not free...,0,sorry free
ham,WHITE FUDGE OREOS ARE IN STORES,0,white fudge oreos stores
ham,Go chase after her and run her over while she's crossing the street,0,go chase run crossing street
ham,I don wake since. I checked that stuff and saw that its true no available spaces. Pls call the embassy or send a mail to them.,0,wake since checked stuff saw true available spaces pls call embassy send mail
ham,"Fuck babe ... I miss you already, you know ? Can't you let me send you some money towards your net ? I need you ... I want you ... I crave you ...",0,fuck babe miss already know let send money towards net need want crave
spam,URGENT We are trying to contact you Last weekends draw shows u have won a £1000 prize GUARANTEED Call 09064017295 Claim code K52 Valid 12hrs 150p pm,1,urgent trying contact last weekends draw shows prize guaranteed call claim code valid hrs pm
ham,I dont thnk its a wrong calling between us,0,dont thnk wrong calling us
ham,Ok im not sure what time i finish tomorrow but i wanna spend the evening with you cos that would be vewy vewy lubly! Love me xxx,0,ok im sure time finish tomorrow wan na spend evening cos would vewy vewy lubly love xxx
ham,WHO ARE YOU SEEING?,0,seeing
ham,U can call now...,0,call
spam,"Hi babe its Chloe, how r u? I was smashed on saturday night, it was great! How was your weekend? U been missing me? SP visionsms.com Text stop to stop 150p/text",1,hi babe chloe smashed saturday night great weekend missing sp visionsms com text stop stop text
ham,I thk ü gotta go home by urself. Cos i'll b going out shopping 4 my frens present. ,0,thk got ta go home urself cos going shopping frens present
ham,Aight sorry I take ten years to shower. What's the plan?,0,aight sorry take ten years shower plan
ham,"Sorry im getting up now, feel really bad- totally rejected that kinda me thing.",0,sorry im getting feel really bad totally rejected kinda thing
ham,Lol I know! They're so dramatic. Schools already closed for tomorrow. Apparently we can't drive in the inch of snow were supposed to get.,0,lol know dramatic schools already closed tomorrow apparently drive inch snow supposed get
ham,DO U WANT 2 MEET UP 2MORRO,0,want meet morro
ham,&lt;#&gt;  w jetton ave if you forgot,0,lt gt jetton ave forgot
ham,U coming 2 pick me?,0,coming pick
ham,A lot of this sickness thing going round. Take it easy. Hope u feel better soon. Lol,0,lot sickness thing going round take easy hope feel better soon lol
ham,Si si. I think ill go make those oreo truffles.,0,si si think ill go make oreo truffles
ham,But we havent got da topic yet rite?,0,havent got da topic yet rite
ham,cool. We will have fun practicing making babies!,0,cool fun practicing making babies
ham,I agree. So i can stop thinkin about ipad. Can you please ask macho the same question.,0,agree stop thinkin ipad please ask macho question
ham,Er yep sure. Props?,0,er yep sure props
ham,I'm doing da intro covers energy trends n pros n cons... Brief description of nuclear fusion n oso brief history of iter n jet got abt 7 n half pages..,0,da intro covers energy trends pros cons brief description nuclear fusion oso brief history iter jet got abt half pages
ham,Be sure to check your yahoo email. We sent photos yesterday,0,sure check yahoo email sent photos yesterday
ham,Just sleeping..and surfing,0,sleeping surfing
ham,Yes:)from last week itself i'm taking live call.,0,yes last week taking live call
ham,I.ll give her once i have it. Plus she said grinule greet you whenever we speak,0,give plus said grinule greet whenever speak
ham,Ok. Me watching tv too.,0,ok watching tv
ham,So what u doing today?,0,today
ham,Thank you princess! I want to see your nice juicy booty...,0,thank princess want see nice juicy booty
ham,Pls help me tell Ashley that i cant find her number oh,0,pls help tell ashley cant find number oh
ham,I hope you know I'm still mad at you.,0,hope know still mad
ham,"Y cant u try new invention to fly..i'm not joking.,",0,cant try new invention fly joking
ham,"Cool breeze... Bright sun... Fresh flower... Twittering birds... All these waiting to wish u: ""GOODMORNING &amp; HAVE A NICE DAY"" :)",0,cool breeze bright sun fresh flower twittering birds waiting wish goodmorning amp nice day
ham,Good night my dear.. Sleepwell&amp;Take care,0,good night dear sleepwell amp take care
ham,You unbelievable faglord,0,unbelievable faglord
spam,"5 Free Top Polyphonic Tones call 087018728737, National Rate. Get a toppoly tune sent every week, just text SUBPOLY to 81618, £3 per pole. UnSub 08718727870.",1,free top polyphonic tones call national rate get toppoly tune sent every week text subpoly per pole unsub
ham,Check wid corect speling i.e. Sarcasm,0,check wid corect speling sarcasm
ham,"My friend, she's studying at warwick, we've planned to go shopping and to concert tmw, but it may be canceled, havn't seen  for ages, yeah we should get together sometime!",0,friend studying warwick planned go shopping concert tmw may canceled havn seen ages yeah get together sometime
ham,That is wondarfull song,0,wondarfull song
ham,Are you plans with your family set in stone ?,0,plans family set stone
ham,Message:some text missing* Sender:Name Missing* *Number Missing *Sent:Date missing *Missing U a lot thats y everything is missing sent via fullonsms.com,0,message text missing sender name missing number missing sent date missing missing lot thats everything missing sent via fullonsms com
ham,"Wow ... I love you sooo much, you know ? I can barely stand it ! I wonder how your day goes and if you are well, my love ... I think of you and miss you",0,wow love sooo much know barely stand wonder day goes well love think miss
ham,Well I might not come then...,0,well might come
ham,Morning only i can ok.,0,morning ok
ham,I know she called me,0,know called
ham,Then ur sis how?,0,ur sis
ham,"I think your mentor is , but not 100 percent sure.",0,think mentor percent sure
ham,I said its okay. Sorry,0,said okay sorry
spam,Sunshine Quiz! Win a super Sony DVD recorder if you canname the capital of Australia? Text MQUIZ to 82277. B,1,sunshine quiz win super sony dvd recorder canname capital australia text mquiz
ham,Sent me ur email id soon,0,sent ur email id soon
ham,Am I the only one who doesn't stalk profiles?,0,one stalk profiles
ham,My stomach has been thru so much trauma I swear I just can't eat. I better lose weight.,0,stomach thru much trauma swear eat better lose weight
ham,"I wasn't well babe, i have swollen glands at my throat ... What did you end up doing ?",0,well babe swollen glands throat end
ham,hows my favourite person today? r u workin hard? couldn't sleep again last nite nearly rang u at 4.30,0,hows favourite person today workin hard sleep last nite nearly rang
ham,No da. . Vijay going to talk in jaya tv,0,da vijay going talk jaya tv
ham,Well she's in for a big surprise!,0,well big surprise
ham,is your hamster dead? Hey so tmr i meet you at 1pm orchard mrt? ,0,hamster dead hey tmr meet pm orchard mrt
spam,RGENT! This is the 2nd attempt to contact U!U have WON £1250 CALL 09071512433 b4 050703 T&CsBCM4235WC1N3XX. callcost 150ppm mobilesvary. max£7. 50,1,rgent nd attempt contact call csbcm wc xx callcost ppm mobilesvary max
ham,"They said if its gonna snow, it will start around 8 or 9 pm tonite! They are predicting an inch of accumulation.",0,said gon na snow start around pm tonite predicting inch accumulation
ham,Was the farm open?,0,farm open
ham,Ok lor. I'm in town now lei.,0,ok lor town lei
spam,Your 2004 account for 07XXXXXXXXX shows 786 unredeemed points. To claim call 08719181259 Identifier code: XXXXX Expires 26.03.05,1,account xxxxxxxxx shows unredeemed points claim call identifier code xxxxx expires
ham,Good morning princess! Happy New Year!,0,good morning princess happy new year
ham,Huh? 6 also cannot? Then only how many mistakes?,0,huh also many mistakes
ham,How much u trying to get?,0,much trying get
ham,Hi mom we might be back later than  &lt;#&gt; ,0,hi mom might back later lt gt
ham,I calls you later. Afternoon onwords mtnl service get problem in south mumbai. I can hear you but you cann't listen me.,0,calls later afternoon onwords mtnl service get problem south mumbai hear cann listen
ham,I surely dont forgot to come:)i will always be in touch in with you:-),0,surely dont forgot come always touch
ham,Not sure I have the stomach for it ...,0,sure stomach
ham,Yup i thk so until e shop closes lor.,0,yup thk shop closes lor
spam,U’ve Bin Awarded £50 to Play 4 Instant Cash. Call 08715203028 To Claim. EVERY 9th Player Wins Min £50-£500. OptOut 08718727870,1,bin awarded play instant cash call claim every th player wins min optout
ham,You didnt complete your gist oh.,0,didnt complete gist oh
spam,Guess what! Somebody you know secretly fancies you! Wanna find out who it is? Give us a call on 09065394973 from Landline DATEBox1282EssexCM61XN 150p/min 18,1,guess somebody know secretly fancies wan na find give us call landline datebox essexcm xn min
ham,My sister cleared two round in birla soft yesterday.,0,sister cleared two round birla soft yesterday
ham,Hi di is yijue we're meeting at 7 pm at esaplanade tonight.,0,hi di yijue meeting pm esaplanade tonight
ham,Then why you came to hostel.,0,came hostel
ham,Just hopeing that wasn‘t too pissed up to remember and has gone off to his sisters or something!,0,hopeing pissed remember gone sisters something
ham,No de. But call me after some time. Ill tell you k,0,de call time ill tell
ham,Hiya. How was last night? I've been naughty and bought myself clothes and very little ... Ready for more shopping tho! What kind of time do you wanna meet?,0,hiya last night naughty bought clothes little ready shopping tho kind time wan na meet
spam,PRIVATE! Your 2004 Account Statement for 07742676969 shows 786 unredeemed Bonus Points. To claim call 08719180248 Identifier Code: 45239 Expires,1,private account statement shows unredeemed bonus points claim call identifier code expires
ham,I am getting threats from your sales executive Shifad as i raised complaint against him. Its an official message.,0,getting threats sales executive shifad raised complaint official message
spam,"SMS. ac sun0819 posts HELLO:""You seem cool, wanted to say hi. HI!!!"" Stop? Send STOP to 62468",1,sms ac sun posts hello seem cool wanted say hi hi stop send stop
ham,"Hi hope u get this txt~journey hasnt been gd,now about 50 mins late I think.",0,hi hope get txt journey hasnt gd mins late think
ham,"Oh, then your phone phoned me but it disconnected",0,oh phone phoned disconnected
ham,Hey morning what you come to ask:-) pa...,0,hey morning come ask pa
ham,What i told before i tell. Stupid hear after i wont tell anything to you. You dad called to my brother and spoken. Not with me.,0,told tell stupid hear wont tell anything dad called brother spoken
spam,"This is the 2nd time we have tried to contact u. U have won the £400 prize. 2 claim is easy, just call 087104711148 NOW! Only 10p per minute. BT-national-rate",1,nd time tried contact prize claim easy call per minute bt national rate
ham,I accidentally deleted the message. Resend please.,0,accidentally deleted message resend please
ham,Think you sent the text to the home phone. That cant display texts. If you still want to send it his number is,0,think sent text home phone cant display texts still want send number
ham,U horrible gal... U knew dat i was going out wif him yest n u still come n ask me...,0,horrible gal knew dat going wif yest still come ask
spam,sports fans - get the latest sports news str* 2 ur mobile 1 wk FREE PLUS a FREE TONE Txt SPORT ON to 8007 www.getzed.co.uk 0870141701216+ norm 4txt/120p ,1,sports fans get latest sports news str ur mobile wk free plus free tone txt sport www getzed co uk norm txt
ham,I was slept that time.you there?,0,slept time
ham,Dude got a haircut. Now its breezy up there,0,dude got haircut breezy
spam,Want the latest Video handset? 750 anytime any network mins? Half price line rental? Reply or call 08000930705 for delivery tomorrow,1,want latest video handset anytime network mins half price line rental reply call delivery tomorrow
ham,R ü comin back for dinner?,0,comin back dinner
ham,"I hope your alright babe? I worry that you might have felt a bit desparate when you learned the job was a fake ? I am here waiting when you come back, my love",0,hope alright babe worry might felt bit desparate learned job fake waiting come back love
ham,Cuz ibored. And don wanna study,0,cuz ibored wan na study
ham,Hello! How's you and how did saturday go? I was just texting to see if you'd decided to do anything tomo. Not that i'm trying to invite myself or anything!,0,hello saturday go texting see decided anything tomo trying invite anything
ham,"that would be good … I'll phone you tomo lunchtime, shall I, to organise something?",0,would good phone tomo lunchtime shall organise something
ham,The world's most happiest frnds never have the same characters... Dey just have the best understanding of their differences...,0,world happiest frnds never characters dey best understanding differences
spam,"URGENT! You have won a 1 week FREE membership in our £100,000 Prize Jackpot! Txt the word: CLAIM to No: 81010 T&C www.dbuk.net LCCLTD POBOX 4403LDNW1A7RW18",1,urgent week free membership prize jackpot txt word claim www dbuk net lccltd pobox ldnw rw
spam,"For your chance to WIN a FREE Bluetooth Headset then simply reply back with ""ADP""",1,chance win free bluetooth headset simply reply back adp
ham,"Cool, we shall go and see, have to go to tip anyway. Are you at home, got something to drop in later? So lets go to town tonight! Maybe mum can take us in.",0,cool shall go see go tip anyway home got something drop later lets go town tonight maybe mum take us
ham,Friendship poem: Dear O Dear U R Not Near But I Can Hear Dont Get Fear Live With Cheer No More Tear U R Always my Dear. Gud ni8,0,friendship poem dear dear near hear dont get fear live cheer tear always dear gud ni
ham,Dunno lei... I thk mum lazy to go out... I neva ask her yet...,0,dunno lei thk mum lazy go neva ask yet
ham,So how are you really. What are you up to. How's the masters. And so on.,0,really masters
ham,Otherwise had part time job na-tuition..,0,otherwise part time job na tuition
spam,Urgent Please call 09066612661 from landline. £5000 cash or a luxury 4* Canary Islands Holiday await collection. T&Cs SAE award. 20M12AQ. 150ppm. 16+ “,1,urgent please call landline cash luxury canary islands holiday await collection cs sae award aq ppm
spam,"This is the 2nd time we have tried 2 contact u. U have won the 750 Pound prize. 2 claim is easy, call 08718726970 NOW! Only 10p per min. BT-national-rate ",1,nd time tried contact pound prize claim easy call per min bt national rate
ham,Wat so late still early mah. Or we juz go 4 dinner lor. Aiya i dunno...,0,wat late still early mah juz go dinner lor aiya dunno
ham,Oh that was a forwarded message. I thought you send that to me,0,oh forwarded message thought send
ham,"Sorry, I'll call later",0,sorry call later
ham,Noice. Text me when you're here,0,noice text
spam,No 1 POLYPHONIC tone 4 ur mob every week! Just txt PT2 to 87575. 1st Tone FREE ! so get txtin now and tell ur friends. 150p/tone. 16 reply HL 4info,1,polyphonic tone ur mob every week txt pt st tone free get txtin tell ur friends tone reply hl info
ham,Yes.mum lookin strong:),0,yes mum lookin strong
ham,Ok but tell me half an hr b4 u come i need 2 prepare.,0,ok tell half hr come need prepare
ham,U know we watchin at lido?,0,know watchin lido
spam,Hope you enjoyed your new content. text stop to 61610 to unsubscribe. help:08712400602450p Provided by tones2you.co.uk,1,hope enjoyed new content text stop unsubscribe help provided tones co uk
ham,I'm on the bus. Love you,0,bus love
ham,Howz that persons story,0,howz persons story
ham,I am back. Good journey! Let me know if you need any of the receipts. Shall i tell you like the pendent?,0,back good journey let know need receipts shall tell like pendent
ham,Thank you baby! I cant wait to taste the real thing...,0,thank baby cant wait taste real thing
ham,I'm really not up to it still tonight babe,0,really still tonight babe
ham,Oh really?? Did you make it on air? What's your talent?,0,oh really make air talent
ham,He's an adult and would learn from the experience. There's no real danger. I just dont like peeps using drugs they dont need. But no comment,0,adult would learn experience real danger dont like peeps using drugs dont need comment
ham,Me n him so funny...,0,funny
ham,No da:)he is stupid da..always sending like this:)don believe any of those message.pandy is a mental:),0,da stupid da always sending like believe message pandy mental
ham,Babe ? I lost you ... :-(,0,babe lost
ham,CHEERS U TEX MECAUSE U WEREBORED! YEAH OKDEN HUNNY R UIN WK SAT?SOUNDS LIKEYOUR HAVIN GR8FUN J! KEEP UPDAT COUNTINLOTS OF LOVEME XXXXX.,0,cheers tex mecause werebored yeah okden hunny uin wk sat sound likeyour havin gr fun keep updat countinlots loveme xxxxx
ham,Wat would u like 4 ur birthday?,0,wat would like ur birthday
spam,Urgent! Please call 09061213237 from a landline. £5000 cash or a 4* holiday await collection. T &Cs SAE PO Box 177 M227XY. 16+,1,urgent please call landline cash holiday await collection cs sae po box xy
ham,hi baby im cruisin with my girl friend what r u up 2? give me a call in and hour at home if thats alright or fone me on this fone now love jenny xxx,0,hi baby im cruisin girl friend give call hour home thats alright fone fone love jenny xxx
ham,Still at west coast... Haiz... Ü'll take forever to come back...,0,still west coast haiz take forever come back
ham,So that takes away some money worries,0,takes away money worries
ham,Do u noe how 2 send files between 2 computers?,0,noe send files computers
ham,Have you heard about that job? I'm going to that wildlife talk again tonight if u want2come. Its that2worzels and a wizzle or whatever it is?! ,0,heard job going wildlife talk tonight want come worzels wizzle whatever
ham,That's y u haf 2 keep me busy...,0,haf keep busy
ham,"Geeee ... I miss you already, you know ? Your all I can think about. Fuck, I can't wait till next year when we will be together ... *loving kiss*",0,geeee miss already know think fuck wait till next year together loving kiss
ham,Dont gimme that lip caveboy,0,dont gim lip caveboy
ham,Thanks a lot for your wishes on my birthday. Thanks you for making my birthday truly memorable.,0,thanks lot wishes birthday thanks making birthday truly memorable
spam,URGENT This is our 2nd attempt to contact U. Your £900 prize from YESTERDAY is still awaiting collection. To claim CALL NOW 09061702893,1,urgent nd attempt contact prize yesterday still awaiting collection claim call
ham,Tmr then ü brin lar... Aiya later i come n c lar... Mayb ü neva set properly ü got da help sheet wif ü...,0,tmr brin lar aiya later come lar mayb neva set properly got da help sheet wif
ham,I have lost 10 kilos as of today!,0,lost kilos today
spam,FREE>Ringtone! Reply REAL or POLY eg REAL1 1. PushButton 2. DontCha 3. BabyGoodbye 4. GoldDigger 5. WeBeBurnin 1st tone FREE and 6 more when u join for £3/wk,1,free ringtone reply real poly eg real pushbutton dontcha babygoodbye golddigger webeburnin st tone free join wk
ham,Yes we are chatting too.,0,yes chatting
ham,"Garbage bags, eggs, jam, bread, hannaford wheat chex",0,garbage bags eggs jam bread hannaford wheat chex
ham,I (Career Tel) have added u as a contact on INDYAROCKS.COM to send FREE SMS. To remove from phonebook - sms NO to  &lt;#&gt;,0,career tel added contact indyarocks com send free sms remove phonebook sms lt gt
spam,Loans for any purpose even if you have Bad Credit! Tenants Welcome. Call NoWorriesLoans.com on 08717111821,1,loans purpose even bad credit tenants welcome call noworriesloans com
ham,"Nt only for driving even for many reasons she is called BBD..thts it chikku, then hw abt dvg cold..heard tht vinobanagar violence hw is the condition..and hw ru ? Any problem?",0,nt driving even many reasons called bbd thts chikku hw abt dvg cold heard tht vinobanagar violence hw condition hw ru problem
ham,Wat uniform? In where get?,0,wat uniform get
ham,Actually getting ready to leave the house.,0,actually getting ready leave house
spam,"YOUR CHANCE TO BE ON A REALITY FANTASY SHOW call now = 08707509020 Just 20p per min NTT Ltd, PO Box 1327 Croydon CR9 5WB 0870 is a national = rate call.",1,chance reality fantasy show call per min ntt ltd po box croydon cr wb national rate call
ham,I am on the way to ur home,0,way ur home
ham,Hey are we going for the lo lesson or gym? ,0,hey going lo lesson gym
ham,LOL ... No just was busy,0,lol busy
ham,"Sorry, I'll call later",0,sorry call later
ham,"Yetunde, i'm sorry but moji and i seem too busy to be able to go shopping. Can you just please find some other way to get what you wanted us to get. Please forgive me. You can reply free via yahoo messenger.",0,yetunde sorry moji seem busy able go shopping please find way get wanted us get please forgive reply free via yahoo messenger
ham,How much i gave to you. Morning.,0,much gave morning
ham,How? Izzit still raining?,0,izzit still raining
ham,Wat makes some people dearer is not just de happiness dat u feel when u meet them but de pain u feel when u miss dem!!!,0,wat makes people dearer de happiness dat feel meet de pain feel miss dem
ham,Nothing spl..wat abt u and whr ru?,0,nothing spl wat abt whr ru
ham,Surely result will offer:),0,surely result offer
ham,Olol i printed out a forum post by a guy with the exact same  prob which was fixed with a gpu replacement. Hopefully they dont ignore that.,0,olol printed forum post guy exact prob fixed gpu replacement hopefully dont ignore
spam,"U've been selected to stay in 1 of 250 top British hotels - FOR NOTHING! Holiday valued at £350! Dial 08712300220 to claim - National Rate Call. Bx526, SW73SS",1,selected stay top british hotels nothing holiday valued dial claim national rate call bx sw ss
ham,"Haha awesome, be there in a minute",0,haha awesome minute
ham,IM GONNA MISS U SO MUCH,0,im gon na miss much
ham,Hows that watch resizing,0,hows watch resizing
ham,Can help u swoop by picking u up from wherever ur other birds r meeting if u want.,0,help swoop picking wherever ur birds meeting want
ham,Oh:)as usual vijay film or its different?,0,oh usual vijay film different
ham,Once free call me sir. I am waiting for you.,0,free call sir waiting
spam,Sunshine Quiz Wkly Q! Win a top Sony DVD player if u know which country Liverpool played in mid week? Txt ansr to 82277. £1.50 SP:Tyrone,1,sunshine quiz wkly win top sony dvd player know country liverpool played mid week txt ansr sp tyrone
ham,Can i get your opinion on something first?,0,get opinion something first
ham,"Aight, I'll ask a few of my roommates",0,aight ask roommates
spam,Bloomberg -Message center +447797706009 Why wait? Apply for your future http://careers. bloomberg.com,1,bloomberg message center wait apply future http careers bloomberg com
ham,Ü got wat to buy tell us then ü no need to come in again.,0,got wat buy tell us need come
ham,"Hey. What happened? U switch off ur cell d whole day. This isnt good. Now if u do care, give me a call tomorrow.",0,hey happened switch ur cell whole day isnt good care give call tomorrow
ham,Dear good morning now only i am up,0,dear good morning
spam,"Loan for any purpose £500 - £75,000. Homeowners + Tenants welcome. Have you been previously refused? We can still help. Call Free 0800 1956669 or text back 'help'",1,loan purpose homeowners tenants welcome previously refused still help call free text back help
ham,Many times we lose our best ones bcoz we are ,0,many times lose best ones bcoz
ham,I ain't answerin no phone at what is actually a pretty reasonable hour but I'm sleepy,0,answerin phone actually pretty reasonable hour sleepy
spam,We tried to contact you re your reply to our offer of 750 mins 150 textand a new video phone call 08002988890 now or reply for free delivery tomorrow,1,tried contact reply offer mins textand new video phone call reply free delivery tomorrow
ham,So i could kiss and feel you next to me...,0,could kiss feel next
ham,Gudnite....tc...practice going on,0,gudnite tc practice going
ham,"You aren't coming home between class, right? I need to work out and shower!",0,coming home class right need work shower
ham,"Goodmorning, today i am late for 2hrs. Because of back pain.",0,goodmorning today late hrs back pain
ham,Love it! Daddy will make you scream with pleasure! I am going to slap your ass with my dick!,0,love daddy make scream pleasure going slap ass dick
ham,"Yup. Anything lor, if u dun wan it's ok...",0,yup anything lor dun wan ok
spam,HMV BONUS SPECIAL 500 pounds of genuine HMV vouchers to be won. Just answer 4 easy questions. Play Now! Send HMV to 86688 More info:www.100percent-real.com,1,hmv bonus special pounds genuine hmv vouchers answer easy questions play send hmv info www percent real com
ham,K:)k.are you in college?,0,college
ham,Are you available for soiree on June 3rd?,0,available soiree june rd
ham,Oic... Then better quickly go bathe n settle down...,0,oic better quickly go bathe settle
ham,You know what hook up means right?,0,know hook means right
ham,U really pig leh sleep so much. My dad wake me up at 10 smth 2 eat lunch today.,0,really pig leh sleep much dad wake smth eat lunch today
spam,UR awarded a City Break and could WIN a £200 Summer Shopping spree every WK. Txt STORE to 88039.SkilGme.TsCs087147403231Winawk!Age16+£1.50perWKsub,1,ur awarded city break could win summer shopping spree every wk txt store skilgme tscs winawk age perwksub
ham,"A boy was late 2 home. His father: ""POWER OF FRNDSHIP""",0,boy late home father power frndship
ham,Please don't text me anymore. I have nothing else to say.,0,please text anymore nothing else say
ham,Except theres a chick with huge boobs.,0,except theres chick huge boobs
ham,"My life Means a lot to me, Not because I love my life, But because I love the people in my life, The world calls them friends, I call them my World:-).. Ge:-)..",0,life means lot love life love people life world calls friends call world ge
ham,Ok.,0,ok
ham,I'm good. Have you registered to vote?,0,good registered vote
ham,K:)eng rocking in ashes:),0,eng rocking ashes
ham,Ü go home liao? Ask dad to pick me up at 6...,0,go home liao ask dad pick
ham,If I get there before you after your ten billion calls and texts so help me god,0,get ten billion calls texts help god
spam,GENT! We are trying to contact you. Last weekends draw shows that you won a £1000 prize GUARANTEED. Call 09064012160. Claim Code K52. Valid 12hrs only. 150ppm ,1,gent trying contact last weekends draw shows prize guaranteed call claim code valid hrs ppm
ham,"Wait, do you know if wesleys in town? I bet she does hella drugs!",0,wait know wesleys town bet hella drugs
ham,I am great! How are you?,0,great
ham,"And stop wondering ""wow is she ever going to stop tm'ing me ?!"" because I will tm you whenever I want because you are MINE ... *laughs*",0,stop wondering wow ever going stop tm ing tm whenever want mine laughs
ham,She's fine. Good to hear from you. How are you my dear? Happy new year oh.,0,fine good hear dear happy new year oh
spam,"Hi there, 2nights ur lucky night! Uve been invited 2 XCHAT, the Uks wildest chat! Txt CHAT to 86688 now! 150p/MsgrcvdHG/Suite342/2Lands/Row/W1J6HL LDN 18yrs",1,hi nights ur lucky night uve invited xchat uks wildest chat txt chat msgrcvdhg suite lands row hl ldn yrs
ham,i am seeking a lady in the street and a freak in the sheets. Is that you?,0,seeking lady street freak sheets
spam,U have a Secret Admirer who is looking 2 make contact with U-find out who they R*reveal who thinks UR so special-call on 09065171142-stopsms-08,1,secret admirer looking make contact find reveal thinks ur special call stopsms
ham,"Yeah that's what I thought, lemme know if anything's goin on later",0,yeah thought lem know anything goin later
ham,My house here e sky quite dark liao... If raining then got excuse not 2 run already rite... Hee...,0,house sky quite dark liao raining got excuse run already rite hee
ham,Where are you ? What do you do ? How can you stand to be away from me ? Doesn't your heart ache without me ? Don't you wonder of me ? Don't you crave me ?,0,stand away heart ache without wonder crave
ham,"G says you never answer your texts, confirm/deny",0,says never answer texts confirm deny
ham,How dare you change my ring,0,dare change ring
ham,S:)8 min to go for lunch:),0,min go lunch
ham,"(And my man carlos is definitely coming by mu tonight, no excuses)",0,man carlos definitely coming mu tonight excuses
ham,Already one guy loving you:-.,0,already one guy loving
ham,I was just callin to say hi. Take care bruv!,0,callin say hi take care bruv
ham,"Just got some gas money, any chance you and the gang want to go on a grand nature adventure?",0,got gas money chance gang want go grand nature adventure
ham,Wat time r ü going to xin's hostel?,0,wat time going xin hostel
spam,Babe: U want me dont u baby! Im nasty and have a thing 4 filthyguys. Fancy a rude time with a sexy bitch. How about we go slo n hard! Txt XXX SLO(4msgs),1,babe want dont baby im nasty thing filthyguys fancy rude time sexy bitch go slo hard txt xxx slo msgs
ham,"Wishing you and your family Merry ""X"" mas and HAPPY NEW Year in advance..",0,wishing family merry mas happy new year advance
spam,Tone Club: Your subs has now expired 2 re-sub reply MONOC 4 monos or POLYC 4 polys 1 weekly @ 150p per week Txt STOP 2 stop This msg free Stream 0871212025016,1,tone club subs expired sub reply monoc monos polyc polys weekly per week txt stop stop msg free stream
ham,Wat makes some people dearer is not just de happiness dat u feel when u meet them but de pain u feel when u miss dem!!!,0,wat makes people dearer de happiness dat feel meet de pain feel miss dem
ham,"Sorry, I can't help you on this.",0,sorry help
ham,Tired. I haven't slept well the past few nights.,0,tired slept well past nights
ham,What happened in interview?,0,happened interview
ham,Omg if its not one thing its another. My cat has worms :/ when does this bad day end?,0,omg one thing another cat worms bad day end
ham,"My fri ah... Okie lor,goin 4 my drivin den go shoppin after tt...",0,fri ah okie lor goin drivin den go shoppin tt
spam,FREE entry into our £250 weekly comp just send the word WIN to 80086 NOW. 18 T&C www.txttowin.co.uk,1,free entry weekly comp send word win www txttowin co uk
spam,Get a brand new mobile phone by being an agent of The Mob! Plus loads more goodies! For more info just text MAT to 87021.,1,get brand new mobile phone agent mob plus loads goodies info text mat
spam,PRIVATE! Your 2003 Account Statement for shows 800 un-redeemed S. I. M. points. Call 08718738002 Identifier Code: 48922 Expires 21/11/04,1,private account statement shows un redeemed points call identifier code expires
ham,Sorry. || mail? || ,0,sorry mail
ham,The length is e same but e top shorter n i got a fringe now. I thk i'm not going liao. Too lazy. Dun wan 2 distract u also.,0,length top shorter got fringe thk going liao lazy dun wan distract also
ham,Yup n her fren lor. I'm meeting my fren at 730.,0,yup fren lor meeting fren
ham,Lul im gettin some juicy gossip at the hospital. Two nurses are talking about how fat they are gettin. And one thinks shes obese. Oyea.,0,lul im gettin juicy gossip hospital two nurses talking fat gettin one thinks shes obese oyea
ham,"Plz note: if anyone calling from a mobile Co. &amp; asks u to type # &lt;#&gt;  or # &lt;#&gt; . Do not do so. Disconnect the call,coz it iz an attempt of 'terrorist' to make use of the sim card no. Itz confirmd by nokia n motorola n has been verified by CNN IBN.",0,plz note anyone calling mobile co amp asks type lt gt lt gt disconnect call coz iz attempt terrorist make use sim card itz confirmd nokia motorola verified cnn ibn
spam,"U can WIN £100 of Music Gift Vouchers every week starting NOW Txt the word DRAW to 87066 TsCs www.ldew.com SkillGame,1Winaweek, age16.150ppermessSubscription",1,win music gift vouchers every week starting txt word draw tscs www ldew com skillgame winaweek age ppermesssubscription
ham,Hey u still at the gym?,0,hey still gym
ham,So when you gonna get rimac access ,0,gon na get rimac access
ham,So u gonna get deus ex?,0,gon na get deus ex
ham,"Dude u knw also telugu..thts gud..k, gud nyt..",0,dude knw also telugu thts gud gud nyt
ham,No. But we'll do medical missions to nigeria,0,medical missions nigeria
spam,FreeMsg:Feelin kinda lnly hope u like 2 keep me company! Jst got a cam moby wanna c my pic?Txt or reply DATE to 82242 Msg150p 2rcv Hlp 08712317606 stop to 82242,1,freemsg feelin kinda lnly hope like keep company jst got cam moby wan na pic txt reply date msg rcv hlp stop
ham,Aiyar hard 2 type. U later free then tell me then i call n scold n tell u.,0,aiyar hard type later free tell call scold tell
ham,Then u go back urself lor...,0,go back urself lor
spam,Get a FREE mobile video player FREE movie. To collect text GO to 89105. Its free! Extra films can be ordered t's and c's apply. 18 yrs only,1,get free mobile video player free movie collect text go free extra films ordered apply yrs
ham,Am on the uworld site. Am i buying the qbank only or am i buying it with the self assessment also?,0,uworld site buying qbank buying self assessment also
ham,What's nannys address?,0,nannys address
ham,"Go until jurong point, crazy.. Available only in bugis n great world la e buffet... Cine there got amore wat...",0,go jurong point crazy available bugis great world la buffet cine got amore wat
ham,Get ready for  &lt;#&gt;  inches of pleasure...,0,get ready lt gt inches pleasure
ham,I emailed yifeng my part oredi.. Can ü get it fr him..,0,emailed yifeng part oredi get fr
ham,Can ü send me a copy of da report?,0,send copy da report
ham,Darren was saying dat if u meeting da ge den we dun meet 4 dinner. Cos later u leave xy will feel awkward. Den u meet him 4 lunch lor.,0,darren saying dat meeting da ge den dun meet dinner cos later leave xy feel awkward den meet lunch lor
ham,We got a divorce. Lol. She.s here,0,got divorce lol
spam,Do you want a New Nokia 3510i Colour Phone Delivered Tomorrow? With 200 FREE minutes to any mobile + 100 FREE text + FREE camcorder Reply or Call 08000930705,1,want new nokia colour phone delivered tomorrow free minutes mobile free text free camcorder reply call
ham,"That day ü say ü cut ur hair at paragon, is it called hair sense? Do ü noe how much is a hair cut? ",0,day say cut ur hair paragon called hair sense noe much hair cut
ham,That is wondar full flim.,0,wondar full flim
ham,Come aftr  &lt;DECIMAL&gt; ..now i m cleaning the house,0,come aftr lt decimal gt cleaning house
ham,Hi good mornin.. Thanku wish u d same..,0,hi good mornin thanku wish
ham,Lol they don't know about my awesome phone. I could click delete right now if I want.,0,lol know awesome phone could click delete right want
ham,Reverse is cheating. That is not mathematics.,0,reverse cheating mathematics
spam,83039 62735=£450 UK Break AccommodationVouchers terms & conditions apply. 2 claim you mustprovide your claim number which is 15541 ,1,uk break accommodationvouchers terms conditions apply claim mustprovide claim number
ham,"Also sir, i sent you an email about how to log into the usc payment portal. I.ll send you another message that should explain how things are back home. Have a great weekend.",0,also sir sent email log usc payment portal send another message explain things back home great weekend
ham,I sent lanre fakeye's Eckankar details to the mail box,0,sent lanre fakeye eckankar details mail box
ham,i can call in  &lt;#&gt;  min if thats ok,0,call lt gt min thats ok
ham,Pls speak with me. I wont ask anything other then you friendship.,0,pls speak wont ask anything friendship
spam,Dear U've been invited to XCHAT. This is our final attempt to contact u! Txt CHAT to 86688,1,dear invited xchat final attempt contact txt chat
ham,No..its ful of song lyrics..,0,ful song lyrics
ham,Carlos says he'll be at mu in  &lt;#&gt;  minutes,0,carlos says mu lt gt minutes
ham,"Hi this is yijue, can i meet u at 11 tmr?",0,hi yijue meet tmr
ham,Are you staying in town ?,0,staying town
ham,Oh god..taken the teeth?is it paining,0,oh god taken teeth paining
ham,"Its ok., i just askd did u knw tht no?",0,ok askd knw tht
ham,Reverse is cheating. That is not mathematics.,0,reverse cheating mathematics
ham,Your gonna be the death if me. I'm gonna leave a note that says its all robs fault. Avenge me.,0,gon na death gon na leave note says robs fault avenge
ham,Eatin my lunch...,0,eatin lunch
ham,Honey boo I'm missing u.,0,honey boo missing
ham,I just saw ron burgundy captaining a party boat so yeah,0,saw ron burgundy captaining party boat yeah
ham,"Aight, see you in a bit",0,aight see bit
ham,"Nah, I'm a perpetual DD",0,nah perpetual dd
ham,"Sir, I need AXIS BANK account no and bank address.",0,sir need axis bank account bank address
ham,Easy ah?sen got selected means its good..,0,easy ah sen got selected means good
ham,Should I have picked up a receipt or something earlier,0,picked receipt something earlier
ham,In life when you face choices Just toss a coin not becoz its settle the question But while the coin in the air U will know what your heart is hoping for. Gudni8,0,life face choices toss coin becoz settle question coin air know heart hoping gudni
ham,Ü still got lessons?  Ü in sch?,0,still got lessons sch
spam,"Hey Boys. Want hot XXX pics sent direct 2 ur phone? Txt PORN to 69855, 24Hrs free and then just 50p per day. To stop text STOPBCM SF WC1N3XX",1,hey boys want hot xxx pics sent direct ur phone txt porn hrs free per day stop text stopbcm sf wc xx
ham,"Damn, poor zac doesn't stand a chance",0,damn poor zac stand chance
spam,"HOT LIVE FANTASIES call now 08707509020 Just 20p per min NTT Ltd, PO Box 1327 Croydon CR9 5WB 0870 is a national rate call",1,hot live fantasies call per min ntt ltd po box croydon cr wb national rate call
spam,07732584351 - Rodger Burns - MSG = We tried to call you re your reply to our sms for a free nokia mobile + free camcorder. Please call now 08000930705 for delivery tomorrow,1,rodger burns msg tried call reply sms free nokia mobile free camcorder please call delivery tomorrow
ham,Lmao!nice 1,0,lmao nice
ham,Sian... Aft meeting supervisor got work 2 do liao... U working now?,0,sian aft meeting supervisor got work liao working
ham,Now? I'm going out 4 dinner soon..,0,going dinner soon
ham,Never blame a day in ur life. Good days give u happiness. Bad days give u experience. Both are essential in life! All are Gods blessings! good morning.:,0,never blame day ur life good days give happiness bad days give experience essential life gods blessings good morning
ham,"The world is running and i am still.maybe all are feeling the same,so be it.or i have to admit,i am mad.then where is the correction?or let me call this is life.and keep running with the world,may be u r also running.lets run.",0,world running still maybe feeling admit mad correction let call life keep running world may also running lets run
ham,"Sir, i am waiting for your call, once free please call me.",0,sir waiting call free please call
ham,Went to ganesh dress shop,0,went ganesh dress shop
ham,I was about to do it when i texted. I finished a long time ago and showered and er'ything!,0,texted finished long time ago showered er ything
ham,An excellent thought by a misundrstud frnd: I knw u hate me bt the day wen u'll knw the truth u'll hate urself:-( Gn:-),0,excellent thought misundrstud frnd knw hate bt day wen knw truth hate urself gn
spam,"LookAtMe!: Thanks for your purchase of a video clip from LookAtMe!, you've been charged 35p. Think you can do better? Why not send a video in a MMSto 32323.",1,lookatme thanks purchase video clip lookatme charged think better send video mmsto
ham,Mine here like all fr china then so noisy.,0,mine like fr china noisy
ham,Leaving to qatar tonite in search of an opportunity.all went fast.pls add me in ur prayers dear.Rakhesh,0,leaving qatar tonite search opportunity went fast pls add ur prayers dear rakhesh
spam,Do you want a new Video handset? 750 any time any network mins? UNLIMITED TEXT? Camcorder? Reply or Call now 08000930705 for del Sat AM,1,want new video handset time network mins unlimited text camcorder reply call del sat
ham,My sister got placed in birla soft da:-),0,sister got placed birla soft da
ham,twenty past five he said will this train have been to durham already or not coz i am in a reserved seat,0,twenty past five said train durham already coz reserved seat
ham,Should i buy him a blackberry bold 2 or torch. Should i buy him new or used. Let me know. Plus are you saying i should buy the  &lt;#&gt; g wifi ipad. And what are you saying about the about the  &lt;#&gt; g?,0,buy blackberry bold torch buy new used let know plus saying buy lt gt wifi ipad saying lt gt
ham,I wish u were here. I feel so alone,0,wish feel alone
ham,"I keep seeing weird shit and bein all ""woah"" then realising it's actually reasonable and I'm all ""oh""",0,keep seeing weird shit bein woah realising actually reasonable oh
ham,"Yun ah.the ubi one say if ü wan call by tomorrow.call 67441233 look for irene.ere only got bus8,22,65,61,66,382. Ubi cres,ubi tech park.6ph for 1st 5wkg days.èn",0,yun ah ubi one say wan call tomorrow call look irene ere got bus ubi cres ubi tech park ph st wkg days
spam,"Customer service announcement. We recently tried to make a delivery to you but were unable to do so, please call 07099833605 to re-schedule. Ref:9280114",1,customer service announcement recently tried make delivery unable please call schedule ref
ham,Pls go ahead with watts. I just wanted to be sure. Do have a great weekend. Abiola,0,pls go ahead watts wanted sure great weekend abiola
ham,Dont hesitate. You know this is the second time she has had weakness like that. So keep i notebook of what she eat and did the day before or if anything changed the day before so that we can be sure its nothing,0,dont hesitate know second time weakness like keep notebook eat day anything changed day sure nothing
ham,First answer my question.,0,first answer question
ham,Ok,0,ok
ham,"Say this slowly.? GOD,I LOVE YOU &amp; I NEED YOU,CLEAN MY HEART WITH YOUR BLOOD.Send this to Ten special people &amp; u c miracle tomorrow, do it,pls,pls do it...",0,say slowly god love amp need clean heart blood send ten special people amp miracle tomorrow pls pls
ham,Pls ask macho how much is budget for bb bold 2 is cos i saw a new one for  &lt;#&gt;  dollars.,0,pls ask macho much budget bb bold cos saw new one lt gt dollars
ham,"House-Maid is the murderer, coz the man was murdered on  &lt;#&gt; th January.. As public holiday all govt.instituitions are closed,including post office..understand?",0,house maid murderer coz man murdered lt gt th january public holiday govt instituitions closed including post office understand
ham,I know girls always safe and selfish know i got it pa. Thank you. good night.,0,know girls always safe selfish know got pa thank good night
spam,You have WON a guaranteed £1000 cash or a £2000 prize. To claim yr prize call our customer service representative on 08714712394 between 10am-7pm,1,guaranteed cash prize claim yr prize call customer service representative pm
ham,Jus finish my lunch on my way home lor... I tot u dun wan 2 stay in sch today...,0,jus finish lunch way home lor tot dun wan stay sch today
ham,Ranjith cal drpd Deeraj and deepak 5min hold,0,ranjith cal drpd deeraj deepak min hold
ham,I want to send something that can sell fast.  &lt;#&gt; k is not easy money.,0,want send something sell fast lt gt easy money
ham,Lol ok your forgiven :),0,lol ok forgiven
spam,EASTENDERS TV Quiz. What FLOWER does DOT compare herself to? D= VIOLET E= TULIP F= LILY txt D E or F to 84025 NOW 4 chance 2 WIN £100 Cash WKENT/150P16+,1,eastenders tv quiz flower dot compare violet tulip lily txt chance win cash wkent
spam,"URGENT, IMPORTANT INFORMATION FOR O2 USER. TODAY IS YOUR LUCKY DAY! 2 FIND OUT WHY LOG ONTO HTTP://WWW.URAWINNER.COM THERE IS A FANTASTIC SURPRISE AWAITING FOR YOU",1,urgent important information user today lucky day find log onto http www urawinner com fantastic surprise awaiting
ham,Well good morning mr . Hows london treatin' ya treacle?,0,well good morning mr hows london treatin ya treacle
ham,"Im in inperialmusic listening2the weirdest track ever byleafcutter john-sounds like insects being molested&someone plumbing,remixed by evil men on acid!",0,im inperialmusic listening weirdest track ever leafcutter john sounds like insects molested someone plumbing remixed evil men acid
ham,"Sorry, I'll call later",0,sorry call later
spam,"Want to funk up ur fone with a weekly new tone reply TONES2U 2 this text. www.ringtones.co.uk, the original n best. Tones 3GBP network operator rates apply",1,want funk ur fone weekly new tone reply tones text www ringtones co uk original best tones gbp network operator rates apply
ham,Do I? I thought I put it back in the box,0,thought put back box
spam,"Update_Now - Xmas Offer! Latest Motorola, SonyEricsson & Nokia & FREE Bluetooth! Double Mins & 1000 Txt on Orange. Call MobileUpd8 on 08000839402 or call2optout/F4Q=",1,update xmas offer latest motorola sonyericsson nokia free bluetooth double mins txt orange call mobileupd call optout
ham,It only does simple arithmetic not percentages.,0,simple arithmetic percentages
ham,"K, can that happen tonight?",0,happen tonight
ham,Well I wasn't available as I washob nobbing with last night so they had to ask Nickey Platt instead of me!;,0,well available washob nobbing last night ask nickey platt instead
ham,I want kfc its Tuesday. Only buy 2 meals ONLY 2. No gravy. Only 2 Mark. 2!,0,want kfc tuesday buy meals gravy mark
spam,I am hot n horny and willing I live local to you - text a reply to hear strt back from me 150p per msg Netcollex LtdHelpDesk: 02085076972 reply Stop to end,1,hot horny willing live local text reply hear strt back per msg netcollex ltdhelpdesk reply stop end
ham,You have registered Sinco as Payee. Log in at icicibank.com and enter URN  &lt;#&gt;  to confirm. Beware of frauds. Do NOT share or disclose URN to anyone.,0,registered sinco payee log icicibank com enter urn lt gt confirm beware frauds share disclose urn anyone
ham,Ugh fuck it I'm resubbing to eve,0,ugh fuck resubbing eve
ham,"Sorry, I'll call later",0,sorry call later
ham,"Do you know why god created gap between your fingers..? So that, One who is made for you comes &amp; fills those gaps by holding your hand with LOVE..!",0,know god created gap fingers one made comes amp fills gaps holding hand love
ham,"I thought i'd get him a watch, just cos thats the kind of thing u get4an18th. And he loves so much!",0,thought get watch cos thats kind thing get th loves much
ham,"Sorry,in meeting I'll call later",0,sorry meeting call later
ham,Finish already... Yar they keep saying i mushy... I so embarrassed ok...,0,finish already yar keep saying mushy embarrassed ok
ham,says the  &lt;#&gt;  year old with a man and money. I'm down to my last  &lt;#&gt; . Still waiting for that check.,0,says lt gt year old man money last lt gt still waiting check
spam,Text PASS to 69669 to collect your polyphonic ringtones. Normal gprs charges apply only. Enjoy your tones,1,text pass collect polyphonic ringtones normal gprs charges apply enjoy tones
ham,Sorry da:)i was thought of calling you lot of times:)lil busy.i will call you at noon..,0,sorry da thought calling lot times lil busy call noon
ham,Horrible u eat macs eat until u forgot abt me already rite... U take so long 2 reply. I thk it's more toot than b4 so b prepared. Now wat shall i eat?,0,horrible eat macs eat forgot abt already rite take long reply thk toot prepared wat shall eat
ham,Did u got that persons story,0,got persons story
ham,Got smaller capacity one? Quite ex...,0,got smaller capacity one quite ex
ham,O shore are you takin the bus,0,shore takin bus
ham,Ha ha cool cool chikku chikku:-):-DB-),0,ha ha cool cool chikku chikku db
ham,I wonder if you'll get this text?,0,wonder get text
spam,Your next amazing xxx PICSFREE1 video will be sent to you enjoy! If one vid is not enough for 2day text back the keyword PICSFREE1 to get the next video.,1,next amazing xxx picsfree video sent enjoy one vid enough day text back keyword picsfree get next video
ham,It so happens that there r 2waxsto do wat you want. She can come and ill get her medical insurance. And she'll be able to deliver and have basic care. I'm currently shopping for the right medical insurance for her. So just give me til friday morning. Thats when i.ll see the major person that can guide me to the right insurance.,0,happens waxsto wat want come ill get medical insurance able deliver basic care currently shopping right medical insurance give til friday morning thats see major person guide right insurance
ham,Dear good morning how you feeling dear,0,dear good morning feeling dear
ham,"Honey, can you pls find out how much they sell Predicte in Nigeria. And how many times can it be used. Its very important to have a reply before monday",0,honey pls find much sell predicte nigeria many times used important reply monday
ham,"Sir Goodmorning, Once free call me.",0,sir goodmorning free call
ham,Is avatar supposed to have subtoitles,0,avatar supposed subtoitles
ham,"Will do, you gonna be at blake's all night? I might be able to get out of here a little early",0,gon na blake night might able get little early
ham,Ok but knackered. Just came home and went to sleep! Not good at this full time work lark.,0,ok knackered came home went sleep good full time work lark
ham,"Hey , is * rite u put »10 evey mnth is that all?",0,hey rite put evey mnth
ham,You still at the game?,0,still game
ham,O we cant see if we can join denis and mina? Or does denis want alone time,0,cant see join denis mina denis want alone time
ham,Not yet had..ya sapna aunty manege y'day hogidhe..chinnu full weak and swalpa black agidhane..,0,yet ya sapna aunty manege day hogidhe chinnu full weak swalpa black agidhane
ham,somewhere out there beneath the pale moon light someone think in of u some where out there where dreams come true... goodnite &amp; sweet dreams,0,somewhere beneath pale moon light someone think dreams come true goodnite amp sweet dreams
spam,Fancy a shag? I do.Interested? sextextuk.com txt XXUK SUZY to 69876. Txts cost 1.50 per msg. TnCs on website. X,1,fancy shag interested sextextuk com txt xxuk suzy txts cost per msg tncs website
ham,"As usual..iam fine, happy &amp; doing well..:)",0,usual iam fine happy amp well
ham,I'm home. Ard wat time will u reach?,0,home ard wat time reach
ham,No need lar. Jus testing e phone card. Dunno network not gd i thk. Me waiting 4 my sis 2 finish bathing so i can bathe. Dun disturb u liao u cleaning ur room.,0,need lar jus testing phone card dunno network gd thk waiting sis finish bathing bathe dun disturb liao cleaning ur room
ham,"Sir, hope your day is going smoothly. i really hoped i wont have to bother you about this. I have some bills that i can't settle this month. I am out of all extra cash. I know this is a challenging time for you also but i have to let you know.",0,sir hope day going smoothly really hoped wont bother bills settle month extra cash know challenging time also let know
ham,Nothing. Can...,0,nothing
ham,Hey! do u fancy meetin me at 4 at cha  hav a lil beverage on me. if not txt or ring me and we can meet up l8r. quite tired got in at 3 v.pist ;) love Pete x x x,0,hey fancy meetin cha hav lil beverage txt ring meet quite tired got pist love pete
ham,Midnight at the earliest,0,midnight earliest
spam,"Congrats 2 mobile 3G Videophones R yours. call 09063458130 now! videochat wid ur mates, play java games, Dload polypH music, noline rentl. bx420. ip4. 5we. 150p",1,congrats mobile videophones call videochat wid ur mates play java games dload polyph music noline rentl bx ip
ham,Okie ü wan meet at bishan? Cos me at bishan now. I'm not driving today.,0,okie wan meet bishan cos bishan driving today
spam,"For ur chance to win a £250 wkly shopping spree TXT: SHOP to 80878. T's&C's www.txt-2-shop.com custcare 08715705022, 1x150p/wk",1,ur chance win wkly shopping spree txt shop www txt shop com custcare wk
spam,URGENT! Your Mobile number has been awarded with a £2000 prize GUARANTEED. Call 09061790126 from land line. Claim 3030. Valid 12hrs only 150ppm,1,urgent mobile number awarded prize guaranteed call land line claim valid hrs ppm
spam,Jamster! To get your free wallpaper text HEART to 88888 now! T&C apply. 16 only. Need Help? Call 08701213186.,1,jamster get free wallpaper text heart apply need help call
ham,Wylie update: my weed dealer carlos went to freedom and had a class with lunsford,0,wylie update weed dealer carlos went freedom class lunsford
ham,"Dont search love, let love find U. Thats why its called falling in love, bcoz U dont force yourself, U just fall and U know there is smeone to hold U... BSLVYL",0,dont search love let love find thats called falling love bcoz dont force fall know smeone hold bslvyl
ham,No chikku nt yet.. Ya i'm free,0,chikku nt yet ya free
ham,"Good afternoon, my love. It was good to see your words on YM and get your tm. Very smart move, my slave ... *smiles* ... I drink my coffee and await you.",0,good afternoon love good see words ym get tm smart move slave smiles drink coffee await
ham,"alright, I'll make sure the car is back tonight",0,alright make sure car back tonight
ham,I cant pick the phone right now. Pls send a message,0,cant pick phone right pls send message
ham,I know I'm lacking on most of this particular dramastorm's details but for the most part I'm not worried about that,0,know lacking particular dramastorm details part worried
ham,"Mah b, I'll pick it up tomorrow",0,mah pick tomorrow
ham,Guess who spent all last night phasing in and out of the fourth dimension,0,guess spent last night phasing fourth dimension
ham,"I get out of class in bsn in like  &lt;#&gt;  minutes, you know where advising is?",0,get class bsn like lt gt minutes know advising
ham,Ok i've sent u da latest version of da project.,0,ok sent da latest version da project
ham,Yes. It's all innocent fun. O:-),0,yes innocent fun
ham,"Aight yo, dats straight dogg",0,aight yo dats straight dogg
ham,I wont get concentration dear you know you are my mind and everything :-),0,wont get concentration dear know mind everything
ham,I know! Grumpy old people. My mom was like you better not be lying. Then again I am always the one to play jokes...,0,know grumpy old people mom like better lying always one play jokes
spam,"Orange brings you ringtones from all time Chart Heroes, with a free hit each week! Go to Ringtones & Pics on wap. To stop receiving these tips reply STOP.",1,orange brings ringtones time chart heroes free hit week go ringtones pics wap stop receiving tips reply stop
ham,Alex knows a guy who sells mids but he's down in south tampa and I don't think I could set it up before like 8,0,alex knows guy sells mids south tampa think could set like
ham,Ü dun wan to watch infernal affair?,0,dun wan watch infernal affair
ham,"sorry brah, just finished the last of my exams, what up",0,sorry brah finished last exams
ham,Yup but not studying surfing lor. I'm in e lazy mode today.,0,yup studying surfing lor lazy mode today
spam,Dear Voucher holder Have your next meal on us. Use the following link on your pc 2 enjoy a 2 4 1 dining experiencehttp://www.vouch4me.com/etlp/dining.asp,1,dear voucher holder next meal us use following link pc enjoy dining experiencehttp www vouch com etlp dining asp
ham,So the sun is anti sleep medicine.,0,sun anti sleep medicine
ham,"We have sent JD for Customer Service cum Accounts Executive to ur mail id, For details contact us",0,sent jd customer service cum accounts executive ur mail id details contact us
ham,Yeah I imagine he would be really gentle. Unlike the other docs who treat their patients like turkeys.,0,yeah imagine would really gentle unlike docs treat patients like turkeys
ham,Ryder unsold.now gibbs.,0,ryder unsold gibbs
ham,We don call like  &lt;#&gt;  times oh. No give us hypertension oh.,0,call like lt gt times oh give us hypertension oh
ham,Lol ... I really need to remember to eat when I'm drinking but I do appreciate you keeping me company that night babe *smiles*,0,lol really need remember eat drinking appreciate keeping company night babe smiles
ham,"Si.como no?!listened2the plaid album-quite gd&the new air1 which is hilarious-also boughtbraindancea comp.ofstuff on aphexs ;abel,u hav2hear it!c u sn xxxx",0,si como listened plaid album quite gd new air hilarious also bought braindance comp ofstuff aphex abel hav hear sn xxxx
ham,They did't play one day last year know even though they have very good team.. Like india.,0,play one day last year know even though good team like india
ham,I thought slide is enough.,0,thought slide enough
ham,"Hello, my love! How goes that day ? I wish your well and fine babe and hope that you find some job prospects. I miss you, boytoy ... *a teasing kiss*",0,hello love goes day wish well fine babe hope find job prospects miss boytoy teasing kiss
ham,"Sorry, it's a lot of friend-of-a-friend stuff, I'm just now about to talk to the actual guy who wants to buy",0,sorry lot friend friend stuff talk actual guy wants buy
ham,Dont let studying stress you out. L8r.,0,dont let studying stress
ham,7 lor... Change 2 suntec... Wat time u coming?,0,lor change suntec wat time coming
spam,"You have been specially selected to receive a ""3000 award! Call 08712402050 BEFORE the lines close. Cost 10ppm. 16+. T&Cs apply. AG Promo",1,specially selected receive award call lines close cost ppm cs apply ag promo
spam,Free Top ringtone -sub to weekly ringtone-get 1st week free-send SUBPOLY to 81618-?3 per week-stop sms-08718727870,1,free top ringtone sub weekly ringtone get st week free send subpoly per week stop sms
ham,"K, fyi I'm back in my parents' place in south tampa so I might need to do the deal somewhere else",0,fyi back parents place south tampa might need deal somewhere else
ham,Sorry da thangam.it's my mistake.,0,sorry da thangam mistake
ham,The bus leaves at  &lt;#&gt; ,0,bus leaves lt gt
ham,He's in lag. That's just the sad part but we keep in touch thanks to skype,0,lag sad part keep touch thanks skype
spam,Had your mobile 11mths ? Update for FREE to Oranges latest colour camera mobiles & unlimited weekend calls. Call Mobile Upd8 on freefone 08000839402 or 2StopTxt,1,mobile mths update free oranges latest colour camera mobiles unlimited weekend calls call mobile upd freefone stoptxt
ham,"Sorry, I'll call later",0,sorry call later
ham,Have a nice day my dear.,0,nice day dear
spam,FREE for 1st week! No1 Nokia tone 4 ur mobile every week just txt NOKIA to 8077 Get txting and tell ur mates. www.getzed.co.uk POBox 36504 W45WQ 16+ norm150p/tone,1,free st week nokia tone ur mobile every week txt nokia get txting tell ur mates www getzed co uk pobox wq norm tone
ham,Ok enjoy . R u there in home.,0,ok enjoy home
ham,HIYA COMIN 2 BRISTOL 1 ST WEEK IN APRIL. LES GOT OFF + RUDI ON NEW YRS EVE BUT I WAS SNORING.THEY WERE DRUNK! U BAK AT COLLEGE YET? MY WORK SENDS INK 2 BATH.,0,hiya comin bristol st week april les got rudi new yrs eve snoring drunk bak college yet work sends ink bath
ham,Unless it's a situation where YOU GO GURL would be more appropriate,0,unless situation go gurl would appropriate
ham,I reach home safe n sound liao...,0,reach home safe sound liao
ham,Ok set let u noe e details later...,0,ok set let noe details later
ham,U free on sat rite? U wan 2 watch infernal affairs wif me n darren n mayb xy?,0,free sat rite wan watch infernal affairs wif darren mayb xy
ham,Really do hope the work doesnt get stressful. Have a gr8 day.,0,really hope work doesnt get stressful gr day
spam,"our mobile number has won £5000, to claim calls us back or ring the claims hot line on 09050005321.",1,mobile number claim calls us back ring claims hot line
ham,haha but no money leh... Later got to go for tuition... Haha and looking for empty slots for driving lessons,0,haha money leh later got go tuition haha looking empty slots driving lessons
spam,Call Germany for only 1 pence per minute! Call from a fixed line via access number 0844 861 85 85. No prepayment. Direct access! www.telediscount.co.uk,1,call germany pence per minute call fixed line via access number prepayment direct access www telediscount co uk
ham,So i'm doing a list of buyers.,0,list buyers
ham,Okay lor... Wah... like that def they wont let us go... Haha... What did they say in the terms and conditions?,0,okay lor wah like def wont let us go haha say terms conditions
ham,ELLO BABE U OK?,0,ello babe ok
ham,Mmm thats better now i got a roast down me! id b better if i had a few drinks down me 2! Good indian?,0,mmm thats better got roast better drinks good indian
ham,"V-aluable. A-ffectionate. L-oveable. E-ternal. N-oble. T-ruthful. I-ntimate. N-atural. E-namous. Happy ""VALENTINES DAY"" in advance",0,aluable ffectionate oveable ternal oble ruthful ntimate atural namous happy valentines day advance
spam,"URGENT! Your Mobile No 07808726822 was awarded a £2,000 Bonus Caller Prize on 02/09/03! This is our 2nd attempt to contact YOU! Call 0871-872-9758 BOX95QU",1,urgent mobile awarded bonus caller prize nd attempt contact call box qu
ham,Bugis oso near wat... ,0,bugis oso near wat
ham,Okay... We wait ah,0,okay wait ah
ham,Yes just finished watching days of our lives. I love it.,0,yes finished watching days lives love
ham,"Camera quite good, 10.1mega pixels, 3optical and 5digital dooms. Have a lovely holiday, be safe and i hope you hav a good journey! Happy new year to you both! See you in a couple of weeks! ",0,camera quite good mega pixels optical digital dooms lovely holiday safe hope hav good journey happy new year see couple weeks
ham,Got it! It looks scrumptious... daddy wants to eat you all night long!,0,got looks scrumptious daddy wants eat night long
ham,Hey ! Don't forget ... You are MINE ... For ME ... My possession ... MY property ... MMM ... *childish smile* ...,0,hey forget mine possession property mmm childish smile
spam,"As a SIM subscriber, you are selected to receive a Bonus! Get it delivered to your door, Txt the word OK to No: 88600 to claim. 150p/msg, EXP. 30Apr",1,sim subscriber selected receive bonus get delivered door txt word ok claim msg exp apr
ham,Purity of friendship between two is not about smiling after reading the forwarded message..Its about smiling just by seeing the name. Gud evng,0,purity friendship two smiling reading forwarded message smiling seeing name gud evng
ham,Yup... How ü noe leh...,0,yup noe leh
spam,Great News! Call FREEFONE 08006344447 to claim your guaranteed £1000 CASH or £2000 gift. Speak to a live operator NOW!,1,great news call freefone claim guaranteed cash gift speak live operator
ham,In meeting da. I will call you,0,meeting da call
ham,The search 4 happiness is 1 of d main sources of unhappiness! Accept life the way it comes! U will find happiness in every moment u live.,0,search happiness main sources unhappiness accept life way comes find happiness every moment live
ham,Jason says it's cool if we pick some up from his place in like an hour,0,jason says cool pick place like hour
spam,Good Luck! Draw takes place 28th Feb 06. Good Luck! For removal send STOP to 87239 customer services 08708034412,1,good luck draw takes place th feb good luck removal send stop customer services
ham,Just nw i came to hme da..,0,nw came hme da
ham,What's the significance?,0,significance
spam,"Hack Chat. Get backdoor entry into 121 chat rooms at a fraction of the cost. Reply NEO69 or call 09050280520, to subscribe 25p pm. DPS, Bcm box 8027 Ldn, wc1n3xx",1,hack chat get backdoor entry chat rooms fraction cost reply neo call subscribe pm dps bcm box ldn wc xx
ham,Do you want bold 2 or bb torch,0,want bold bb torch
ham,Yeah that's the impression I got,0,yeah impression got
ham,... Are you in the pub?,0,pub
ham,"Lol, oh you got a friend for the dog ?",0,lol oh got friend dog
ham,I wnt to buy a BMW car urgently..its vry urgent.but hv a shortage of  &lt;#&gt; Lacs.there is no source to arng dis amt. &lt;#&gt; lacs..thats my prob,0,wnt buy bmw car urgently vry urgent hv shortage lt gt lacs source arng dis amt lt gt lacs thats prob
ham,"Yalru lyfu astne chikku.. Bt innu mundhe lyf ali halla ke bilo (marriage)program edhae, so lyf is nt yet ovr chikku..ali vargu lyfu meow meow:-D",0,yalru lyfu astne chikku bt innu mundhe lyf ali halla ke bilo marriage program edhae lyf nt yet ovr chikku ali vargu lyfu meow meow
ham,Ok I'm gonna head up to usf in like fifteen minutes,0,ok gon na head usf like fifteen minutes
spam,U 447801259231 have a secret admirer who is looking 2 make contact with U-find out who they R*reveal who thinks UR so special-call on 09058094597,1,secret admirer looking make contact find reveal thinks ur special call
spam,"YOU 07801543489 are guaranteed the latests Nokia Phone, a 40GB iPod MP3 player or a £500 prize! Txt word:COLLECT to No:83355! TC-LLC NY-USA 150p/Mt msgrcvd18+",1,guaranteed latests nokia phone gb ipod mp player prize txt word collect tc llc ny usa mt msgrcvd
spam,"Xmas & New Years Eve tickets are now on sale from the club, during the day from 10am till 8pm, and on Thurs, Fri & Sat night this week. They're selling fast!",1,xmas new years eve tickets sale club day till pm thurs fri sat night week selling fast
spam,This message is free. Welcome to the new & improved Sex & Dogging club! To unsubscribe from this service reply STOP. msgs@150p 18 only,1,message free welcome new improved sex dogging club unsubscribe service reply stop msgs
ham,Hey cutie. How goes it? Here in WALES its kinda ok. There is like hills and shit but i still avent killed myself. ,0,hey cutie goes wales kinda ok like hills shit still avent killed
spam,Congratulations ur awarded either a yrs supply of CDs from Virgin Records or a Mystery Gift GUARANTEED Call 09061104283 Ts&Cs www.smsco.net £1.50pm approx 3mins,1,congratulations ur awarded either yrs supply cds virgin records mystery gift guaranteed call ts cs www smsco net pm approx mins
ham,She told to hr that he want posting in chennai:)because i'm working here:),0,told hr want posting chennai working
ham,"Sorry, was in the bathroom, sup",0,sorry bathroom sup
ham,"Mon okie lor... Haha, best is cheap n gd food la, ex oso okie... Depends on whether wana eat western or chinese food... Den which u prefer... ",0,mon okie lor haha best cheap gd food la ex oso okie depends whether wana eat western chinese food den prefer
ham,"Mum, hope you are having a great day. Hoping this text meets you well and full of life. Have a great day. Abiola",0,mum hope great day hoping text meets well full life great day abiola
ham,Tell me pa. How is pain de.,0,tell pa pain de
ham,"Indians r poor but India is not a poor country. Says one of the swiss bank directors. He says that "" &lt;#&gt;  lac crore"" of Indian money is deposited in swiss banks which can be used for 'taxless' budget for  &lt;#&gt;  yrs. Can give  &lt;#&gt;  crore jobs to all Indians. From any village to Delhi 4 lane roads. Forever free power suply to more than  &lt;#&gt;  social projects. Every citizen can get monthly  &lt;#&gt; /- for  &lt;#&gt;  yrs. No need of World Bank &amp; IMF loan. Think how our money is blocked by rich politicians. We have full rights against corrupt politicians. Itna forward karo ki pura INDIA padhe.g.m.""",0,indians poor india poor country says one swiss bank directors says lt gt lac crore indian money deposited swiss banks used taxless budget lt gt yrs give lt gt crore jobs indians village delhi lane roads forever free power suply lt gt social projects every citizen get monthly lt gt lt gt yrs need world bank amp imf loan think money blocked rich politicians full rights corrupt politicians itna forward karo ki pura india padhe
ham,Do have a nice day today. I love you so dearly.,0,nice day today love dearly
ham,Oh k:)after that placement there ah?,0,oh placement ah
ham,Good Morning my Dear........... Have a great &amp; successful day.,0,good morning dear great amp successful day
ham,"Right on brah, see you later",0,right brah see later
ham,"True. It is passable. And if you get a high score and apply for phd, you get 5years of salary. So it makes life easier.",0,true passable get high score apply phd get years salary makes life easier
ham,I REALLY NEED 2 KISS U I MISS U MY BABY FROM UR BABY 4EVA,0,really need kiss miss baby ur baby eva
ham,if you aren't here in the next  &lt;#&gt;  hours imma flip my shit,0,next lt gt hours imma flip shit
ham,I'm freezing and craving ice. Fml,0,freezing craving ice fml
ham,Please sen :)my kind advice :-)please come here and try:-),0,please sen kind advice please come try
ham,Ü say until like dat i dun buy ericsson oso cannot oredi lar...,0,say like dat dun buy ericsson oso oredi lar
ham,"Hi. Wk been ok - on hols now! Yes on for a bit of a run. Forgot that i have hairdressers appointment at four so need to get home n shower beforehand. Does that cause prob for u?""",0,hi wk ok hols yes bit run forgot hairdressers appointment four need get home shower beforehand cause prob
spam,"pdate_Now - Double mins and 1000 txts on Orange tariffs. Latest Motorola, SonyEricsson & Nokia & Bluetooth FREE! Call MobileUpd8 on 08000839402 or call2optout/!YHL",1,pdate double mins txts orange tariffs latest motorola sonyericsson nokia bluetooth free call mobileupd call optout yhl
ham,I'm watching lotr w my sis dis aft. So u wan 2 meet me 4 dinner at nite a not?,0,watching lotr sis dis aft wan meet dinner nite
ham,"He is impossible to argue with and he always treats me like his sub, like he never released me ... Which he did and I will remind him of that if necessary",0,impossible argue always treats like sub like never released remind necessary
ham,"Sorry, I'll call later",0,sorry call later
ham,Can you do a mag meeting this avo at some point?,0,mag meeting avo point
ham,You available now? I'm like right around hillsborough &amp;  &lt;#&gt; th,0,available like right around hillsborough amp lt gt th
ham,Its a site to simulate the test. It just gives you very tough questions to test your readiness.,0,site simulate test gives tough questions test readiness
ham,I didn't get the second half of that message,0,get second half message
spam,Back 2 work 2morro half term over! Can U C me 2nite 4 some sexy passion B4 I have 2 go back? Chat NOW 09099726481 Luv DENA Calls £1/minMobsmoreLKPOBOX177HP51FL,1,back work morro half term nite sexy passion go back chat luv dena calls minmobsmorelkpobox hp fl
ham,He didn't see his shadow. We get an early spring yay,0,see shadow get early spring yay
ham,Huh but i got lesson at 4 lei n i was thinkin of going to sch earlier n i tot of parkin at kent vale...  ,0,huh got lesson lei thinkin going sch earlier tot parkin kent vale
ham,"Sorry, I'll call later",0,sorry call later
ham,Mm you ask him to come its enough :-),0,mm ask come enough
ham,HI DARLIN ITS KATE ARE U UP FOR DOIN SOMETHIN TONIGHT? IM GOING TO A PUB CALLED THE SWAN OR SOMETHING WITH MY PARENTS FOR ONE DRINK SO PHONE ME IF U CAN,0,hi darlin kate doin somethin tonight im going pub called swan something parents one drink phone
ham,Where are you ? You said you would be here when I woke ... :-(,0,said would woke
spam,"If you don't, your prize will go to another customer. T&C at www.t-c.biz 18+ 150p/min Polo Ltd Suite 373 London W1J 6HL Please call back if busy ",1,prize go another customer www biz min polo ltd suite london hl please call back busy
ham,U sure u can't take any sick time?,0,sure take sick time
ham,Its ok my arm is feeling weak cuz i got a shot so we can go another time,0,ok arm feeling weak cuz got shot go another time
ham,Then any special there?,0,special
ham," says that he's quitting at least5times a day so i wudn't take much notice of that. Nah, she didn't mind. Are you gonna see him again? Do you want to come to taunton tonight? U can tell me all about !",0,says quitting least times day wudn take much notice nah mind gon na see want come taunton tonight tell
ham,Ill be there on  &lt;#&gt;  ok.,0,ill lt gt ok
ham,Sounds great! Are you home now?,0,sounds great home
ham,"sir, you will receive the account no another 1hr time. Sorry for the delay.",0,sir receive account another hr time sorry delay
ham,Thats cool. i am a gentleman and will treat you with dignity and respect.,0,thats cool gentleman treat dignity respect
ham,Send me the new number,0,send new number
ham,Haha... dont be angry with yourself... Take it as a practice for the real thing. =) ,0,haha dont angry take practice real thing
ham,Hi! You just spoke to MANEESHA V. We'd like to know if you were satisfied with the experience. Reply Toll Free with Yes or No.,0,hi spoke maneesha like know satisfied experience reply toll free yes
ham,Ok lor... But buy wat?,0,ok lor buy wat
ham,"Sorry, I'll call later",0,sorry call later
ham,That's one of the issues but california is okay. No snow so its manageable,0,one issues california okay snow manageable
ham,Book which lesson? then you msg me... I will call up after work or sth... I'm going to get specs. My membership is PX3748,0,book lesson msg call work sth going get specs membership px
ham,True dear..i sat to pray evening and felt so.so i sms'd you in some time...,0,true dear sat pray evening felt sms time
ham,"Hmm ok, i'll stay for like an hour cos my eye is really sore!",0,hmm ok stay like hour cos eye really sore
ham,S.i'm watching it in live..,0,watching live
ham,"Just sent again. Do you scream and moan in bed, princess?",0,sent scream moan bed princess
ham,Am watching house – very entertaining – am getting the whole hugh laurie thing – even with the stick – indeed especially with the stick.,0,watching house entertaining getting whole hugh laurie thing even stick indeed especially stick
ham,i want to grasp your pretty booty :),0,want grasp pretty booty
ham,"Guy, no flash me now. If you go call me, call me. How madam. Take care oh.",0,guy flash go call call madam take care oh
ham,Hows the champ just leaving glasgow!,0,hows champ leaving glasgow
ham,Thk some of em find wtc too far... Weiyi not goin... E rest i dunno yet... R ur goin 4 dinner den i might b able to join...,0,thk em find wtc far weiyi goin rest dunno yet ur goin dinner den might able join
ham,&lt;#&gt; ISH MINUTES WAS 5 MINUTES AGO. WTF.,0,lt gt ish minutes minutes ago wtf
ham,I like you peoples very much:) but am very shy pa.,0,like peoples much shy pa
ham,Po de :-):):-):-):-). No need job aha.,0,po de need job aha
ham,Yeah I don't see why not,0,yeah see
ham,Nope but i'm going home now then go pump petrol lor... Like going 2 rain soon...,0,nope going home go pump petrol lor like going rain soon
ham,I take it we didn't have the phone callon Friday. Can we assume we won't have it this year now?,0,take phone callon friday assume year
ham,"Sorry, got a late start, we're on the way",0,sorry got late start way
spam,WINNER!! As a valued network customer you have been selected to receivea £900 prize reward! To claim call 09061701461. Claim code KL341. Valid 12 hours only.,1,winner valued network customer selected receivea prize reward claim call claim code kl valid hours
ham,Pls confirm the time to collect the cheque.,0,pls confirm time collect cheque
ham,I am in hospital da. . I will return home in evening,0,hospital da return home evening
ham,If you were/are free i can give. Otherwise nalla adi entey nattil kittum,0,free give otherwise nalla adi entey nattil kittum
ham,Horrible gal. Me in sch doing some stuff. How come u got mc?,0,horrible gal sch stuff come got mc
ham,Hi mate its RV did u hav a nice hol just a message 3 say hello coz havent sent u 1 in ages started driving so stay off roads!RVx,0,hi mate rv hav nice hol message say hello coz sent ages started driving stay roads rvx
ham,Yeah get the unlimited,0,yeah get unlimited
ham,In e msg jus now. U said thanks for gift.,0,msg jus said thanks gift
spam,IMPORTANT MESSAGE. This is a final contact attempt. You have important messages waiting out our customer claims dept. Expires 13/4/04. Call 08717507382 NOW!,1,important message final contact attempt important messages waiting customer claims dept expires call
ham,HEY GIRL. HOW R U? HOPE U R WELL ME AN DEL R BAK! AGAIN LONG TIME NO C! GIVE ME A CALL SUM TIME FROM LUCYxx,0,hey girl hope well del bak long time give call sum time lucyxx
ham,Ok. C u then.,0,ok
ham,....photoshop makes my computer shut down.,0,photoshop makes computer shut
ham,4 oclock at mine. Just to bash out a flat plan.,0,oclock mine bash flat plan
ham,She.s find. I sent you an offline message to know how anjola's now.,0,find sent offline message know anjola
ham,Ok.ok ok..then..whats ur todays plan,0,ok ok ok whats ur todays plan
ham,Are you happy baby ? Are you alright ? Did you take that job ? I hope your fine. I send you a kiss to make you smile from across the sea ... *kiss* *kiss*,0,happy baby alright take job hope fine send kiss make smile across sea kiss kiss
ham,What time do u get out?,0,time get
ham,I cant wait for cornwall. Hope tonight isnt too bad as well but its rock night shite. Anyway im going for a kip now have a good night. Speak to you soon.,0,wait cornwall hope tonight bad well rock night shite anyway going kip good night speak soon
ham,"I need an 8th but I'm off campus atm, could I pick up in an hour or two?",0,need th campus atm could pick hour two
ham,Yay can't wait to party together!,0,yay wait party together
ham,Yesterday its with me only . Now am going home.,0,yesterday going home
ham,When can ü come out?,0,come
spam,PRIVATE! Your 2003 Account Statement for 07753741225 shows 800 un-redeemed S. I. M. points. Call 08715203677 Identifier Code: 42478 Expires 24/10/04,1,private account statement shows un redeemed points call identifier code expires
ham,Ok lor. Msg me b4 u call.,0,ok lor msg call
ham,"How about clothes, jewelry, and trips?",0,clothes jewelry trips
ham,"So many people seems to be special at first sight, But only very few will remain special to you till your last sight.. Maintain them till life ends.. Sh!jas",0,many people seems special first sight remain special till last sight maintain till life ends sh jas
ham,Ok that's great thanx a lot.,0,ok great thanx lot
ham,How much would it cost to hire a hitman,0,much would cost hire hitman
ham,Ha! I wouldn't say that I just didn't read anything into way u seemed. I don't like 2 be judgemental....i save that for fridays in the pub!,0,ha say read anything way seemed like judgemental save fridays pub
ham,What you need. You have a person to give na.,0,need person give na
ham,Send this to ur friends and receive something about ur voice..... How is my speaking expression? 1.childish 2.naughty 3.Sentiment 4.rowdy 5.ful of attitude 6.romantic 7.shy 8.Attractive 9.funny  &lt;#&gt; .irritating  &lt;#&gt; .lovable. reply me..,0,send ur friends receive something ur voice speaking expression childish naughty sentiment rowdy ful attitude romantic shy attractive funny lt gt irritating lt gt lovable reply
ham,I've reached already.,0,reached already
ham,Missing you too.pray inshah allah,0,missing pray inshah allah
spam,Not heard from U4 a while. Call me now am here all night with just my knickers on. Make me beg for it like U did last time 01223585236 XX Luv Nikiyu4.net,1,heard call night knickers make beg like last time xx luv nikiyu net
spam,"Wan2 win a Meet+Greet with Westlife 4 U or a m8? They are currently on what tour? 1)Unbreakable, 2)Untamed, 3)Unkempt. Text 1,2 or 3 to 83049. Cost 50p +std text",1,wan win meet greet westlife currently tour unbreakable untamed unkempt text cost std text
ham,"Under the sea, there lays a rock. In the rock, there is an envelope. In the envelope, there is a paper. On the paper, there are 3 words... '",0,sea lays rock rock envelope envelope paper paper words
ham,ARE YOU IN TOWN? THIS IS V. IMPORTANT,0,town important
ham,Huh means computational science... Y they like dat one push here n there...,0,huh means computational science like dat one push
ham,What u talking bout early morning? It's almost noon where your at!,0,talking bout early morning almost noon
spam,FreeMsg Today's the day if you are ready! I'm horny & live in your town. I love sex fun & games! Netcollex Ltd 08700621170150p per msg reply Stop to end,1,freemsg today day ready horny live town love sex fun games netcollex ltd per msg reply stop end
ham,Thanks for picking up the trash.,0,thanks picking trash
ham,You've already got a flaky parent. It'snot supposed to be the child's job to support the parent...not until they're The Ride age anyway. I'm supposed to be there to support you. And now i've hurt you. unintentional. But hurt nonetheless.,0,already got flaky parent snot supposed child job support parent ride age anyway supposed support hurt unintentional hurt nonetheless
ham,Even u dont get in trouble while convincing..just tel him once or twice and just tel neglect his msgs dont c and read it..just dont reply,0,even dont get trouble convincing tel twice tel neglect msgs dont read dont reply
ham,Don know:)this week i'm going to tirunelvai da.,0,know week going tirunelvai da
ham,IM LATE TELLMISS IM ON MY WAY,0,im late tellmiss im way
ham,How have your little darlings been so far this week? Need a coffee run tomo?Can't believe it's that time of week already …,0,little darlings far week need coffee run tomo believe time week already
spam,"Bored of speed dating? Try SPEEDCHAT, txt SPEEDCHAT to 80155, if you don't like em txt SWAP and get a new chatter! Chat80155 POBox36504W45WQ 150p/msg rcd 16",1,bored speed dating try speedchat txt speedchat like em txt swap get new chatter chat pobox wq msg rcd
spam,Ringtone Club: Gr8 new polys direct to your mobile every week !,1,ringtone club gr new polys direct mobile every week
ham,"Princess, is your kitty shaved or natural?",0,princess kitty shaved natural
ham,I like to think there's always the possibility of being in a pub later.,0,like think always possibility pub later
ham,"Kind of. Just missed train cos of asthma attack, nxt one in half hr so driving in. not sure where to park.",0,kind missed train cos asthma attack nxt one half hr driving sure park
ham,"Ok, be careful ! Don't text and drive !",0,ok careful text drive
ham,Oh my God. I'm almost home,0,oh god almost home
ham,If you r @ home then come down within 5 min,0,home come within min
ham,I miss you so much I'm so desparate I have recorded the message you left for me the other day and listen to it just to hear the sound of your voice. I love you,0,miss much desparate recorded message left day listen hear sound voice love
ham,"Hmmm.... Mayb can try e shoppin area one, but forgot e name of hotel...",0,hmmm mayb try shoppin area one forgot name hotel
ham,He also knows about lunch menu only da. . I know,0,also knows lunch menu da know
ham,If I die I want u to have all my stuffs.,0,die want stuffs
ham,Jay says that you're a double-faggot,0,jay says double faggot
ham,Its a part of checking IQ,0,part checking iq
ham,I've sent my wife your text. After we buy them she'll tell you what to do. So just relax. We should go get them this wkend.,0,sent wife text buy tell relax go get wkend
ham,And do you have any one that can teach me how to ship cars.,0,one teach ship cars
ham,Yup he msg me: is tat yijue? Then i tot it's my group mate cos we meeting today mah... I'm askin if ü leaving earlier or wat mah cos mayb ü haf to walk v far...,0,yup msg tat yijue tot group mate cos meeting today mah askin leaving earlier wat mah cos mayb haf walk far
ham,U say leh... Of course nothing happen lar. Not say v romantic jus a bit only lor. I thk e nite scenery not so nice leh.,0,say leh course nothing happen lar say romantic jus bit lor thk nite scenery nice leh
ham,I'm in class. Did you get my text.,0,class get text
ham,Just sleeping..and surfing,0,sleeping surfing
ham,So ü pay first lar... Then when is da stock comin...,0,pay first lar da stock comin
spam,You'll not rcv any more msgs from the chat svc. For FREE Hardcore services text GO to: 69988 If u get nothing u must Age Verify with yr network & try again,1,rcv msgs chat svc free hardcore services text go get nothing must age verify yr network try
ham,Designation is software developer and may be she get chennai:),0,designation software developer may get chennai
ham,"All done, all handed in. Don't know if mega shop in asda counts as celebration but thats what i'm doing!",0,done handed know mega shop asda counts celebration thats
ham,Are you up for the challenge? I know i am :),0,challenge know
ham,"Cool, text me when you head out",0,cool text head
ham,The beauty of life is in next second.. which hides thousands of secrets. I wish every second will be wonderful in ur life...!! gud n8,0,beauty life next second hides thousands secrets wish every second wonderful ur life gud
ham,"Hey, iouri gave me your number, I'm wylie, ryan's friend",0,hey iouri gave number wylie ryan friend
ham,U ned to convince him tht its not possible witot hurting his feeling its the main,0,ned convince tht possible witot hurting feeling main
ham,"Ya, told..she was asking wats matter?",0,ya told asking wats matter
ham,You all ready for * big day tomorrow?,0,ready big day tomorrow
spam,**FREE MESSAGE**Thanks for using the Auction Subscription Service. 18 . 150p/MSGRCVD 2 Skip an Auction txt OUT. 2 Unsubscribe txt STOP CustomerCare 08718726270,1,free message thanks using auction subscription service msgrcvd skip auction txt unsubscribe txt stop customercare
ham,"The  &lt;#&gt; g that i saw a few days ago, the guy wants sell wifi only for  &lt;#&gt;  and with 3g for  &lt;#&gt; . That's why i blanked him.",0,lt gt saw days ago guy wants sell wifi lt gt lt gt blanked
ham,"I dont knw pa, i just drink milk..",0,dont knw pa drink milk
spam,Free tones Hope you enjoyed your new content. text stop to 61610 to unsubscribe. help:08712400602450p Provided by tones2you.co.uk,1,free tones hope enjoyed new content text stop unsubscribe help provided tones co uk
ham,Its going good...no problem..but still need little experience to understand american customer voice...,0,going good problem still need little experience understand american customer voice
ham,Hi Chachi tried calling u now unable to reach u .. Pl give me a missed cal once u c tiz msg  Kanagu,0,hi chachi tried calling unable reach pl give missed cal tiz msg kanagu
spam,"Get 3 Lions England tone, reply lionm 4 mono or lionp 4 poly. 4 more go 2 www.ringtones.co.uk, the original n best. Tones 3GBP network operator rates apply.",1,get lions england tone reply lionm mono lionp poly go www ringtones co uk original best tones gbp network operator rates apply
ham,My drive can only be read. I need to write,0,drive read need write
ham,Hi missed your Call and my mumHas beendropping red wine all over theplace! what is your adress?,0,hi missed call mumhas beendropping red wine theplace adress
ham,Allo! We have braved the buses and taken on the trains and triumphed. I mean we‘re in b‘ham. Have a jolly good rest of week,0,allo braved buses taken trains triumphed mean ham jolly good rest week
spam,Text BANNEDUK to 89555 to see! cost 150p textoperator g696ga 18+ XXX,1,text banneduk see cost textoperator ga xxx
ham,I am not having her number sir,0,number sir
ham,Yes..he is really great..bhaji told kallis best cricketer after sachin in world:).very tough to get out.,0,yes really great bhaji told kallis best cricketer sachin world tough get
ham,Nothing will ever be easy. But don't be looking for a reason not to take a risk on life and love,0,nothing ever easy looking reason take risk life love
ham,So are you guys asking that i get that slippers again or its gone with last year,0,guys asking get slippers gone last year
ham,Tell them no need to investigate about me anywhere.,0,tell need investigate anywhere
ham,2 laptop... I noe infra but too slow lar... I wan fast one,0,laptop noe infra slow lar wan fast one
ham,I don know account details..i will ask my mom and send you.my mom is out of reach now.,0,know account details ask mom send mom reach
spam,CDs 4u: Congratulations ur awarded £500 of CD gift vouchers or £125 gift guaranteed & Freeentry 2 £100 wkly draw xt MUSIC to 87066 TnCs www.ldew.com1win150ppmx3age16 ,1,cds congratulations ur awarded cd gift vouchers gift guaranteed freeentry wkly draw xt music tncs www ldew com win ppmx age
ham,Nope. Meanwhile she talk say make i greet you.,0,nope meanwhile talk say make greet
ham,But i have to. I like to have love and arrange.,0,like love arrange
ham,Hi juan. Im coming home on fri hey. Of course i expect a welcome party and lots of presents. Ill phone u when i get back. Loads of love nicky x x x x x x x x x,0,hi juan im coming home fri hey course expect welcome party lots presents ill phone get back loads love nicky
ham,"Aight text me when you're back at mu and I'll swing by, need somebody to get the door for me",0,aight text back mu swing need somebody get door
ham,Its ok..come to my home it vl nice to meet and v can chat..,0,ok come home vl nice meet chat
ham,"Trust me. Even if isn't there, its there.",0,trust even
ham,Is that what time you want me to come?,0,time want come
ham,"We are hoping to get away by 7, from Langport. You still up for town tonight?",0,hoping get away langport still town tonight
spam,Dear 0776xxxxxxx U've been invited to XCHAT. This is our final attempt to contact u! Txt CHAT to 86688 150p/MsgrcvdHG/Suite342/2Lands/Row/W1J6HL LDN 18yrs,1,dear xxxxxxx invited xchat final attempt contact txt chat msgrcvdhg suite lands row hl ldn yrs
ham,When did i use soc... I use it only at home... Ü dunno how 2 type it in word ar...,0,use soc use home dunno type word ar
ham,Okie...,0,okie
spam,Todays Voda numbers ending 1225 are selected to receive a £50award. If you have a match please call 08712300220 quoting claim code 3100 standard rates app ,1,todays voda numbers ending selected receive award match please call quoting claim code standard rates app
ham,Okie.. Thanx..,0,okie thanx
ham,on hen night. Going with a swing,0,hen night going swing
ham,Alex says he's not ok with you not being ok with it,0,alex says ok ok
ham,"Good afternoon sunshine! How dawns that day ? Are we refreshed and happy to be alive? Do we breathe in the air and smile ? I think of you, my love ... As always",0,good afternoon sunshine dawns day refreshed happy alive breathe air smile think love always
ham,Wa... U so efficient... Gee... Thanx...,0,wa efficient gee thanx
ham,Oh yes I can speak txt 2 u no! Hmm. Did u get  email?,0,oh yes speak txt hmm get email
ham,"Good morning, my boytoy! How's those yummy lips ? Where's my sexy buns now ? What do you do ? Do you think of me ? Do you crave me ? Do you need me ?",0,good morning boytoy yummy lips sexy buns think crave need
ham,Nope watching tv at home... Not going out. V bored...,0,nope watching tv home going bored
ham,Every day i use to sleep after  &lt;#&gt;  so only.,0,every day use sleep lt gt
ham,Cos darren say ü considering mah so i ask ü...,0,cos darren say considering mah ask
ham, what number do u live at? Is it 11?,0,number live
spam,"You are guaranteed the latest Nokia Phone, a 40GB iPod MP3 player or a £500 prize! Txt word: COLLECT to No: 83355! IBHltd LdnW15H 150p/Mtmsgrcvd18",1,guaranteed latest nokia phone gb ipod mp player prize txt word collect ibhltd ldnw mtmsgrcvd
ham,Yes baby! We can study all the positions of the kama sutra ;),0,yes baby study positions kama sutra
ham,1 in cbe. 2 in chennai.,0,cbe chennai
ham,i felt so...not any conveying reason.. Ese he... What about me?,0,felt conveying reason ese
ham,Hope ur head doesn't hurt 2 much ! Am ploughing my way through a pile of ironing ! Staying in with a chinky tonight come round if you like.,0,hope ur head hurt much ploughing way pile ironing staying chinky tonight come round like
ham,Dear how is chechi. Did you talk to her,0,dear chechi talk
ham,am up to my eyes in philosophy,0,eyes philosophy
ham,Can you open the door?,0,open door
ham,"When you just put in the + sign, choose my number and the pin will show. Right?",0,put sign choose number pin show right
spam,"WIN: We have a winner! Mr. T. Foley won an iPod! More exciting prizes soon, so keep an eye on ur mobile or visit www.win-82050.co.uk",1,win winner mr foley ipod exciting prizes soon keep eye ur mobile visit www win co uk
spam,SMS. ac Sptv: The New Jersey Devils and the Detroit Red Wings play Ice Hockey. Correct or Incorrect? End? Reply END SPTV,1,sms ac sptv new jersey devils detroit red wings play ice hockey correct incorrect end reply end sptv
spam,"Urgent! call 09066350750 from your landline. Your complimentary 4* Ibiza Holiday or 10,000 cash await collection SAE T&Cs PO BOX 434 SK3 8WP 150 ppm 18+",1,urgent call landline complimentary ibiza holiday cash await collection sae cs po box sk wp ppm
spam,WINNER!! As a valued network customer you have been selected to receivea £900 prize reward! To claim call 09061701461. Claim code KL341. Valid 12 hours only.,1,winner valued network customer selected receivea prize reward claim call claim code kl valid hours
ham,Wait  &lt;#&gt;  min..,0,wait lt gt min
ham,He is a womdarfull actor,0,womdarfull actor
ham,Ya:)going for restaurant..,0,ya going restaurant
ham,"We spend our days waiting for the ideal path to appear in front of us.. But what we forget is.. ""paths are made by walking.. not by waiting.."" Goodnight!",0,spend days waiting ideal path appear front us forget paths made walking waiting goodnight
ham,Really good:)dhanush rocks once again:),0,really good dhanush rocks
ham,Thanks for ve lovely wisheds. You rock,0,thanks lovely wisheds rock
ham,Ok.,0,ok
ham,"Oh, my love, it's soooo good to hear from you. Omg I missed you so much today. I'm sorry your having problems with the provider but thank you for tming me",0,oh love soooo good hear omg missed much today sorry problems provider thank tming
spam,You are being ripped off! Get your mobile content from www.clubmoby.com call 08717509990 poly/true/Pix/Ringtones/Games six downloads for only 3,1,ripped get mobile content www clubmoby com call poly true pix ringtones games six downloads
ham,Am not working but am up to eyes in philosophy so will text u later when a bit more free for chat...,0,working eyes philosophy text later bit free chat
ham,"Yeah work is fine, started last week, all the same stuff as before, dull but easy and guys are fun!",0,yeah work fine started last week stuff dull easy guys fun
ham,Oh for fuck's sake she's in like tallahassee,0,oh fuck sake like tallahassee
ham,Prabha..i'm soryda..realy..frm heart i'm sory,0,prabha soryda realy frm heart sory
spam,WIN a year supply of CDs 4 a store of ur choice worth £500 & enter our £100 Weekly draw txt MUSIC to 87066 Ts&Cs www.Ldew.com.subs16+1win150ppmx3,1,win year supply cds store ur choice worth enter weekly draw txt music ts cs www ldew com subs win ppmx
ham,And smile for me right now as you go and the world will wonder what you are smiling about and think your crazy and keep away from you ... *grins*,0,smile right go world wonder smiling think crazy keep away grins
ham,they released another Italian one today and it has a cosign option,0,released another italian one today cosign option
spam,Monthly password for wap. mobsi.com is 391784. Use your wap phone not PC.,1,monthly password wap mobsi com use wap phone pc
ham,THANX 4 PUTTIN DA FONE DOWN ON ME!!,0,thanx puttin da fone
ham,I love u 2 my little pocy bell I am sorry but I love u,0,love little pocy bell sorry love
spam,"Dear Voucher Holder, To claim this weeks offer, at you PC please go to http://www.e-tlp.co.uk/expressoffer Ts&Cs apply. To stop texts, txt STOP to 80062",1,dear voucher holder claim weeks offer pc please go http www tlp co uk expressoffer ts cs apply stop texts txt stop
ham,"Ditto. And you won't have to worry about me saying ANYTHING to you anymore. Like i said last night, you do whatever you want and i'll do the same. Peace.",0,ditto worry saying anything anymore like said last night whatever want peace
ham,Getting tickets 4 walsall tue 6 th march. My mate is getting me them on sat. ill pay my treat. Want 2 go. Txt bak .Terry,0,getting tickets walsall tue th march mate getting sat ill pay treat want go txt bak terry
spam,8007 FREE for 1st week! No1 Nokia tone 4 ur mob every week just txt NOKIA to 8007 Get txting and tell ur mates www.getzed.co.uk POBox 36504 W4 5WQ norm 150p/tone 16+,1,free st week nokia tone ur mob every week txt nokia get txting tell ur mates www getzed co uk pobox wq norm tone
ham,"No shit, but I wasn't that surprised, so I went and spent the evening with that french guy I met in town here and we fooled around a bit but I didn't let him fuck me",0,shit surprised went spent evening french guy met town fooled around bit let fuck
ham,A pure hearted person can have a wonderful smile that makes even his/her enemies to feel guilty for being an enemy.. So catch the world with your smile..:) GOODMORNING &amp; HAVE A SMILEY SUNDAY..:),0,pure hearted person wonderful smile makes even enemies feel guilty enemy catch world smile goodmorning amp smiley sunday
ham,"Beautiful Truth against Gravity.. Read carefully: ""Our heart feels light when someone is in it.. But it feels very heavy when someone leaves it.."" GOOD NIGHT",0,beautiful truth gravity read carefully heart feels light someone feels heavy someone leaves good night
ham,Havent stuck at orchard in my dad's car. Going 4 dinner now. U leh? So r they free tonight?,0,havent stuck orchard dad car going dinner leh free tonight
ham,"Don't Think About ""What u Have Got"" Think About ""How to Use It That You Have Got"" gooD ni8",0,think got think use got good ni
ham,Good morning princess! How are you?,0,good morning princess
spam,FREE camera phones with linerental from 4.49/month with 750 cross ntwk mins. 1/2 price txt bundle deals also avble. Call 08001950382 or call2optout/J MF,1,free camera phones linerental month cross ntwk mins price txt bundle deals also avble call call optout mf
ham,Tessy..pls do me a favor. Pls convey my birthday wishes to Nimya..pls dnt forget it. Today is her birthday Shijas,0,tessy pls favor pls convey birthday wishes nimya pls dnt forget today birthday shijas
ham,"Well the weather in cali's great. But its complexities are great. You need a car to move freely, its taxes are outrageous. But all in all its a great place. The sad part is i missing home.",0,well weather cali great complexities great need car move freely taxes outrageous great place sad part missing home
ham,That was random saw my old roomate on campus. He graduated,0,random saw old roomate campus graduated
ham,I'm in school now n i'll be in da lab doing some stuff give me a call when ü r done.,0,school da lab stuff give call done
spam,You are a winner U have been specially selected 2 receive £1000 cash or a 4* holiday (flights inc) speak to a live operator 2 claim 0871277810810,1,winner specially selected receive cash holiday flights inc speak live operator claim
ham,Also are you bringing galileo or dobby,0,also bringing galileo dobby
ham,Gd luck 4 ur exams :-),0,gd luck ur exams
spam,thesmszone.com lets you send free anonymous and masked messages..im sending this message from there..do you see the potential for abuse???,1,thesmszone com lets send free anonymous masked messages im sending message see potential abuse
ham,What u mean u almost done? Done wif sleeping? But i tot u going to take a nap.. Yup i send her liao so i'm picking her up at ard 4 smth lor..,0,mean almost done done wif sleeping tot going take nap yup send liao picking ard smth lor
ham,"No dude, its not fake..my frnds got money, thts y i'm reffering u..if u member wit my mail link, u vl be credited  &lt;#&gt; rs and il be getiing  &lt;#&gt; rs..i can draw my acc wen it is  &lt;#&gt; rs..",0,dude fake frnds got money thts reffering member wit mail link vl credited lt gt rs il getiing lt gt rs draw acc wen lt gt rs
ham,"Sorry, went to bed early, nightnight",0,sorry went bed early nightnight
ham,Draw va?i dont think so:),0,draw va dont think
ham,I would but I'm still cozy. And exhausted from last night.nobody went to school or work. Everything is closed.,0,would still cozy exhausted last night nobody went school work everything closed
ham,Studying. But i.ll be free next weekend.,0,studying free next weekend
ham,You are a very very very very bad girl. Or lady.,0,bad girl lady
spam,"Congrats! 1 year special cinema pass for 2 is yours. call 09061209465 now! C Suprman V, Matrix3, StarWars3, etc all 4 FREE! bx420-ip4-5we. 150pm. Dont miss out! ",1,congrats year special cinema pass call suprman matrix starwars etc free bx ip pm dont miss
spam,You have an important customer service announcement from PREMIER. Call FREEPHONE 0800 542 0578 now!,1,important customer service announcement premier call freephone
ham,I send the print  outs da.,0,send print outs da
ham,When/where do I pick you up,0,pick
ham,How do you guys go to see movies on your side.,0,guys go see movies side
ham,Ok... Then r we meeting later?,0,ok meeting later
spam,"You've won tkts to the EURO2004 CUP FINAL or £800 CASH, to collect CALL 09058099801 b4190604, POBOX 7876150ppm",1,tkts euro cup final cash collect call pobox ppm
spam,You won't believe it but it's true. It's Incredible Txts! Reply G now to learn truly amazing things that will blow your mind. From O2FWD only 18p/txt,1,believe true incredible txts reply learn truly amazing things blow mind fwd txt
spam,You have 1 new message. Call 0207-083-6089,1,new message call
ham,"Rose for red,red for blood,blood for heart,heart for u. But u for me.... Send tis to all ur friends.. Including me.. If u like me.. If u get back, 1-u r poor in relation! 2-u need some 1 to support 3-u r frnd 2 many 4-some1 luvs u 5+- some1 is praying god to marry u.:-) try it....",0,rose red red blood blood heart heart send tis ur friends including like get back poor relation need support frnd many luvs praying god marry try
ham,"Yeah, we got one lined up for us",0,yeah got one lined us
ham,Finished class where are you.,0,finished class
ham,No calls..messages..missed calls,0,calls messages missed calls
ham,:-) yeah! Lol. Luckily i didn't have a starring role like you!,0,yeah lol luckily starring role like
ham,Then ü wait 4 me at bus stop aft ur lect lar. If i dun c ü then i go get my car then come back n pick ü.,0,wait bus stop aft ur lect lar dun go get car come back pick
ham,I will be gentle baby! Soon you will be taking all  &lt;#&gt;  inches deep inside your tight pussy...,0,gentle baby soon taking lt gt inches deep inside tight pussy
ham,Hi. I'm always online on yahoo and would like to chat with you someday,0,hi always online yahoo would like chat someday
spam,URGENT This is our 2nd attempt to contact U. Your £900 prize from YESTERDAY is still awaiting collection. To claim CALL NOW 09061702893. ACL03530150PM,1,urgent nd attempt contact prize yesterday still awaiting collection claim call acl pm
ham,Sounds like there could be a lot of time spent in that chastity device boy ... *grins* ... Or take your beatings like a good dog. Going to lounge in a nice long bath now ?,0,sounds like could lot time spent chastity device boy grins take beatings like good dog going lounge nice long bath
ham,"Its Ur luck to Love someone. Its Ur fortune to Love the one who Loves U. But, its a miracle to Love a person who can't Love anyone except U... Gud nyt...",0,ur luck love someone ur fortune love one loves miracle love person love anyone except gud nyt
ham,U sick still can go shopping?,0,sick still go shopping
ham,"That means you got an A in epi, she.s fine. She.s here now.",0,means got epi fine
spam,EASTENDERS TV Quiz. What FLOWER does DOT compare herself to? D= VIOLET E= TULIP F= LILY txt D E or F to 84025 NOW 4 chance 2 WIN £100 Cash WKENT/150P16+,1,eastenders tv quiz flower dot compare violet tulip lily txt chance win cash wkent
ham,I wud never mind if u dont miss me or if u dont need me.. But u wil really hurt me wen u need me &amp; u dont tell me......... Take care:-),0,wud never mind dont miss dont need wil really hurt wen need amp dont tell take care
ham,K..k:)how much does it cost?,0,much cost
ham,I dled 3d its very imp,0,dled imp
ham,"Say this slowly.? GOD,I LOVE YOU &amp; I NEED YOU,CLEAN MY HEART WITH YOUR BLOOD.Send this to Ten special people &amp; u c miracle tomorrow, do it,pls,pls do it...",0,say slowly god love amp need clean heart blood send ten special people amp miracle tomorrow pls pls
ham,Well there's still a bit left if you guys want to tonight,0,well still bit left guys want tonight
spam,Dont forget you can place as many FREE Requests with 1stchoice.co.uk as you wish. For more Information call 08707808226.,1,dont forget place many free requests stchoice co uk wish information call
ham,"The LAY MAN! Just to let you know you are missed and thought off. Do have a great day. And if you can send me bimbo and ugo's numbers, ill appreciate. Safe",0,lay man let know missed thought great day send bimbo ugo numbers ill appreciate safe
spam,FREEMSG: Our records indicate you may be entitled to 3750 pounds for the Accident you had. To claim for free reply with YES to this msg. To opt out text STOP,1,freemsg records indicate may entitled pounds accident claim free reply yes msg opt text stop
ham,"aight we can pick some up, you open before tonight?",0,aight pick open tonight
ham,U don't know how stubborn I am. I didn't even want to go to the hospital. I kept telling Mark I'm not a weak sucker. Hospitals are for weak suckers.,0,know stubborn even want go hospital kept telling mark weak sucker hospitals weak suckers
ham,Hope this text meets you smiling. If not then let this text give you a reason to smile. Have a beautiful day.,0,hope text meets smiling let text give reason smile beautiful day
ham,Too late. I said i have the website. I didn't i have or dont have the slippers,0,late said website dont slippers
ham,"Oh ! A half hour is much longer in Syria than Canada, eh ? Wow you must get SO much more work done in a day than us with all that extra time ! *grins*",0,oh half hour much longer syria canada eh wow must get much work done day us extra time grins
ham,K..k..i'm also fine:)when will you complete the course?,0,also fine complete course
ham,Our Prashanthettan's mother passed away last night. pray for her and family.,0,prashanthettan mother passed away last night pray family
ham,Oh thats late! Well have a good night and i will give u a call tomorrow. Iam now going to go to sleep night night,0,oh thats late well good night give call tomorrow iam going go sleep night night
ham,Fyi I'm gonna call you sporadically starting at like  &lt;#&gt;  bc we are not not doin this shit,0,fyi gon na call sporadically starting like lt gt bc doin shit
ham,I bought the test yesterday. Its something that lets you know the exact day u ovulate.when will get 2u in about 2 to 3wks. But pls pls dont fret. I know u r worried. Pls relax. Also is there anything in ur past history u need to tell me?,0,bought test yesterday something lets know exact day ovulate get wks pls pls dont fret know worried pls relax also anything ur past history need tell
spam,Knock Knock Txt whose there to 80082 to enter r weekly draw 4 a £250 gift voucher 4 a store of yr choice. T&Cs www.tkls.com age16 to stoptxtstop£1.50/week,1,knock knock txt whose enter weekly draw gift voucher store yr choice cs www tkls com age stoptxtstop week
spam,"tddnewsletter@emc1.co.uk (More games from TheDailyDraw) Dear Helen, Dozens of Free Games - with great prizesWith..",1,tddnewsletter emc co uk games thedailydraw dear helen dozens free games great prizeswith
ham,"What will we do in the shower, baby?",0,shower baby
ham,Aight what time you want me to come up?,0,aight time want come
ham,Whom you waited for yesterday,0,waited yesterday
spam,Hi. Customer Loyalty Offer:The NEW Nokia6650 Mobile from ONLY £10 at TXTAUCTION! Txt word: START to No: 81151 & get yours Now! 4T&Ctxt TC 150p/MTmsg,1,hi customer loyalty offer new nokia mobile txtauction txt word start get ctxt tc mtmsg
ham,Ok . . now i am in bus. . If i come soon i will come otherwise tomorrow,0,ok bus come soon come otherwise tomorrow
ham,Hows the street where the end of library walk is?,0,hows street end library walk
ham,Not able to do anything.,0,able anything
spam,"Loan for any purpose £500 - £75,000. Homeowners + Tenants welcome. Have you been previously refused? We can still help. Call Free 0800 1956669 or text back 'help'",1,loan purpose homeowners tenants welcome previously refused still help call free text back help
spam,"Congratulations! Thanks to a good friend U have WON the £2,000 Xmas prize. 2 claim is easy, just call 08718726978 NOW! Only 10p per minute. BT-national-rate",1,congratulations thanks good friend xmas prize claim easy call per minute bt national rate
ham,Gam gone after outstanding innings.,0,gam gone outstanding innings
ham,say thanks2. ,0,say thanks
ham,MAYBE IF YOU WOKE UP BEFORE FUCKING 3 THIS WOULDN'T BE A PROBLEM.,0,maybe woke fucking problem
ham,Its hard to believe things like this. All can say lie but think twice before saying anything to me.,0,hard believe things like say lie think twice saying anything
ham,C movie is juz last minute decision mah. Juz watch 2 lar but i tot ü not interested.,0,movie juz last minute decision mah juz watch lar tot interested
ham,Ok. She'll be ok. I guess,0,ok ok guess
ham,I'm putting it on now. It should be ready for  &lt;TIME&gt; ,0,putting ready lt time gt
spam,+449071512431 URGENT! This is the 2nd attempt to contact U!U have WON £1250 CALL 09071512433 b4 050703 T&CsBCM4235WC1N3XX. callcost 150ppm mobilesvary. max£7. 50,1,urgent nd attempt contact call csbcm wc xx callcost ppm mobilesvary max
ham,TaKe CaRE n gET WeLL sOOn,0,take care get well soon
ham,"The gas station is like a block away from my house, you'll drive right by it since armenia ends at swann and you have to take howard",0,gas station like block away house drive right since armenia ends swann take howard
ham,It should take about  &lt;#&gt;  min,0,take lt gt min
ham,K...k...yesterday i was in cbe .,0,yesterday cbe
spam,PRIVATE! Your 2003 Account Statement for 07808247860 shows 800 un-redeemed S. I. M. points. Call 08719899229 Identifier Code: 40411 Expires 06/11/04,1,private account statement shows un redeemed points call identifier code expires
ham,Wait 2 min..stand at bus stop,0,wait min stand bus stop
ham,From 5 to 2 only my work timing.,0,work timing
ham,Lol I was gonna last month. I cashed some in but I left &lt;#&gt; just in case. I was collecting more during the week cause they announced it on the blog.,0,lol gon na last month cashed left lt gt case collecting week cause announced blog
ham,Where are the garage keys? They aren't on the bookshelf,0,garage keys bookshelf
ham,Pls send me your address sir.,0,pls send address sir
spam,Want 2 get laid tonight? Want real Dogging locations sent direct 2 ur mob? Join the UK's largest Dogging Network bt Txting GRAVEL to 69888! Nt. ec2a. 31p.msg@150p,1,want get laid tonight want real dogging locations sent direct ur mob join uk largest dogging network bt txting gravel nt ec msg
ham,Guessin you ain't gonna be here before 9?,0,guessin gon na
ham,No go. No openings for that room 'til after thanksgiving without an upcharge.,0,go openings room til thanksgiving without upcharge
ham,Don't look back at the building because you have no coat and i don't want you to get more sick. Just hurry home and wear a coat to the gym!!!,0,look back building coat want get sick hurry home wear coat gym
ham,Hi happy birthday. Hi hi hi hi hi hi hi,0,hi happy birthday hi hi hi hi hi hi hi
ham,Thank u. IT BETTER WORK OUT CAUSE I WILL FEEL USED OTHERWISE,0,thank better work cause feel used otherwise
ham,Sorry for the delay. Yes masters,0,sorry delay yes masters
ham,Yar else i'll thk of all sorts of funny things.,0,yar else thk sorts funny things
ham,K..i deleted my contact that why?,0,deleted contact
ham,Hello! Good week? Fancy a drink or something later?,0,hello good week fancy drink something later
ham,"Yeah sure, give me a couple minutes to track down my wallet",0,yeah sure give couple minutes track wallet
ham,Do you think i can move  &lt;#&gt;  in a week,0,think move lt gt week
ham,You know my old Dom I told you about yesterday ? His name is Roger? He got in touch with me last night and wants me to meet him today at 2 pm,0,know old dom told yesterday name roger got touch last night wants meet today pm
ham,Yes princess! I want to please you every night. Your wish is my command...,0,yes princess want please every night wish command
ham,"I can't speak, bcaz mobile have problem. I can listen you but you cann't listen my voice. So i calls you later.",0,speak bcaz mobile problem listen cann listen voice calls later
ham,Great! I have to run now so ttyl!,0,great run ttyl
ham,Simply sitting and watching match in office..,0,simply sitting watching match office
ham,I want to go to perumbavoor,0,want go perumbavoor
ham,I cant pick the phone right now. Pls send a message,0,cant pick phone right pls send message
ham,U WILL SWITCH YOUR FONE ON DAMMIT!!,0,switch fone dammit
ham,Ya very nice. . .be ready on thursday,0,ya nice ready thursday
ham,Nope thats fine. I might have a nap tho! ,0,nope thats fine might nap tho
ham,S now only i took tablets . Reaction morning only.,0,took tablets reaction morning
ham,That sucks. I'll go over so u can do my hair. You'll do it free right?,0,sucks go hair free right
ham,Mmm so yummy babe ... Nice jolt to the suzy,0,mmm yummy babe nice jolt suzy
spam,"1000's flirting NOW! Txt GIRL or BLOKE & ur NAME & AGE, eg GIRL ZOE 18 to 8007 to join and get chatting!",1,flirting txt girl bloke ur name age eg girl zoe join get chatting
ham,Been running but only managed 5 minutes and then needed oxygen! Might have to resort to the roller option!,0,running managed minutes needed oxygen might resort roller option
ham,"Lemme know when I can swing by and pick up, I'm free basically any time after 1 all this semester",0,lem know swing pick free basically time semester
ham,"A bit of Ur smile is my hppnss, a drop of Ur tear is my sorrow, a part of Ur heart is my life, a heart like mine wil care for U, forevr as my GOODFRIEND",0,bit ur smile hppnss drop ur tear sorrow part ur heart life heart like mine wil care forevr goodfriend
ham,Sent me de webadres for geting salary slip,0,sent de webadres geting salary slip
ham,Ok. There may be a free gym about.,0,ok may free gym
ham,K I'll call you when I'm close,0,call close
ham,"Just got part Nottingham - 3 hrs 63miles. Good thing i love my man so much, but only doing 40mph. Hey ho",0,got part nottingham hrs miles good thing love man much mph hey ho
ham,THING R GOOD THANX GOT EXAMS IN MARCH IVE DONE NO REVISION? IS FRAN STILL WITH BOYF? IVE GOTTA INTERVIW 4 EXETER BIT WORRIED!x,0,thing good thanx got exams march ive done revision fran still boyf ive got ta interviw exeter bit worried
ham,Sounds like a plan! Cardiff is still here and still cold! I'm sitting on the radiator!,0,sounds like plan cardiff still still cold sitting radiator
spam,"Had your contract mobile 11 Mnths? Latest Motorola, Nokia etc. all FREE! Double Mins & Text on Orange tariffs. TEXT YES for callback, no to remove from records.",1,contract mobile mnths latest motorola nokia etc free double mins text orange tariffs text yes callback remove records
spam,U have a secret admirer who is looking 2 make contact with U-find out who they R*reveal who thinks UR so special-call on 09058094594,1,secret admirer looking make contact find reveal thinks ur special call
ham,India have to take lead:),0,india take lead
ham,In which place do you want da.,0,place want da
ham,Never blame a day in ur life. Good days give u happiness. Bad days give u experience. Both are essential in life! All are Gods blessings! good morning.:,0,never blame day ur life good days give happiness bad days give experience essential life gods blessings good morning
ham,Do u hav any frnd by name ashwini in ur college?,0,hav frnd name ashwini ur college
ham,Howz that persons story,0,howz persons story
ham,I'm now but have to wait till 2 for the bus to pick me.,0,wait till bus pick
ham,Are you free now?can i call now?,0,free call
ham,"You know, wot people wear. T shirts, jumpers, hat, belt, is all we know. We r at Cribbs",0,know wot people wear shirts jumpers hat belt know cribbs
ham,Hi.:)technical support.providing assistance to us customer through call and email:),0,hi technical support providing assistance us customer call email
spam,"Urgent! call 09066350750 from your landline. Your complimentary 4* Ibiza Holiday or 10,000 cash await collection SAE T&Cs PO BOX 434 SK3 8WP 150 ppm 18+ ",1,urgent call landline complimentary ibiza holiday cash await collection sae cs po box sk wp ppm
ham,What Today-sunday..sunday is holiday..so no work..,0,today sunday sunday holiday work
ham,Ummmmmaah Many many happy returns of d day my dear sweet heart.. HAPPY BIRTHDAY dear,0,ummmmmaah many many happy returns day dear sweet heart happy birthday dear
ham,Am okay. Will soon be over. All the best,0,okay soon best
ham,Chk in ur belovd ms dict,0,chk ur belovd ms dict
ham,HIYA STU WOT U UP 2.IM IN SO MUCH TRUBLE AT HOME AT MOMENT EVONE HATES ME EVEN U! WOT THE HELL AV I DONE NOW? Y WONT U JUST TELL ME TEXT BCK PLEASE LUV DAN ,0,hiya stu wot im much truble home moment evone hates even wot hell av done wont tell text bck please luv dan
ham,NONE!NOWHERE IKNO DOESDISCOUNT!SHITINNIT,0,none nowhere ikno doesdiscount shitinnit
spam,"As a valued customer, I am pleased to advise you that following recent review of your Mob No. you are awarded with a £1500 Bonus Prize, call 09066364589",1,valued customer pleased advise following recent review mob awarded bonus prize call
ham,Its  &lt;#&gt; k here oh. Should i send home for sale.,0,lt gt oh send home sale
ham,Thats cool princess! I will cover your face in hot sticky cum :),0,thats cool princess cover face hot sticky cum
ham,YO YO YO BYATCH WHASSUP?,0,yo yo yo byatch whassup
spam,You are a winner you have been specially selected to receive £1000 cash or a £2000 award. Speak to a live operator to claim call 087123002209am-7pm. Cost 10p,1,winner specially selected receive cash award speak live operator claim call pm cost
ham,Aiyah e rain like quite big leh. If drizzling i can at least run home.,0,aiyah rain like quite big leh drizzling least run home
ham,"It's not that you make me cry. It's just that when all our stuff happens on top of everything else, it pushes me over the edge. You don't underdtand how often i cry over my sorry, sorry life.",0,make cry stuff happens top everything else pushes edge underdtand often cry sorry sorry life
ham,Yar... I tot u knew dis would happen long ago already.,0,yar tot knew dis would happen long ago already
ham,I wan but too early lei... Me outside now wun b home so early... Neva mind then...,0,wan early lei outside wun home early neva mind
ham,Just glad to be talking to you.,0,glad talking
ham,Lol your always so convincing.,0,lol always convincing
ham,"Idk. You keep saying that you're not, but since he moved, we keep butting heads over freedom vs. responsibility. And i'm tired. I have so much other shit to deal with that i'm barely keeping myself together once this gets added to it.",0,idk keep saying since moved keep butting heads freedom vs responsibility tired much shit deal barely keeping together gets added
ham,Got it. Seventeen pounds for seven hundred ml – hope ok.,0,got seventeen pounds seven hundred ml hope ok
ham,Shb b ok lor... Thanx...,0,shb ok lor thanx
ham,Raji..pls do me a favour. Pls convey my Birthday wishes to Nimya. Pls. Today is her birthday.,0,raji pls favour pls convey birthday wishes nimya pls today birthday
ham,"Looks like you found something to do other than smoke, great job!",0,looks like found something smoke great job
ham,Kindly send some one to our flat before  &lt;DECIMAL&gt;  today.,0,kindly send one flat lt decimal gt today
spam,"Someone U know has asked our dating service 2 contact you! Cant Guess who? CALL 09058097189 NOW all will be revealed. POBox 6, LS15HB 150p ",1,someone know asked dating service contact cant guess call revealed pobox ls hb
ham,Hai priya are you right. What doctor said pa. Where are you.,0,hai priya right doctor said pa
ham,"How are you, my Love ? Are you with your brother ? Time to talk english with him ? *grins* Say : Hey Muhommad, Penny says hello from across the sea",0,love brother time talk english grins say hey muhommad penny says hello across sea
spam,"FreeMsg Why haven't you replied to my text? I'm Randy, sexy, female and live local. Luv to hear from u. Netcollex Ltd 08700621170150p per msg reply Stop to end",1,freemsg replied text randy sexy female live local luv hear netcollex ltd per msg reply stop end
ham,Looks like u wil b getting a headstart im leaving here bout 2.30ish but if u r desperate for my company I could head in earlier-we were goin to meet in rummer.,0,looks like wil getting headstart im leaving bout ish desperate company could head earlier goin meet rummer
spam,"UpgrdCentre Orange customer, you may now claim your FREE CAMERA PHONE upgrade for your loyalty. Call now on 0207 153 9153. Offer ends 26th July. T&C's apply. Opt-out available",1,upgrdcentre orange customer may claim free camera phone upgrade loyalty call offer ends th july apply opt available
ham,Easy ah?sen got selected means its good..,0,easy ah sen got selected means good
ham,"Thursday night? Yeah, sure thing, we'll work it out then",0,thursday night yeah sure thing work
spam,You have an important customer service announcement. Call FREEPHONE 0800 542 0825 now!,1,important customer service announcement call freephone
ham,Noooooooo please. Last thing I need is stress. For once in your life be fair.,0,noooooooo please last thing need stress life fair
ham,"Solve d Case : A Man Was Found Murdered On  &lt;DECIMAL&gt; . &lt;#&gt;  AfterNoon. 1,His wife called Police. 2,Police questioned everyone. 3,Wife: Sir,I was sleeping, when the murder took place. 4.Cook: I was cooking. 5.Gardener: I was picking vegetables. 6.House-Maid: I went 2 d post office. 7.Children: We went 2 play. 8.Neighbour: We went 2 a marriage. Police arrested d murderer Immediately. Who's It? Reply With Reason, If U r Brilliant.",0,solve case man found murdered lt decimal gt lt gt afternoon wife called police police questioned everyone wife sir sleeping murder took place cook cooking gardener picking vegetables house maid went post office children went play neighbour went marriage police arrested murderer immediately reply reason brilliant
ham,"I'll get there at 3, unless you guys want me to come some time sooner",0,get unless guys want come time sooner
ham,Probably money worries. Things are coming due and i have several outstanding invoices for work i did two and three months ago.,0,probably money worries things coming due several outstanding invoices work two three months ago
ham,I have to take exam with in march 3,0,take exam march
spam,Please call our customer service representative on 0800 169 6031 between 10am-9pm as you have WON a guaranteed £1000 cash or £5000 prize!,1,please call customer service representative pm guaranteed cash prize
ham,Am going to take bath ill place the key in window:-),0,going take bath ill place key window
ham,Speaking of does he have any cash yet?,0,speaking cash yet
ham,You know there is. I shall speak to you in  &lt;#&gt;  minutes then,0,know shall speak lt gt minutes
ham,Thts god's gift for birds as humans hav some natural gift frm god..,0,thts god gift birds humans hav natural gift frm god
ham,It has issues right now. Ill fix for her by tomorrow.,0,issues right ill fix tomorrow
ham,"Hi, can i please get a  &lt;#&gt;  dollar loan from you. I.ll pay you back by mid february. Pls.",0,hi please get lt gt dollar loan pay back mid february pls
ham,Ü predict wat time ü'll finish buying?,0,predict wat time finish buying
ham,"My painful personal thought- ""I always try to keep everybody happy all the time. But nobody recognises me when i am alone""",0,painful personal thought always try keep everybody happy time nobody recognises alone
ham,"Japanese Proverb: If one Can do it, U too Can do it, If none Can do it,U must do it Indian version: If one Can do it, LET HIM DO it.. If none Can do it,LEAVE it!! And finally Kerala version: If one can do it, Stop him doing it.. If none can do it, Make a strike against it ...",0,japanese proverb one none must indian version one let none leave finally kerala version one stop none make strike
ham,"Huh... Hyde park not in mel ah, opps, got confused... Anyway, if tt's e best choice den we juz have to take it...",0,huh hyde park mel ah opps got confused anyway tt best choice den juz take
ham,I to am looking forward to all the sex cuddling.. Only two more sleeps ,0,looking forward sex cuddling two sleeps
ham,Ok lor. I ned 2 go toa payoh 4 a while 2 return smth u wan 2 send me there or wat?,0,ok lor ned go toa payoh return smth wan send wat
ham,Hey you gave them your photo when you registered for driving ah? Tmr wanna meet at yck? ,0,hey gave photo registered driving ah tmr wan na meet yck
ham,"Ugh y can't u just apologize, admit u were wrong and ask me to take u back?",0,ugh apologize admit wrong ask take back
spam,"Had your contract mobile 11 Mnths? Latest Motorola, Nokia etc. all FREE! Double Mins & Text on Orange tariffs. TEXT YES for callback, no to remove from records",1,contract mobile mnths latest motorola nokia etc free double mins text orange tariffs text yes callback remove records
ham,I've been searching for the right words to thank you for this breather. I promise i wont take your help for granted and will fulfil my promise. You have been wonderful and a blessing at all times.,0,searching right words thank breather promise wont take help granted fulfil promise wonderful blessing times
ham,"Also north carolina and texas atm, you would just go to the gre site and pay for the test results to be sent.",0,also north carolina texas atm would go gre site pay test results sent
ham,Dear got train and seat mine lower seat,0,dear got train seat mine lower seat
ham,Yes there were many sweets,0,yes many sweets
ham,Yupz... I've oredi booked slots 4 my weekends liao... ,0,yupz oredi booked slots weekends liao
ham,Kent vale lor... Ü wait 4 me there ar?,0,kent vale lor wait ar
ham,K..then come wenever u lik to come and also tel vikky to come by getting free time..:-),0,come wenever lik come also tel vikky come getting free time
ham,"Funny fact Nobody teaches volcanoes 2 erupt, tsunamis 2 arise, hurricanes 2 sway aroundn no 1 teaches hw 2 choose a wife Natural disasters just happens",0,funny fact nobody teaches volcanoes erupt tsunamis arise hurricanes sway aroundn teaches hw choose wife natural disasters happens
spam,Update_Now - 12Mths Half Price Orange line rental: 400mins...Call MobileUpd8 on 08000839402 or call2optout=J5Q,1,update mths half price orange line rental mins call mobileupd call optout
ham,LOOK AT THE FUCKIN TIME. WHAT THE FUCK YOU THINK IS UP,0,look fuckin time fuck think
ham,I havent lei.. Next mon can?,0,havent lei next mon
ham,Just trying to figure out when I'm suppose to see a couple different people this week. We said we'd get together but I didn't set dates,0,trying figure suppose see couple different people week said get together set dates
ham,Have a great trip to India. And bring the light to everyone not just with the project but with everyone that is lucky to see you smile. Bye. Abiola,0,great trip india bring light everyone project everyone lucky see smile bye abiola
ham,How much she payed. Suganya.,0,much payed suganya
ham,"I am real, baby! I want to bring out your inner tigress...",0,real baby want bring inner tigress
ham,Its worse if if uses half way then stops. Its better for him to complete it.,0,worse uses half way stops better complete
ham,"House-Maid is the murderer, coz the man was murdered on  &lt;#&gt; th January.. As public holiday all govt.instituitions are closed,including post office..understand?",0,house maid murderer coz man murdered lt gt th january public holiday govt instituitions closed including post office understand
ham,Hey they r not watching movie tonight so i'll prob b home early...,0,hey watching movie tonight prob home early
ham,In other news after hassling me to get him weed for a week andres has no money. HAUGHAIGHGTUJHYGUJ,0,news hassling get weed week andres money haughaighgtujhyguj
ham,Ooooooh I forgot to tell u I can get on yoville on my phone,0,ooooooh forgot tell get yoville phone
ham,Back in brum! Thanks for putting us up and keeping us all and happy. See you soon ,0,back brum thanks putting us keeping us happy see soon
ham,"I'd say that's a good sign but, well, you know my track record at reading women",0,say good sign well know track record reading women
spam,XMAS Prize draws! We are trying to contact U. Todays draw shows that you have won a £2000 prize GUARANTEED. Call 09058094565 from land line. Valid 12hrs only,1,xmas prize draws trying contact todays draw shows prize guaranteed call land line valid hrs
ham,Okay name ur price as long as its legal! Wen can I pick them up? Y u ave x ams xx,0,okay name ur price long legal wen pick ave ams xx
spam,You have an important customer service announcement from PREMIER.,1,important customer service announcement premier
ham,Left dessert. U wan me 2 go suntec look 4 u?,0,left dessert wan go suntec look
ham,"Faith makes things possible,Hope makes things work,Love makes things beautiful,May you have all three this Christmas!Merry Christmas!",0,faith makes things possible hope makes things work love makes things beautiful may three christmas merry christmas
ham,Msg me when rajini comes.,0,msg rajini comes
spam,"Final Chance! Claim ur £150 worth of discount vouchers today! Text YES to 85023 now! SavaMob, member offers mobile! T Cs SavaMob POBOX84, M263UZ. £3.00 Subs 16",1,final chance claim ur worth discount vouchers today text yes savamob member offers mobile cs savamob pobox uz subs
ham,"Hmmm ... And imagine after you've come home from that having to rub my feet, make me dinner and help me get ready for my date ! Are you sure your ready for that kind of life ?",0,hmmm imagine come home rub feet make dinner help get ready date sure ready kind life
ham,Hhahhaahahah rofl wtf nig was leonardo in your room or something,0,hhahhaahahah rofl wtf nig leonardo room something
ham,I'm at home. Please call,0,home please call
ham,Then anything special?,0,anything special
ham,Hello hun how ru? Its here by the way. Im good. Been on 2 dates with that guy i met in walkabout so far. We have to meet up soon. Hows everyone else?,0,hello hun ru way im good dates guy met walkabout far meet soon hows everyone else
ham,Do you like Italian food?,0,like italian food
ham,Yes. Rent is very expensive so its the way we save.,0,yes rent expensive way save
ham,"naughty little thought: 'its better to flirt, flirt n flirt, rather than loving someone n gettin hurt, hurt n hurt...:-) Gud nyt",0,naughty little thought better flirt flirt flirt rather loving someone gettin hurt hurt hurt gud nyt
ham,What does the dance river do?,0,dance river
spam,"FreeMsg Hey U, i just got 1 of these video/pic fones, reply WILD to this txt & ill send U my pics, hurry up Im so bored at work xxx (18 150p/rcvd STOP2stop)",1,freemsg hey got video pic fones reply wild txt ill send pics hurry im bored work xxx rcvd stop stop
ham,Did u receive my msg?,0,receive msg
ham,Be happy there. I will come after noon,0,happy come noon
ham,No da. . Vijay going to talk in jaya tv,0,da vijay going talk jaya tv
ham,"Nice. Wait...should you be texting right now? I'm not gonna pay your ticket, ya know!",0,nice wait texting right gon na pay ticket ya know
ham,"Beautiful Truth against Gravity.. Read carefully: ""Our heart feels light when someone is in it.. But it feels very heavy when someone leaves it.."" GOODMORNING",0,beautiful truth gravity read carefully heart feels light someone feels heavy someone leaves goodmorning
ham,Fffff. Can you text kadeem or are you too far gone,0,fffff text kadeem far gone
ham,I had a good time too. Its nice to do something a bit different with my weekends for a change. See ya soon,0,good time nice something bit different weekends change see ya soon
ham,Carry on not disturbing both of you,0,carry disturbing
ham,K.:)you are the only girl waiting in reception ah?,0,girl waiting reception ah
ham,From someone not to smoke when every time I've smoked in the last two weeks is because of you calling or texting me that you wanted to smoke,0,someone smoke every time smoked last two weeks calling texting wanted smoke
ham,Stop knowing me so well!,0,stop knowing well
ham,Hurt me... Tease me... Make me cry... But in the end of my life when i die plz keep one rose on my grave and say STUPID I MISS U.. HAVE A NICE DAY BSLVYL,0,hurt tease make cry end life die plz keep one rose grave say stupid miss nice day bslvyl
ham,"Sorry about earlier. Putting out fires.Are you around to talk after 9? Or do you actually have a life, lol!",0,sorry earlier putting fires around talk actually life lol
ham,I got a call from a landline number. . . I am asked to come to anna nagar . . . I will go in the afternoon,0,got call landline number asked come anna nagar go afternoon
ham,"Did I forget to tell you ? I want you , I need you, I crave you ... But most of all ... I love you my sweet Arabian steed ... Mmmmmm ... Yummy",0,forget tell want need crave love sweet arabian steed mmmmmm yummy
ham,Daddy will take good care of you :),0,daddy take good care
ham,Nobody can decide where to eat and dad wants Chinese,0,nobody decide eat dad wants chinese
ham,Ofcourse I also upload some songs,0,ofcourse also upload songs
spam,Dear Dave this is your final notice to collect your 4* Tenerife Holiday or #5000 CASH award! Call 09061743806 from landline. TCs SAE Box326 CW25WX 150ppm,1,dear dave final notice collect tenerife holiday cash award call landline tcs sae box cw wx ppm
ham,Ok... Help me ask if she's working tmr a not?,0,ok help ask working tmr
ham,"Gosh that , what a pain. Spose I better come then.",0,gosh pain spose better come
ham,Your right! I'll make the appointment right now.,0,right make appointment right
spam,PRIVATE! Your 2003 Account Statement for shows 800 un-redeemed S. I. M. points. Call 08715203652 Identifier Code: 42810 Expires 29/10/0,1,private account statement shows un redeemed points call identifier code expires
ham,Never y lei... I v lazy... Got wat? Dat day ü send me da url cant work one...,0,never lei lazy got wat dat day send da url cant work one
ham,But i juz remembered i gotta bathe my dog today..,0,juz remembered got ta bathe dog today
ham,Ok lor ü reaching then message me.,0,ok lor reaching message
ham,I'm not sure if its still available though,0,sure still available though
ham,Yes..gauti and sehwag out of odi series.,0,yes gauti sehwag odi series
ham,Am not interested to do like that.,0,interested like
ham,"God picked up a flower and dippeditinaDEW, lovingly touched itwhichturnedinto u, and the he gifted tomeandsaid,THIS FRIEND IS 4U",0,god picked flower dippeditinadew lovingly touched itwhichturnedinto gifted tomeandsaid friend
ham,Hope youre not having too much fun without me!! see u tomorrow love jess x,0,hope much fun without see tomorrow love jess
ham,"you are sweet as well, princess. Please tell me your likes and dislikes in bed...",0,sweet well princess please tell likes dislikes bed
ham,Eek that's a lot of time especially since American Pie is like 8 minutes long. I can't stop singing it.,0,eek lot time especially since american pie like minutes long stop singing
ham,How r ü going to send it to me?,0,going send
ham,Yar lor... How u noe? U used dat route too?,0,yar lor noe used dat route
ham,Thanks for looking out for me. I really appreciate.,0,thanks looking really appreciate
spam,Send a logo 2 ur lover - 2 names joined by a heart. Txt LOVE NAME1 NAME2 MOBNO eg LOVE ADAM EVE 07123456789 to 87077 Yahoo! POBox36504W45WQ TxtNO 4 no ads 150p,1,send logo ur lover names joined heart txt love name name mobno eg love adam eve yahoo pobox wq txtno ads
ham,HEY DAS COOL... IKNOW ALL 2 WELLDA PERIL OF STUDENTFINANCIAL CRISIS!SPK 2 U L8R.,0,hey das cool iknow wellda peril studentfinancial crisis spk
ham,Wat's my dear doing? Sleeping ah?,0,wat dear sleeping ah
ham,Miles and smiles r made frm same letters but do u know d difference..? smile on ur face keeps me happy even though I am miles away from u.. :-)keep smiling.. Good nyt,0,miles smiles made frm letters know difference smile ur face keeps happy even though miles away keep smiling good nyt
ham,Sounds like you have many talents! would you like to go on a dinner date next week?,0,sounds like many talents would like go dinner date next week
ham,Yeah do! Don‘t stand to close tho- you‘ll catch something!,0,yeah stand close tho catch something
ham,I think it's all still in my car,0,think still car
ham,Aiyah u did ok already lar. E nydc at wheellock?,0,aiyah ok already lar nydc wheellock
ham,I'm aight. Wat's happening on your side.,0,aight wat happening side
ham,Send his number and give reply tomorrow morning for why you said that to him like that ok,0,send number give reply tomorrow morning said like ok
ham,Hey next sun 1030 there's a basic yoga course... at bugis... We can go for that... Pilates intro next sat.... Tell me what time you r free,0,hey next sun basic yoga course bugis go pilates intro next sat tell time free
ham,I remain unconvinced that this isn't an elaborate test of my willpower,0,remain unconvinced elaborate test willpower
ham,Hahaha..use your brain dear,0,hahaha use brain dear
ham,You give us back my id proof and  &lt;#&gt;  rs. We wont allow you to work. We will come to your home within days,0,give us back id proof lt gt rs wont allow work come home within days
ham,Nah dub but je still buff,0,nah dub je still buff
ham,:-( that's not v romantic!,0,romantic
ham,Doing project w frens lor. ,0,project frens lor
spam,Your credits have been topped up for http://www.bubbletext.com Your renewal Pin is tgxxrz,1,credits topped http www bubbletext com renewal pin tgxxrz
ham,"U so lousy, run already come back then half dead... Hee...",0,lousy run already come back half dead hee
ham,Then ü ask dad to pick ü up lar... Ü wan 2 stay until 6 meh...,0,ask dad pick lar wan stay meh
ham,Yo chad which gymnastics class do you wanna take? The site says Christians class is full..,0,yo chad gymnastics class wan na take site says christians class full
ham,"life alle mone,eppolum oru pole allalo",0,life alle mone eppolum oru pole allalo
spam,FROM 88066 LOST £12 HELP,1,lost help
ham,"Hi the way I was with u 2day, is the normal way&this is the real me. UR unique&I hope I know u 4 the rest of mylife. Hope u find wot was lost.",0,hi way day normal way real ur unique hope know rest mylife hope find wot lost
ham,Of course. I guess god's just got me on hold right now.,0,course guess god got hold right
ham,Jus telling u dat i'll b leaving 4 shanghai on 21st instead so we'll haf more time 2 meet up cya...,0,jus telling dat leaving shanghai st instead haf time meet cya
ham,Why i come in between you people,0,come people
ham,Its a valentine game. . . Send dis msg to all ur friends. .. If 5 answers r d same then someone really loves u. Ques- which colour suits me the best?rply me,0,valentine game send dis msg ur friends answers someone really loves ques colour suits best rply
spam,Great News! Call FREEFONE 08006344447 to claim your guaranteed £1000 CASH or £2000 gift. Speak to a live operator NOW!,1,great news call freefone claim guaranteed cash gift speak live operator
ham,"Haha good to hear, I'm officially paid and on the market for an 8th",0,haha good hear officially paid market th
ham,Just getting back home,0,getting back home
ham,Me too. Mark is taking forever to pick up my prescription and the pain is coming back.,0,mark taking forever pick prescription pain coming back
ham,You will be in the place of that man,0,place man
ham,"Haha just kidding, papa needs drugs",0,haha kidding papa needs drugs
ham,"Honey ? Sweetheart ? Darling ? Sexy buns ? Sugar plum ? Loverboy ? I miss you, boytoy ... *smacks your ass* Did you go to the gym too ?",0,honey sweetheart darling sexy buns sugar plum loverboy miss boytoy smacks ass go gym
ham,She's good. How are you. Where r u working now,0,good working
ham,K:)k:)good:)study well.,0,good study well
ham,How is your schedule next week? I am out of town this weekend.,0,schedule next week town weekend
ham,"Not really dude, have no friends i'm afraid :(",0,really dude friends afraid
ham,It took Mr owl 3 licks,0,took mr owl licks
ham,Dare i ask... Any luck with sorting out the car?,0,dare ask luck sorting car
ham,Oh ya ya. I remember da. .,0,oh ya ya remember da
ham,Check with nuerologist.,0,check nuerologist
ham,Yeah like if it goes like it did with my friends imma flip my shit in like half an hour,0,yeah like goes like friends imma flip shit like half hour
ham,Ugh. Gotta drive back to sd from la. My butt is sore.,0,ugh got ta drive back sd la butt sore
ham,excellent. I spent  &lt;#&gt;  years in the Air Force. Iraq and afghanistan. I am stable and honest. do you like traveling?,0,excellent spent lt gt years air force iraq afghanistan stable honest like traveling
ham,Are u coming to the funeral home,0,coming funeral home
ham,Gud ni8 dear..slp well..take care..swt dreams..Muah..,0,gud ni dear slp well take care swt dreams muah
ham,Ya just telling abt tht incident..,0,ya telling abt tht incident
ham,Please ask mummy to call father,0,please ask mummy call father
ham,Ard 530 lor. I ok then message ü lor.,0,ard lor ok message lor
ham,Just sleeping..and surfing,0,sleeping surfing
ham,Aight well keep me informed,0,aight well keep informed
ham,Ha ha ha good joke. Girls are situation seekers.,0,ha ha ha good joke girls situation seekers
ham,Hello-/@drivby-:0quit edrunk sorry iff pthis makes no senrd-dnot no how ^ dancce 2 drum n basq!ihave fun 2nhite x ros xxxxxxx,0,hello drivby quit edrunk sorry iff pthis makes senrd dnot dancce drum basq ihave fun nhite ros xxxxxxx
ham,Dear umma she called me now :-),0,dear umma called
ham,Nvm it's ok...,0,nvm ok
ham,We are both fine. Thanks,0,fine thanks
ham,"Dear, will call Tmorrow.pls accomodate.",0,dear call tmorrow pls accomodate
ham,Usually the body takes care of it buy making sure it doesnt progress. Can we pls continue this talk on saturday.,0,usually body takes care buy making sure doesnt progress pls continue talk saturday
ham,Ya that one is slow as poo,0,ya one slow poo
ham,"Oh, yes, I've just been a little under the weather so i've kind of been coccooning at home",0,oh yes little weather kind coccooning home
ham,Argh why the fuck is nobody in town ;_;,0,argh fuck nobody town
ham,"The fact that you're cleaning shows you know why i'm upset. Your priority is constantly ""what i want to do,"" not ""what i need to do.""",0,fact cleaning shows know upset priority constantly want need
ham,Huh so late... Fr dinner?,0,huh late fr dinner
ham,This message is from a great Doctor in India:-): 1) Do not drink APPY FIZZ. It contains Cancer causing age,0,message great doctor india drink appy fizz contains cancer causing age
ham,Sitting in mu waiting for everyone to get out of my suite so I can take a shower,0,sitting mu waiting everyone get suite take shower
ham,I sent them. Do you like?,0,sent like
ham,No she didnt. I will search online and let you know.,0,didnt search online let know
ham,Shuhui say change 2 suntec steamboat? U noe where? Where r u now?,0,shuhui say change suntec steamboat noe
ham,i dnt wnt to tlk wid u,0,dnt wnt tlk wid
ham,I dont know what to do to come out of this so only am ask questions like this dont mistake me.,0,dont know come ask questions like dont mistake
ham,"I'll see, but prolly yeah",0,see prolly yeah
ham,What should i eat fo lunch senor,0,eat fo lunch senor
ham,She.s fine. I have had difficulties with her phone. It works with mine. Can you pls send her another friend request.,0,fine difficulties phone works mine pls send another friend request
ham,"Only just got this message, not ignoring you. Yes, i was. Shopping that is",0,got message ignoring yes shopping
ham,I'm always on yahoo messenger now. Just send the message to me and i.ll get it you may have to send it in the mobile mode sha but i.ll get it. And will reply.,0,always yahoo messenger send message get may send mobile mode sha get reply
spam,Free Top ringtone -sub to weekly ringtone-get 1st week free-send SUBPOLY to 81618-?3 per week-stop sms-08718727870,1,free top ringtone sub weekly ringtone get st week free send subpoly per week stop sms
ham,Just normal only here :),0,normal
ham,Anything is valuable in only 2 situations: First- Before getting it... Second- After loosing it...,0,anything valuable situations first getting second loosing
ham,"I didnt get ur full msg..sometext is missing, send it again",0,didnt get ur full msg sometext missing send
ham,Hey you told your name to gautham ah?,0,hey told name gautham ah
ham,Yup,0,yup
spam,Had your mobile 11 months or more? U R entitled to Update to the latest colour mobiles with camera for Free! Call The Mobile Update Co FREE on 08002986030,1,mobile months entitled update latest colour mobiles camera free call mobile update co free
spam,Ur HMV Quiz cash-balance is currently £500 - to maximize ur cash-in now send HMV1 to 86688 only 150p/msg,1,ur hmv quiz cash balance currently maximize ur cash send hmv msg
ham,Small problem in auction:)punj now asking tiwary,0,small problem auction punj asking tiwary
ham,"Aight, can you text me the address?",0,aight text address
ham,Apo all other are mokka players only,0,apo mokka players
ham,"Theoretically yeah, he could be able to come",0,theoretically yeah could able come
ham,"Coffee cake, i guess...",0,coffee cake guess
ham,"You are always putting your business out there. You put pictures of your ass on facebook. You are one of the most open people i've ever met. Why would i think a picture of your room would hurt you, make you feel violated.",0,always putting business put pictures ass facebook one open people ever met would think picture room would hurt make feel violated
ham,Not getting anywhere with this damn job hunting over here!,0,getting anywhere damn job hunting
ham,Think + da. You wil do.,0,think da wil
ham,What's up. Do you want me to come online?,0,want come online
spam,"complimentary 4 STAR Ibiza Holiday or £10,000 cash needs your URGENT collection. 09066364349 NOW from Landline not to lose out! Box434SK38WP150PPM18+",1,complimentary star ibiza holiday cash needs urgent collection landline lose box sk wp ppm
ham,Hmmm.but you should give it on one day..,0,hmmm give one day
ham,V nice! Off 2 sheffield tom 2 air my opinions on categories 2 b used 2 measure ethnicity in next census. Busy transcribing. :-),0,nice sheffield tom air opinions categories used measure ethnicity next census busy transcribing
ham,Man this bus is so so so slow. I think you're gonna get there before me,0,man bus slow think gon na get
ham,O was not into fps then.,0,fps
ham,Lol boo I was hoping for a laugh,0,lol boo hoping laugh
ham,I'm wif him now buying tix lar...,0,wif buying tix lar
ham,Moji just informed me that you saved our lives. Thanks.,0,moji informed saved lives thanks
ham,Geeeee ... I love you so much I can barely stand it,0,geeeee love much barely stand
ham,But you were together so you should be thinkin about him,0,together thinkin
ham,Ok lor then we go tog lor...,0,ok lor go tog lor
ham,Ok i am on the way to home hi hi,0,ok way home hi hi
spam,"Hello from Orange. For 1 month's free access to games, news and sport, plus 10 free texts and 20 photo messages, reply YES. Terms apply: www.orange.co.uk/ow",1,hello orange month free access games news sport plus free texts photo messages reply yes terms apply www orange co uk ow
spam,You are awarded a SiPix Digital Camera! call 09061221061 from landline. Delivery within 28days. T Cs Box177. M221BP. 2yr warranty. 150ppm. 16 . p p£3.99,1,awarded sipix digital camera call landline delivery within days cs box bp yr warranty ppm
ham,That's cause your old. I live to be high.,0,cause old live high
spam,New TEXTBUDDY Chat 2 horny guys in ur area 4 just 25p Free 2 receive Search postcode or at gaytextbuddy.com. TXT ONE name to 89693,1,new textbuddy chat horny guys ur area free receive search postcode gaytextbuddy com txt one name
spam,URGENT! We are trying to contact you. Last weekends draw shows that you have won a £900 prize GUARANTEED. Call 09061701851. Claim code K61. Valid 12hours only,1,urgent trying contact last weekends draw shows prize guaranteed call claim code valid hours
ham,Idea will soon get converted to live:),0,idea soon get converted live
ham,What time you think you'll have it? Need to know when I should be near campus,0,time think need know near campus
spam,Valentines Day Special! Win over £1000 in our quiz and take your partner on the trip of a lifetime! Send GO to 83600 now. 150p/msg rcvd. CustCare:08718720201,1,valentines day special win quiz take partner trip lifetime send go msg rcvd custcare
ham,Wait.i will come out.. &lt;#&gt;  min:),0,wait come lt gt min
ham,Networking job is there.,0,networking job
ham,No messages on her phone. I'm holding it now,0,messages phone holding
ham,Then its most likely called Mittelschmertz. Google it. If you dont have paracetamol dont worry it will go.,0,likely called mittelschmertz google dont paracetamol dont worry go
ham,Hello. They are going to the village pub at 8 so either come here or there accordingly. Ok?,0,hello going village pub either come accordingly ok
spam,FREE for 1st week! No1 Nokia tone 4 ur mob every week just txt NOKIA to 8007 Get txting and tell ur mates www.getzed.co.uk POBox 36504 W45WQ norm150p/tone 16+,1,free st week nokia tone ur mob every week txt nokia get txting tell ur mates www getzed co uk pobox wq norm tone
ham,"I wake up long ago already... Dunno, what other thing?",0,wake long ago already dunno thing
spam,Well done ENGLAND! Get the official poly ringtone or colour flag on yer mobile! text TONE or FLAG to 84199 NOW! Opt-out txt ENG STOP. Box39822 W111WX £1.50,1,well done england get official poly ringtone colour flag yer mobile text tone flag opt txt eng stop box wx
ham,Today is ACCEPT DAY..U Accept me as? Brother Sister Lover Dear1 Best1 Clos1 Lvblefrnd Jstfrnd Cutefrnd Lifpartnr Belovd Swtheart Bstfrnd No rply means enemy,0,today accept day accept brother sister lover dear best clos lvblefrnd jstfrnd cutefrnd lifpartnr belovd swtheart bstfrnd rply means enemy
ham,I want to sent  &lt;#&gt; mesages today. Thats y. Sorry if i hurts,0,want sent lt gt mesages today thats sorry hurts
ham,Love that holiday Monday feeling even if I have to go to the dentists in an hour,0,love holiday monday feeling even go dentists hour
ham,Sday only joined.so training we started today:),0,sday joined training started today
ham,Juz go google n search 4 qet...,0,juz go google search qet
ham,"I wonder if your phone battery went dead ? I had to tell you, I love you babe",0,wonder phone battery went dead tell love babe
ham,Will ü b going to esplanade fr home?,0,going esplanade fr home
spam,"In The Simpsons Movie released in July 2007 name the band that died at the start of the film? A-Green Day, B-Blue Day, C-Red Day. (Send A, B or C)",1,simpsons movie released july name band died start film green day blue day red day send
ham,"Mmmmmm ... I love you,so much, Ahmad ... I can't wait for this year to begin as every second takes me closer to being at your side. Happy New Year, my love!!",0,mmmmmm love much ahmad wait year begin every second takes closer side happy new year love
ham,"Multiply the numbers independently and count decimal points then, for the division, push the decimal places like i showed you.",0,multiply numbers independently count decimal points division push decimal places like showed
ham,"Yes, my reg is  Ciao!",0,yes reg ciao
ham,Ok then i will come to ur home after half an hour,0,ok come ur home half hour
ham,Dear i have reache room,0,dear reache room
ham,Awww dat is sweet! We can think of something to do he he! Have a nice time tonight ill probably txt u later cos im lonely :( xxx.,0,awww dat sweet think something nice time tonight ill probably txt later cos im lonely xxx
ham,"Just wondering, the others just took off",0,wondering others took
spam,Want 2 get laid tonight? Want real Dogging locations sent direct 2 ur Mob? Join the UK's largest Dogging Network by txting MOAN to 69888Nyt. ec2a. 31p.msg@150p,1,want get laid tonight want real dogging locations sent direct ur mob join uk largest dogging network txting moan nyt ec msg
ham,"Hey sorry I didntgive ya a a bellearlier hunny,just been in bedbut mite go 2 thepub l8tr if uwana mt up?loads a luv Jenxxx.",0,hey sorry didntgive ya bellearlier hunny bedbut mite go thepub tr uwana mt loads luv jenxxx
spam,How about getting in touch with folks waiting for company? Just txt back your NAME and AGE to opt in! Enjoy the community (150p/SMS),1,getting touch folks waiting company txt back name age opt enjoy community sms
ham,I dont want to hear anything,0,dont want hear anything
ham,Have a good evening! Ttyl,0,good evening ttyl
spam,Please call Amanda with regard to renewing or upgrading your current T-Mobile handset free of charge. Offer ends today. Tel 0845 021 3680 subject to T's and C's,1,please call amanda regard renewing upgrading current mobile handset free charge offer ends today tel subject
ham,Ok ill tell the company,0,ok ill tell company
ham,"That's the trouble with classes that go well - you're due a dodgey one … Expecting mine tomo! See you for recovery, same time, same place ",0,trouble classes go well due dodgey one expecting mine tomo see recovery time place
ham,No problem. How are you doing?,0,problem
ham,K..k.:)congratulation ..,0,congratulation
ham,Send me yetty's number pls.,0,send yetty number pls
spam,Show ur colours! Euro 2004 2-4-1 Offer! Get an England Flag & 3Lions tone on ur phone! Click on the following service message for info!,1,show ur colours euro offer get england flag lions tone ur phone click following service message info
ham,Well done and ! luv ya all ,0,well done luv ya
spam,SMS AUCTION - A BRAND NEW Nokia 7250 is up 4 auction today! Auction is FREE 2 join & take part! Txt NOKIA to 86021 now!,1,sms auction brand new nokia auction today auction free join take part txt nokia
ham,I accidentally brought em home in the box,0,accidentally brought em home box
ham,"Whenevr ur sad, Whenevr ur gray, Remembr im here 2 listn 2 watevr u wanna say, Jus walk wid me a little while,&amp; I promise I'll bring back ur smile.:-)",0,whenevr ur sad whenevr ur gray remembr im listn watevr wan na say jus walk wid little amp promise bring back ur smile
ham,Hmm ill have to think about it... ok you're forgiven! =D,0,hmm ill think ok forgiven
ham,Slaaaaave ! Where are you ? Must I summon you to me all the time now ? Don't you wish to come to me on your own anymore?,0,slaaaaave must summon time wish come anymore
spam,"Had your mobile 10 mths? Update to the latest Camera/Video phones for FREE. KEEP UR SAME NUMBER, Get extra free mins/texts. Text YES for a call",1,mobile mths update latest camera video phones free keep ur number get extra free mins texts text yes call
ham,"K I'm ready,  &lt;#&gt; ?",0,ready lt gt
ham,What makes you most happy?,0,makes happy
ham,Keep my payasam there if rinu brings,0,keep payasam rinu brings
ham,K:)i will give my kvb acc details:),0,give kvb acc details
spam,UR GOING 2 BAHAMAS! CallFREEFONE 08081560665 and speak to a live operator to claim either Bahamas cruise of£2000 CASH 18+only. To opt out txt X to 07786200117,1,ur going bahamas callfreefone speak live operator claim either bahamas cruise cash opt txt
ham,Love it! The girls at the office may wonder why you are smiling but sore...,0,love girls office may wonder smiling sore
spam,Moby Pub Quiz.Win a £100 High Street prize if u know who the new Duchess of Cornwall will be? Txt her first name to 82277.unsub STOP £1.50 008704050406 SP Arrow,1,moby pub quiz win high street prize know new duchess cornwall txt first name unsub stop sp arrow
ham,If you still havent collected the dough pls let me know so i can go to the place i sent it to get the control number,0,still havent collected dough pls let know go place sent get control number
spam,87077: Kick off a new season with 2wks FREE goals & news to ur mobile! Txt ur club name to 87077 eg VILLA to 87077,1,kick new season wks free goals news ur mobile txt ur club name eg villa
ham,"7 wonders in My WORLD 7th You 6th Ur style 5th Ur smile 4th Ur Personality 3rd Ur Nature 2nd Ur SMS and 1st ""Ur Lovely Friendship""... good morning dear",0,wonders world th th ur style th ur smile th ur personality rd ur nature nd ur sms st ur lovely friendship good morning dear
ham,U don't remember that old commercial?,0,remember old commercial
ham,Nice talking to you! please dont forget my pix :) i want to see all of you...,0,nice talking please dont forget pix want see
spam,Free entry in 2 a weekly comp for a chance to win an ipod. Txt POD to 80182 to get entry (std txt rate) T&C's apply 08452810073 for details 18+,1,free entry weekly comp chance win ipod txt pod get entry std txt rate apply details
ham,"Set a place for me in your heart and not in your mind, as the mind easily forgets but the heart will always remember. Wish you Happy Valentines Day!",0,set place heart mind mind easily forgets heart always remember wish happy valentines day
ham,K. I will sent it again,0,sent
ham,Yeah so basically any time next week you can get away from your mom &amp; get up before 3,0,yeah basically time next week get away mom amp get
spam,Collect your VALENTINE'S weekend to PARIS inc Flight & Hotel + £200 Prize guaranteed! Text: PARIS to No: 69101. www.rtf.sphosting.com,1,collect valentine weekend paris inc flight hotel prize guaranteed text paris www rtf sphosting com
ham,"Well imma definitely need to restock before thanksgiving, I'll let you know when I'm out",0,well imma definitely need restock thanksgiving let know
ham,Dear :-/ why you mood off. I cant drive so i brother to drive,0,dear mood cant drive brother drive
ham,K go and sleep well. Take rest:-).,0,go sleep well take rest
ham,She left it very vague. She just said she would inform the person in accounting about the delayed rent and that i should discuss with the housing agency about my renting another place. But checking online now and all places around usc are  &lt;#&gt;  and up,0,left vague said would inform person accounting delayed rent discuss housing agency renting another place checking online places around usc lt gt
ham,I will vote for wherever my heart guides me,0,vote wherever heart guides
ham,Badrith is only for chennai:)i will surely pick for us:)no competition for him.,0,badrith chennai surely pick us competition
ham,Were gonna go get some tacos,0,gon na go get tacos
ham,"Hey...Great deal...Farm tour 9am to 5pm $95/pax, $50 deposit by 16 May",0,hey great deal farm tour pm pax deposit may
ham,I will treasure every moment we spend together...,0,treasure every moment spend together
ham,Sounds great! Im going to sleep now. Have a good night!,0,sounds great im going sleep good night
ham,Wat ü doing now?,0,wat
ham,Wat r u doing?,0,wat
ham,No need lar i go engin? Cos my sis at arts today...,0,need lar go engin cos sis arts today
ham,Gain the rights of a wife.dont demand it.i am trying as husband too.Lets see,0,gain rights wife dont demand trying husband lets see
ham,Yes ammae....life takes lot of turns you can only sit and try to hold the steering...,0,yes ammae life takes lot turns sit try hold steering
spam,"Ur balance is now £600. Next question: Complete the landmark, Big, A. Bob, B. Barry or C. Ben ?. Text A, B or C to 83738. Good luck!",1,ur balance next question complete landmark big bob barry ben text good luck
ham,O i played smash bros  &lt;#&gt;  religiously.,0,played smash bros lt gt religiously
ham,I've reached sch already...,0,reached sch already
ham,"Aight, you close by or still down around alex's place?",0,aight close still around alex place
spam,Hi 07734396839 IBH Customer Loyalty Offer: The NEW NOKIA6600 Mobile from ONLY £10 at TXTAUCTION!Txt word:START to No:81151 & get Yours Now!4T&,1,hi ibh customer loyalty offer new nokia mobile txtauction txt word start get
spam,Ur cash-balance is currently 500 pounds - to maximize ur cash-in now send GO to 86688 only 150p/msg. CC 08718720201 HG/Suite342/2Lands Row/W1J6HL,1,ur cash balance currently pounds maximize ur cash send go msg cc hg suite lands row hl
ham,I am great princess! What are you thinking about me? :),0,great princess thinking
ham,"Thank you. And by the way, I just lost.",0,thank way lost
ham,Give me a sec to think think about it,0,give sec think think
ham,"Wen ur lovable bcums angry wid u, dnt take it seriously.. Coz being angry is d most childish n true way of showing deep affection, care n luv!.. kettoda manda... Have nice day da.",0,wen ur lovable bcums angry wid dnt take seriously coz angry childish true way showing deep affection care luv kettoda manda nice day da
ham,"You have come into my life and brought the sun ..Shiny down on me, warming my heart. Putting a constant smile on my face ... Making me feel loved and cared for",0,come life brought sun shiny warming heart putting constant smile face making feel loved cared
ham,Doesn't g have class early tomorrow and thus shouldn't be trying to smoke at  &lt;#&gt;,0,class early tomorrow thus trying smoke lt gt
spam,"REMINDER FROM O2: To get 2.50 pounds free call credit and details of great offers pls reply 2 this text with your valid name, house no and postcode",1,reminder get pounds free call credit details great offers pls reply text valid name house postcode
spam,You have 1 new message. Please call 08715205273,1,new message please call
ham,What * u wearing?,0,wearing
spam,This message is free. Welcome to the new & improved Sex & Dogging club! To unsubscribe from this service reply STOP. msgs@150p 18+only,1,message free welcome new improved sex dogging club unsubscribe service reply stop msgs
ham,For fear of fainting with the of all that housework you just did? Quick have a cuppa,0,fear fainting housework quick cuppa
ham,"Hmmm... Guess we can go 4 kb n power yoga... Haha, dunno we can tahan power yoga anot... Thk got lo oso, forgot liao...",0,hmmm guess go kb power yoga haha dunno tahan power yoga anot thk got lo oso forgot liao
ham,I will see in half an hour,0,see half hour
spam,"You have been selected to stay in 1 of 250 top British hotels - FOR NOTHING! Holiday Worth £350! To Claim, Call London 02072069400. Bx 526, SW73SS",1,selected stay top british hotels nothing holiday worth claim call london bx sw ss
ham,I've reached home finally...,0,reached home finally
ham,So li hai... Me bored now da lecturer repeating last weeks stuff waste time... ,0,li hai bored da lecturer repeating last weeks stuff waste time
